product_number,ingredients_smiles,review
10311245,"['C[Si](C)(C)O[Si](C)(C)O[Si](C)(C)C', 'CC1=C(C(CCC1)(C)C)C=CC(=CC=CC(=CC=CC=C(C)C=CC=C(C)C=CC2=C(CCCC2(C)C)C)C)C']",4.6
10317639,"['O', 'CC(CO)O', 'CCCCCCCCCCCCCCCCCCO.CCCCCCCCCCCCCCCCO', 'CCCCCCCCCCCCCCCCCC(=O)OCCCCCCCCCCCCCC(C)C', 'CCCCCCCCCCCCCCCC(=O)OCCCCCCCCCCCCCCCC(C)C', 'C=CC(=O)O', 'CCCCCCCCCCCCCCCCCC(=O)OCC(CO)O', 'C(CO)N(CCO)CCO', 'C(CN(CC(=O)O)CC(=O)O)N(CC(=O)O)CC(=O)O', 'COC(=O)C1=CC=C(C=C1)O']",4.4
10322150,"['O', 'C[Si](C)(C)O[Si](C)(C)O[Si](C)(C)C', 'C(C(CO)O)O', 'C=CC(=O)N', 'C=C', 'C1(C(=O)NC(=O)N1)NC(=O)N', 'CC1(C(=O)N(C(=O)N1CO)CO)C', 'C=CC(=O)O', 'CC(C)(CO)N', 'C(CN(CC(=O)O)CC(=O)O)N(CC(=O)O)CC(=O)O', 'CCCCNC(=O)OCC#CI', 'CCCCCCCCCCCCOCCOCCOCCOCCOCCOCCOCCO', 'CC1=CC(=C(C=C1S(=O)(=O)[O-])OC)N=NC2=C(C=CC3=C2C=CC(=C3)S(=O)(=O)[O-])O.[Na+].[Na+]', 'C1=CC(=CC=C1N=NC2C(=NN(C2=O)C3=CC=C(C=C3)S(=O)(=O)[O-])C(=O)[O-])S(=O)(=O)[O-].[Na+].[Na+].[Na+]']",4.7
10322179,"['O', 'C(C(CO)O)O', 'CCCCCCCCCCCCCC(C)C', 'C[Si](C)(C)O[Si](C)(C)O[Si](C)(C)C', 'CC(C)CCCCCCCCCCCCCCC(=O)OC(C)C', 'O=[Ti]=O', 'O=[Zn]', 'C=CC(=O)N', 'CCCCCCCCCCCCCCCCCCO', 'CCCCCCCCCCCCCCCCO', 'CCCCCCCCCCCCCCCCCCCCCCO', 'CCCCCCCCCCCCOCCOCCOCCOCCOCCOCCOCCO', 'CCCCCCCCCCCCCCCCCCO.CCCCCCCCCCCCCCCCO', 'CCCCCCCCCCCCCCCCCC(=O)O', '[OH-].[Na+]', 'C=CC(=O)[O-].[NH4+]', 'CCCCCCCC[Si](OCC)(OCC)OCC', 'C1=CC=C(C=C1)OCCO', 'C1=CC=C(C=C1)CO', 'C(CN(CC(=O)O)CC(=O)O)N(CC(=O)O)CC(=O)O', 'COC(=O)C1=CC=C(C=C1)O', 'CCOC(=O)C1=CC=C(C=C1)O', 'CCCOC(=O)C1=CC=C(C=C1)O']",4.7
10324710,"['O', 'C(C(CO)O)O', 'CCCCCCCCCCCCCCCCCC(=O)OCC(CO)O', 'CCCCCCCCCCCCCCOC(=O)CCCCCCCCCCCCC', 'CCCCCCCCCCCCCCCCCC(=O)OCC(COC(=O)CC(CC(=O)O)(C(=O)O)O)O', 'CCCCCCCCCCCCCCCCO', 'C(C(C1C(=C(C(=O)O1)O)O)O)O', 'CCCCCCCCCCCCCCCCCC(=O)OCC(COCC(COCC(COC(=O)CCCCCCCCCCCCCCCCC)O)O)O', 'CC(C)CCCC(C)CCCC(C)CCCCC(C)CCCC(C)CCCC(C)C', 'CC1=C(C(=C(C2=C1OC(CC2)(C)CCCC(C)CCCC(C)CCCC(C)C)C)OC(=O)C)C', 'CCO', 'CCCCCCCC(=O)OCC(CO)O', 'CC(=CCCC(=CC=O)C)C', 'CC1=CCC(CC1)C(=C)C']",4.4
10543645,"['CCCCCCCCCCC(CCCCCCCC)CO', 'CCCCCCCCCCCCCCOC(=O)CCCCCCCCCCCCC', 'CCCCCCCCCCCCCCCCCC(=O)O', 'CCCCCCCCCCCCCCCC(=O)O', 'CCCCCCCCCCCCCCCCCC(=O)OCC(CO)O', 'CCCCCCCCCCCCCCCC(=O)OC(CC)CCCCC', 'CCOC(=O)C=C.CC(=C)C(=O)O.CC(=C)C(=O)OC', 'CCCCCCCCCCCCCCCCCCO', 'CC(=CCCC(C)(C=C)O)C', 'CC1=CCC(CC1)C(=C)C', 'C1=CC=C(C=C1)CO', 'CC(=CCCC(=CCO)C)C']",4.4
10543656,"['O', 'C(C(CO)O)O', 'C[Si](C)(C)O[Si](C)(C)O[Si](C)(C)C', 'CCCCCCCCCCCCCCCCO', 'CCCCCCCCCCCCCCCCCC(=O)OCC(CO)O', 'CCCCCCCCCCCCCCCCCC(=O)OCCO']",4.4
10849905,"['C(C(CO)O)O', 'O=[Zn]', 'O', 'C(=O)([O-])[O-].[Ca+2]', 'CCO', 'C1=CC=C(C(=C1)C(=O)O)O']",5
12018650,"['O', 'CC(CO)O', 'CCCCCCCCCCCCCC(=O)OC(C)C', 'CCCCCCCCC=CCCCCCCCC(=O)OCC(C1C(C(CO1)O)O)O', 'CC(=O)C1CCC2C1(CCC3C2CC=C4C3(CCC(C4)OC(=O)C)C)C', 'C1=CC(=CN=C1)C(=O)N', 'CC(C)CCCC(C)C1CCC2C1(CCC3C2CC=C4C3(CCC(C4)O)C)C', 'CCCCCCCCCCCCCCCCO', 'C1=CC=C2C(=C1)C=CC(=O)O2', 'CC(CCC=C(C)C)CCO', 'C1=CC=C(C=C1)CO', 'C1=CC=C(C=C1)COC(=O)C2=CC=CC=C2', 'CC(=CCCC(C)(C=C)O)C', 'CC(=CCCC(=CCO)C)C', 'CC(CCCC(C)(C)O)CC=O', 'COC1=C(C=CC(=C1)CC=C)O', 'CC1=CCC(CC1)C(=C)C', 'C(CN(CC(=O)[O-])CC(=O)[O-])N(CC(=O)O)CC(=O)[O-].[Na+].[Na+].[Na+]', 'COC(=O)C1=CC=C(C=C1)O', 'CCCOC(=O)C1=CC=C(C=C1)O']",4.8
12444104,"['O', 'C(C(CO)O)O', 'CCCCCCCCCCCCCC(C)C', 'CCCCCCCCCCCCCCCCCC(=O)O', 'CCCCCCCCCCCCCCCC(=O)O', 'O1[SiH2]O[SiH2]O[SiH2]O[SiH2]O[SiH2]1', 'C=CC(=O)N', 'CCCCCCCCCCCCCCCCCCO', 'CCCCCCCCCCCCCCCCCC(=O)OCC(CO)O', 'C(C(C(C(C(C(=O)[O-])O)O)O)O)O.C(C(C(C(C(C(=O)[O-])O)O)O)O)O.[Mn+2]', 'CC(C)CCCCCCCCCCCCCCC(=O)OCC(COC(=O)CCCCCCCCCCCCCCC(C)C)(COC(=O)CCCCCCCCCCCCCCC(C)C)COC(=O)CCCCCCCCCCCCCCC(C)C', 'C(CN(CC(=O)O)CC(=O)O)N(CC(=O)O)CC(=O)O', '[OH-].[Na+]', 'CC(=O)NC1C(C(C(OC1O)OS(=O)(=O)O)O)OC2C(C(C(C(O2)C(=O)O)O)O)O', 'C1=CC=C(C=C1)OCCO', 'COC(=O)C1=CC=C(C=C1)O', 'C(NC(=O)NC1C(=O)NC(=O)N1CO)NC(=O)NC2C(=O)NC(=O)N2CO', 'CC=CC=CC(=O)[O-].[K+]', 'CC(CC1=CC=C(C=C1)C(C)(C)C)C=O', 'C1=CC=C(C=C1)COC(=O)C2=CC=CC=C2O', 'CC(=CCCC(C)(C=C)O)C', 'CC(CCC=C(C)C)CCO']",4.5
129739340,"['O', 'C[Si](C)(C)O[Si](C)(C)O[Si](C)(C)C', 'CCCCCCCCCCCCCCCCCCO.CCCCCCCCCCCCCCCCO', 'CCCCCCCCCCCCCCCCCC(=O)OCC(CO)O', 'C(C(CO)O)O', 'CC1=C(C(=C(C2=C1OC(CC2)(C)CCCC(C)CCCC(C)CCCC(C)C)C)OC(=O)C)C', 'CN1C=NC2=C1C(=O)N(C(=O)N2C)C', 'C=CC(=O)N', 'C1=CC=C(C=C1)OCCO', 'C1=CC(=CC=C1OCC(CO)O)Cl']",4.5
130541146,"['C(C(CO)O)O', 'C[Si](C)(C)O[Si](C)(C)O[Si](C)(C)C', 'CC1=CCC(CC1)C(C)(CCC=C(C)C)O', '[OH-].[Na+]', 'C(C1C(C(C(C(O1)OC2=C(C(OC2=O)C(CO)O)O)O)O)O)O', 'C(CN(CC(=O)O)CC(=O)O)N(CC(=O)O)CC(=O)O', 'CCCCCCCCCCCCCC(=O)OC(C)C', 'C(C(=O)O)C(CC(=O)O)(C(=O)O)O', 'CC(C)(C)O', 'CCCCCCCCCCCCCCCC(=O)OC(CC)CCCCC', 'CC(CC(C)(C)O)O', 'CC=CC=CC(=O)[O-].[K+]', 'CC=CC=CC(=O)O', 'C1=CC=C(C=C1)C(=O)[O-].[Na+]', 'C1=CC=C(C=C1)OCCO', 'CCN(CC1=CC(=CC=C1)S(=O)(=O)[O-])C2=CC=C(C=C2)C(=C3C=CC(=[N+](CC)CC4=CC(=CC=C4)S(=O)(=O)[O-])C=C3)C5=CC=CC=C5S(=O)(=O)[O-].[NH4+].[NH4+]', 'CC(=CCCC(C)(C=C)O)C', 'CC(=CCCC(=CCCC(=CCO)C)C)C', 'CC1=CCC(CC1)C(=C)C', 'CC(=CCCC(=CC=O)C)C']",4.6
139054164,"['O', 'CCCCCCCCCCCCCCCCCC(=O)OCC(C1C(C(CO1)O)O)O', 'CCCCCCCC[Si](OCC)(OCC)OCC', 'CC1C(C(C(C(O1)CO)OC2C(C(C(C(O2)COC3C(C(C(C(O3)CO)OC)O)O)OC4C(C(C(C(O4)CO)OC)O)O)O)O)O)O', 'C(C(C1C(=C(C(=O)O1)OP(=O)([O-])[O-])[O-])O)O.[Na+].[Na+].[Na+]', 'C1=CC(=CN=C1)C(=O)N', 'CC1C(C(C(C(O1)OCC2C(C(C(C(O2)OC3=CC(=C4C(=O)CC(OC4=C3)C5=CC(=C(C=C5)OC)O)O)O)O)O)O)O)O', 'CC1(C2CCC3(C(C2(CCC1OC4C(C(C(C(O4)C(=O)[O-])O)O)OC5C(C(C(C(O5)C(=O)[O-])O)O)O)C)C(=O)C=C6C3(CCC7(C6CC(CC7)(C)C(=O)O)C)C)C)C.[K+].[K+]']",4.5
141355104,"['O', 'C(C(CO)O)O', 'CCCCCCCCCCCCCC(C)C', 'CC(C)CCCCCCCCCCCCCCC(=O)OC(C)C', 'C[Si](C)(C)O[Si](C)(C)O[Si](C)(C)C', 'CCCCCCCCCCCCCCCCCCO', 'CCCCCCCCCCCCCCCCO', 'C1=CC=C(C=C1)OCCO', 'C1(C(C(C(C(C1O)O)O)O)O)O', 'CCCCCCCCCCCCCCCCCCCCCCO', 'CCCCCCCCCCCCCCCCCCO.CCCCCCCCCCCCCCCCO', 'CCCCCCCCCCCCCCCCCC(=O)O', 'CCCCCCCCCCCCCCCC(=O)O', 'CC1=CC(=C(C(=C1)C(C)(C)C)O)C(C)(C)C', 'C(CN(CC(=O)O)CC(=O)O)N(CC(=O)O)CC(=O)O', 'C(C(C(C(C(C(=O)[O-])O)O)O)O)O.C(C(C(C(C(C(=O)[O-])O)O)O)O)O.[Zn+2]', 'C(C(C(=O)O)N)C(=O)[O-].C(C(C(=O)O)N)C(=O)[O-].[Mg+2]', 'C(C(C(C(C(C(=O)[O-])O)O)O)O)O.C(C(C(C(C(C(=O)[O-])O)O)O)O)O.[Cu+2]']",4.5
142138188,"['O', 'CC(CO)O', 'CCCCCCCCCCCCCCCCCCO.CCCCCCCCCCCCCCCCO', 'CCCCCCCCCCCCCCCCCC(=O)OCC(CO)O', 'CCCCCCCCCCCCCCCCCC(=O)O', 'CC(=O)NC(CCC(=O)O)C(=C)NC(CCC(=O)O)C(=O)NC(CCSC)C(=O)NC(CCC(=O)N)C(=O)NC(CCCN=C(N)N)C(=O)NC(CCCN=C(N)N)C(=O)N', 'CC1=C(C(=C(C2=C1OC(CC2)(C)CCCC(C)CCCC(C)CCCC(C)C)C)OC(=O)C)C', 'CCCCCCCCCCCCCCCC(=O)OCC=C(C)C=CC=C(C)C=CC1=C(CCCC1(C)C)C']",5
142677196,"['O', 'C(C(CO)O)O', 'C[Si](C)(C)O[Si](C)(C)O[Si](C)(C)C', 'C=CC(=O)N', 'C1=CC=C(C=C1)OCCO', 'C[Si](C)(C)O[Si](C)(C)O[Si](C)(C)C', 'C1=CC(=CC=C1OCC(CO)O)Cl', 'CCCCCCCCCCCCOCCOCCOCCOCCOCCOCCOCCO', 'C=CC(=O)O', '[OH-].[Na+]', 'O=[Ti]=O', 'O=[Si]=O']",4.7
142906636,[],4.5
146159704,['CC(=C)C(=O)OC'],4.4
149032549,"['O', 'CCCCCCCCC=C', 'C[Si](C)(C)O[Si](C)(C)O[Si](C)(C)C', 'C(C(CO)O)O', 'O1[SiH2]O[SiH2]O[SiH2]O[SiH2]O[SiH2]1', 'CC1=C(C(=C(C2=C1OC(CC2)(C)CCCC(C)CCCC(C)CCCC(C)C)C)OC(=O)C)C', 'CCCCCCCCCCCCCCCC(=O)OCC(C1C(=C(C(=O)O1)O)O)O', 'CCCCCCCCCCCC(=O)N(C)CC(=O)OC(C)C', 'CCCCCCCCCCCCCCCCCCO.CCCCCCCCCCCCCCCCO', 'C=CC(=O)[O-].[Na+]', 'CCCCCCCCCCCCCC(C)C', 'CCCCCCCCCCCCCCCCCC(=O)OCC(CO)O', 'C1=CC=C(C=C1)OCCO', 'CCCCCCCCCCCCCCCCCC(=O)OCCO', 'CCCCCCCCCCCCCCCC(=O)OCC=C(C)C=CC=C(C)C=CC1=C(CCCC1(C)C)C', 'CCCCCC=CCC=CCCCCCCCC(=O)O']",4.8
158607628,"['O', 'CCC(O)O', 'C(C(CO)O)O', 'C(COCC(COCCO)OCCO)O', 'C1=CC(=CN=C1)C(=O)N', 'CC(C)CCCC(C)CCCC(C)CCCCC(C)CCCC(C)CCCC(C)C', 'C1=CC=C(C=C1)OCCO', 'COCCO[Si](C)(C)OCCOC', 'C=CC(=O)O', 'C(C(CO)(CO)N)O', 'CC1CC(C(=O)C1=O)C', 'C(CN(CC(=O)O)CC(=O)O)N(CC(=O)O)CC(=O)O', 'CC(COCC1C(C(C(C(O1)OC2C(OC(C(C2OCC(C)O)OCC(C)O)OCC(C)O)COCC(C)O)OCC(C)O)OCC(C)O)OCC(C)O)O', 'CC1=CC(=C(C(=C1)C(C)(C)C)O)C(C)(C)C', 'CC=CC=CC(=O)[O-].[K+]']",5
159790274,"['O', 'CCC(O)O', 'CC(C)CCCC(C)CCCC(C)CCCCC(C)CCCC(C)CCCC(C)C', 'CCCCCCCCCCCCCCCCCC(=O)OCC(CO)O', 'C(CCO)CCO', 'C=CC(=O)OCCO', 'C(C(CO)O)O', 'CC(C)(CO)C(C(=O)NCCCO)O', 'CCCCCCC1C=CC(C(C1CCCCCC)C=CCCCCCCCCO)CCCCCCCCOC(=O)CCCCCCCC=CC2C(C=CC(C2CCCCCC)CCCCCC)CCCCCCCC(=O)O', 'CC1CC(C(=O)C1=O)C', 'CC(C)CCCCCCCCCCCCCCC(=O)OC(CO)C1C(C(CO1)O)O', 'CC1(C2CCC3(C(C2(CCC1OC4C(C(C(C(O4)C(=O)[O-])O)O)OC5C(C(C(C(O5)C(=O)[O-])O)O)O)C)C(=O)C=C6C3(CCC7(C6CC(CC7)(C)C(=O)O)C)C)C)C.[K+].[K+]', 'C(CN(CC(=O)O)CC(=O)O)N(CC(=O)O)CC(=O)O', 'CC(COCC1C(C(C(C(O1)OC2C(OC(C(C2OCC(C)O)OCC(C)O)OCC(C)O)COCC(C)O)OCC(C)O)OCC(C)O)OCC(C)O)O', 'C1=CC=C(C=C1)OCCO', 'CC=CC=CC(=O)[O-].[K+]']",3.7
16199926,"['O', 'CC1=CCC(CC1)C(C)(CCC=C(C)C)O', 'C1=CC=C(C=C1)OCCO']",3.3
16352494,[],4.2
166194583,"['C(C(CO)O)O', 'CCCCCCCCCCCC(=O)NCCC[N+](CC(=O)[O-])(N)N', 'C(C1C(C(C(C(O1)OC2(C(C(C(O2)CO)O)O)CO)O)O)O)O', 'C=CC(=O)O', 'CCCCCCCCCCCCCCCCCC(=O)OCC(COC(=O)CCCCCCCCCCCCCCCCC)(COC(=O)CCCCCCCCCCCCCCCCC)COC(=O)CCCCCCCCCCCCCCCCC.C(CO)O.C(COCC(COCCO)(COCCO)COCCO)O', 'C1=CC=C(C=C1)OCCO', '[Na+].[Cl-]', 'CC(C)(CO)N', 'COC1=C(C=C(C(=C1)O)C(=O)C2=CC(=C(C=C2O)OC)S(=O)(=O)[O-])S(=O)(=O)[O-].[Na+].[Na+]', 'C(CN(CC(=O)O)CC(=O)O)N(CC(=O)O)CC(=O)O', 'CCC(O)O', 'C1=CC(=CC=C1N=NC2C(=NN(C2=O)C3=CC=C(C=C3)S(=O)(=O)[O-])C(=O)[O-])S(=O)(=O)[O-].[Na+].[Na+].[Na+]', 'C1=CC=C(C=C1)C(=O)[O-].[Na+]', 'C(C(=O)O)C(CC(=O)O)(C(=O)O)O', 'C(C(CO)O)O', 'C1=CC(=CN=C1)C(=O)N', 'C[Si](C)(C)O[Si](C)(C)O[Si](C)(C)C', 'C[N+](C)(C)CC(=O)[O-]', 'C(CCO)CCO', 'C(C(C(C(C(CO)O)O)O)O)O', 'C(COCC(COCCO)OCCO)O', 'C=CC(=O)OCCO', 'CC(C)(CS(=O)(=O)[O-])NC(=O)C=C.[NH4+]', 'CC(C)CCCC(C)CCCC(C)CCCCC(C)CCCC(C)CCCC(C)C', 'C1=CC=C(C=C1)OCCO', 'CCC(O)O', 'CC(C)CCCCCCCCCCCCCCC(=O)OC(CO)C1C(C(CO1)O)O', 'C1=CC=C(C=C1)C(=O)[O-].[Na+]', 'C(C(=O)O)C(CC(=O)O)(C(=O)O)O', 'CC=CC=CC(=O)[O-].[K+]', 'C1=CC(=CC=C1N=NC2C(=NN(C2=O)C3=CC=C(C=C3)S(=O)(=O)[O-])C(=O)[O-])S(=O)(=O)[O-].[Na+].[Na+].[Na+]', 'C[Si](C)(C)O[Si](C)(C)O[Si](C)(C)C', 'C(C(CO)O)O', 'C[Si](C)(C)O[Si](C)(C)O[Si](C)(C)C', 'C=CC(=O)OCCO', 'O1[SiH2]O[SiH2]O[SiH2]O[SiH2]O[SiH2]1', 'CC(=C)C(=O)OC', 'C[Si](C)(C)OO[Si](=O)OO[Si](C)(C)C', 'CCCCCCCCCCCCCC(C)C', 'C[Si](C)(C)O[Si](C)(C)O[Si](C)(C)C', 'CCCCCCCCCC(C)C', 'C1(C(=O)NC(=O)N1)NC(=O)N', 'CCC(O)O', 'O=[Si]=O', 'CC(C)CCCCCCCCCCCCCCC(=O)OC(CO)C1C(C(CO1)O)O', 'C1=NC(=C2C(=N1)N(C=N2)C3C(C(C(O3)CO)O)O)N', 'C1=CC=C(C=C1)OCCO', 'C(C(=O)[O-])C(CC(=O)[O-])(C(=O)[O-])O.[Na+].[Na+].[Na+]', 'C1=CC=C(C=C1)C(=O)[O-].[Na+]', 'C(C(=O)O)C(CC(=O)O)(C(=O)O)O', 'CC=CC=CC(=O)[O-].[K+]', 'C1=CC(=CC=C1N=NC2C(=NN(C2=O)C3=CC=C(C=C3)S(=O)(=O)[O-])C(=O)[O-])S(=O)(=O)[O-].[Na+].[Na+].[Na+]', 'CCC(O)O', 'CC(C)CCCC(C)CCCC(C)CCCCC(C)CCCC(C)CCCC(C)C', 'CCCCCCCCCCCCCCCCCC(=O)OCC(CO)O', 'C(CCO)CCO', 'C=CC(=O)OCCO', 'CCCCCCC1C=CC(C(C1CCCCCC)C=CCCCCCCCCO)CCCCCCCCOC(=O)CCCCCCCC=CC2C(C=CC(C2CCCCCC)CCCCCC)CCCCCCCC(=O)O', 'CC(C)(CO)C(C(=O)NCCCO)O', 'CC(C)CCCCCCCCCCCCCCC(=O)OC(CO)C1C(C(CO1)O)O', 'CC1(C2CCC3(C(C2(CCC1OC4C(C(C(C(O4)C(=O)[O-])O)O)OC5C(C(C(C(O5)C(=O)[O-])O)O)O)C)C(=O)C=C6C3(CCC7(C6CC(CC7)(C)C(=O)O)C)C)C)C.[K+].[K+]', 'C(C(CO)O)O', 'C(CN(CC(=O)O)CC(=O)O)N(CC(=O)O)CC(=O)O', 'C1=CC=C(C=C1)C(=O)[O-].[Na+]', 'C(C(=O)O)C(CC(=O)O)(C(=O)O)O', 'CC=CC=CC(=O)[O-].[K+]', 'C1=CC(=CC=C1N=NC2C(=NN(C2=O)C3=CC=C(C=C3)S(=O)(=O)[O-])C(=O)[O-])S(=O)(=O)[O-].[Na+].[Na+].[Na+]']",4.5
16671497,"['O', 'C(C(CO)O)O', 'CC1=C(C(=C(C2=C1OC(CC2)(C)CCCC(C)CCCC(C)CCCC(C)C)C)OC(=O)C)C', 'CCCCCCCCCCCCCCCCCC(=O)O', 'CCCCCCCCCCCCCCCCO', 'C1=CC=C(C=C1)CO', 'C(C(C1C(=C(C(=O)O1)O)O)O)O', 'C=CC(=O)O', 'CCCCCCCCCCCCCCCCOP(=O)([O-])[O-].[K+].[K+]', '[OH-].[K+]', 'CC=CC=CC(=O)O', 'CC=CC=CC(=O)[O-].[K+]']",4.8
16672095,"['O', 'CCCCCCCCCCCCCCCCCC(=O)OCC(CO)O', 'CC(CO)O', 'CCCCCCCCCCCCCCCCCCOC(=O)CCCCCCCCCCCCCCCCC', 'CCCCCCCCCCCCCCCCCCO.CCCCCCCCCCCCCCCCO', 'C[Si](C)(C)O[Si](C)(C)O[Si](C)(C)C', 'CCCCCCCCCCCCCC(=O)OC(C)C', 'CC1=C(C(CCC1)(C)C)C=CC(=CC=CC(=CCO)C)C', 'CC1=C(C(=C(C2=C1OC(CC2)(C)CCCC(C)CCCC(C)CCCC(C)C)C)OC(=O)C)C', 'C1=CC(=CN=C1)C(=O)N', 'C(C(=O)O)C(CC(=O)O)(C(=O)O)O']",3.7
174009330,[],4.7
174571496,"['O', 'C(C(CO)O)O', '[O-]S(=O)(=O)[O-].[Mg+2]', 'CCCCCCCCC=CCCCCCCCC(=O)OCC(C1C(C(CO1)O)O)O', 'CCCCCCCCCCCCCCCCCC(=O)OCCCCCCCCCCCCCCCCCCCCCCCCCCC(=O)NC(CO)C(C(CCCCCCCCCCCCCC)O)O', 'C1=CC(=CN=C1)C(=O)N', 'C1CC(=O)NC1C(=O)[O-].[Na+]', 'C1(C(=O)NC(=O)N1)NC(=O)N', '[OH-].[Na+]', 'CCCCCCC(CC=CCCCCCCCC(=O)OCC(COCC(COCC(CO)O)O)O)O', 'CC1=C(C(=C(C2=C1OC(CC2)(C)CCCC(C)CCCC(C)CCCC(C)C)C)OC(=O)C)C', 'CCCCCCCCCCCC(=O)OC(C)C(=O)OC(C)C(=O)[O-].[Na+]', 'CCCCCCCCCCCCCCC(C(C(CO)N)O)O', 'CC(C)CCCC(C)C1CCC2C1(CCC3C2CC=C4C3(CCC(C4)O)C)C', 'C=CC(=O)O', 'C1=CC=C(C=C1)OCCO']",4.4
188311766,[],4.5
190684243,"['O', 'C(C(CO)O)O', 'CCCCCCCCCCCCCCCCCC(=O)OCC(CO)O', 'C(C(=O)O)O', 'CCCCCCCCCCCCCCCCO', 'CCCCCCCCCCCCCCCC(=O)OC(CC)CCCCC', 'CCCCCCCCCCCCCCCC(=O)OC(C)C', 'CC(C(=O)O)O', 'CC(C)CCCC(C)CCCC(C)CCCCC(C)CCCC(C)CCCC(C)C', 'CCCCCC=CCC=CCCCCCCCC(=O)O', 'C(C(C1C(=C(C(=O)O1)O)O)O)O', 'CC(C)(CO)C(C(=O)NCCC(=O)O)O', 'CC1=C(C2=C(CCC(O2)(C)CCCC(C)CCCC(C)CCCC(C)C)C(=C1O)C)C', 'CC1=C(C(=O)C(=C(C1=O)OC)OC)CC=C(C)CCC=C(C)CCC=C(C)CCC=C(C)CCC=C(C)CCC=C(C)CCC=C(C)CCC=C(C)CCC=C(C)CCC=C(C)C', 'CC(=O)O.CC(=O)O.C1CC(N(C1)C(=O)CCN)C(=O)NC(CCN)C(=O)NCC2=CC=CC=C2', 'CC(CCC=C(C)C)C=C.CC(=CCCC(=CCO)C)C.CC(=CCCC(=CC=O)C)C.CC1(C2CCC1(C(C2)O)C)C.COC1=C(C=C(C=C1)CC=C)OC', 'CCCCCCCCCCCCCCCCCC(=O)[O-].[K+]', 'CCCCCCCCCCCCCCCCCCO.CCCCCCCCCCCCCCCCO', 'CCCCCCCCCCCCCCCCCCO', '[OH-].[Na+]', 'CC=CC=CC(=O)[O-].[K+]', 'C1=CC=C(C=C1)C(=O)[O-].[Na+]', 'C(CC(=O)[O-])C(C(=O)[O-])N(CC(=O)[O-])CC(=O)[O-].[Na+].[Na+].[Na+].[Na+]', 'C(C(C1C(=C(C(=O)O1)O)O)O)O', 'C1(C(C(C(C(C1OP(=O)(O)O)OP(=O)(O)O)OP(=O)(O)O)OP(=O)(O)O)OP(=O)(O)O)OP(=O)(O)O', 'C1=CC=C(C=C1)OCCO']",2.8
19416448,"['C(C(CO)O)O', 'CCCCCCCCCCCCCC(C)C', 'C[Si](C)(C)O[Si](C)(C)O[Si](C)(C)C', 'CC(CO)O', 'C=CC(=O)N', 'C[Si](C)(C)O[Si](C)(C)O[Si](C)(C)C', 'O=[Bi].Cl', 'CCCCCCCCCCCCCCCCC(C(=O)OC(CC)CCCCC)O', 'C1=CC=C(C=C1)OCCO', 'CCCCCCCCCCCCCCCCCCO', 'CC=CC=CC(=O)O', 'CCCCCCCCCCCCOCCOCCOCCOCCOCCOCCOCCO', 'CCCCCCCCCCCCCCCCCC(=O)OCC(CO)O', 'CCCCCCCCCCCCCCCCCCCCCCO', 'CC1=CCC(CC1)C(=C)C', 'CCCCCCCCCCCCCCCCCC(=O)OCC(COC(=O)CC(CC(=O)O)(C(=O)O)O)O', 'C1C(NC(=O)S1)C(=O)O', 'CC(=CCCC(=CC=O)C)C']",3.6
19416630,"['O', 'O']",3.9
19423416,"['O', 'CCCCCCCCOC(=O)OCCCCCCCC', 'C(C(CO)O)O', 'CCCCCCCCCCCCCCCCCC(=O)OCC(CO)O', 'CCCCCCCCCCCCCCCCCCO.CCCCCCCCCCCCCCCCO', 'CCCCCCCOC(=O)CCCCCCCCC=C', 'CCCCCCCCCCCCCCCCCC(=O)O', 'C(C1C(C(C(C(=O)O1)O)O)O)O', 'C1=CC=C(C=C1)CO', 'C1=CC=C(C=C1)C(=O)[O-].[Na+]']",3.7
19423417,"['O', 'CCCCCCCCOC(=O)OCCCCCCCC', 'C(C(CO)O)O', 'CCCCCCCCCCCCCCCCCC(=O)OCC(CO)O', 'CCCCCCCCCCCCCCCCCCO.CCCCCCCCCCCCCCCCO', 'CCCCCCCCCCCCCCCCCC(=O)O', 'C(C1C(C(C(C(=O)O1)O)O)O)O', 'C1=CC=C(C=C1)CO', 'C1=CC=C(C=C1)C(=O)[O-].[Na+]']",3.5
19529369,"['O', 'C1(C(=O)NC(=O)N1)NC(=O)N', 'CC1CCC(C(C1)OC(=O)C(C)O)C(C)C']",4.6
19766058,"['C(C(CO)O)O', 'CCCCCCCCCCCCCCCCCCO', 'CCCCCCCCCCCCCCCCO', 'CC1(C2CCC3(C(C2(CCC1OC4C(C(C(C(O4)C(=O)[O-])O)O)OC5C(C(C(C(O5)C(=O)[O-])O)O)O)C)C(=O)C=C6C3(CCC7(C6CC(CC7)(C)C(=O)O)C)C)C)C.[K+].[K+]', 'CCCCCCCCCCCCCCCCCC(=O)O', 'CC=CC=CC(=O)O', 'C(C1C(C(C(C(O1)O)O)O)O)O', '[Na+].[Cl-]', 'CC(=CCCC(=CC=O)C)C', 'CC(=CCCC(=CCO)C)C', 'CC1=CCC(CC1)C(=C)C', 'CC(=CCCC(C)(C=C)O)C']",4.4
19857014,"['O', 'CCCCCCCCCCCCCCCCCC(=O)OCC(CO)O', 'CCCCCCCCCCCCCCCCO', 'CCCCCCCCCCCCCCCC(=O)OC(C)C', 'CC(CO)O', 'CCCCCCCCCCCCCCCCCC(=O)O', 'CC(COCC1C(C(C(C(O1)OC2C(OC(C(C2OCC(C)O)OCC(C)O)OCC(C)O)COCC(C)O)OCC(C)O)OCC(C)O)OCC(C)O)O', 'C(CN(CC(=O)O)CC(=O)O)N(CC(=O)O)CC(=O)O', '[O-]S(=O)S(=O)(=O)[O-].[Na+].[Na+]', 'COC(=O)C1=CC=C(C=C1)O', 'CCCOC(=O)C1=CC=C(C=C1)O', 'CC1=CC(=C(C(=C1)C(C)(C)C)O)C(C)(C)C']",3.9
198669218,[],4.4
20926356,"['O', 'O1[SiH2]O[SiH2]O[SiH2]O[SiH2]O[SiH2]1', 'C(C(CO)O)O', 'C1=CC(=CN=C1)C(=O)N', 'C[Si](C)(C)O[Si](C)(C)O[Si](C)(C)C', 'C=C', 'CC(C)(CO)C(C(=O)NCCCO)O', 'CC1=C(C(=C(C2=C1OC(CC2)(C)CCCC(C)CCCC(C)CCCC(C)C)C)OC(=O)C)C', 'C=CC(=O)N', 'O=[Ti]=O', 'C1=CC=C(C=C1)OCCO', 'CCCCCCCCCCCCOCCOCCOCCOCCOCCOCCOCCO', 'CC1=CC(=C(C(=C1)C(C)(C)C)O)C(C)(C)C', 'C(CN(CC(=O)O)CC(=O)O)N(CC(=O)O)CC(=O)O', 'C(C(=O)O)C(CC(=O)O)(C(=O)O)O']",4.7
22172114,"['C[Si](C)(C)O[Si](C)(C)O[Si](C)(C)C', 'CCCCCCCCCCCCOC(=O)C1=CC=CC=C1', 'CC(C)OC(=O)CCCCCCCCC(=O)OC(C)C', 'O=[Si]=O', 'C(C(CO)O)O', 'C[Si](C)(C)OO[Si](=O)OO[Si](C)(C)C']",3.9
24216667,"['O', 'C(C(CO)O)O', 'CC(CO)O', 'C[Si](C)(C)O[Si](C)(C)O[Si](C)(C)C', '[CH]CCCCCNC(=O)CCCCC(=O)[N]', 'C=CC1=CC=CC=C1', 'CCCCCCCCCCCCCCCCCC(=O)OCC(CO)O', 'CCCCCCCCCCCCCCCCCCCCCCO', 'CC1=C(C(=C(C2=C1OC(CC2)(C)CCCC(C)CCCC(C)CCCC(C)C)C)OC(=O)C)C', 'O=[Ti]=O', 'C[Si](C)(C)O[Si](C)(C)O[Si](C)(C)C', 'COC1COC2C1OCC2OC', 'CCCCCCCCCCCC(=O)OCCO', 'C(CN(CC(=O)O)CC(=O)O)N(CC(=O)O)CC(=O)O', 'CCCCCCCCCCCCCCCCCC(=O)OCC(COC(=O)CC(CC(=O)O)(C(=O)O)O)O', 'CCCCCCCCCCC(CCCCCCCC)CO', 'C1CCC(=O)OCC1', 'C(C(=O)[O-])C(CC(=O)[O-])(C(=O)[O-])O.[Na+].[Na+].[Na+]', '[OH-].[Na+]', 'COC(=O)C1=CC=C(C=C1)O', 'CCCOC(=O)C1=CC=C(C=C1)O', 'CCCCOC(=O)C1=CC=C(C=C1)O', 'CC(=CCCC(C)(C=C)O)C', 'C1=CC=C(C=C1)COC(=O)C2=CC=CC=C2O', 'CC1=CCC(CC1)C(=C)C', 'CC(=CCCC(=CCO)C)C', 'CC(=CCCC(=CC=O)C)C']",3.5
28651923,"['O', 'C(C(CO)O)O', 'C(C(C1C(=C(C(=O)O1)OP(=O)([O-])[O-])[O-])O)O.[Na+].[Na+].[Na+]', 'CC(C)(CO)C(C(=O)NCCCO)O', 'C[Si](C)(C)O[Si](C)(C)O[Si](C)(C)C', 'CC1=CCC(CC1)C(C)(CCC=C(C)C)O', 'C(C(=O)O)C(CC(=O)O)(C(=O)O)O', 'CC1=C(C2=C(CCC(O2)(C)CCCC(C)CCCC(C)CCCC(C)C)C(=C1O)C)C', 'C(CN(CC(=O)O)CC(=O)O)N(CC(=O)O)CC(=O)O']",4.6
291972463,"['O', 'C(C(CO)O)O', 'CCCCCCCCOCCCCCCCC', 'C(CCO)CCO', 'CCCCCCCCCCCCCCCCCCCCCCO', 'CCC(O)O', 'CCCCCCCCCCCCCCCCCC(=O)OCC(COCC(COCC(COC(=O)CCCCCCCCCCCCCCCCC)O)O)O', 'C=CC(=O)N', 'C1CCC(CC1)C(C(=O)N2CCC2C(=O)NCC3=CC=C(C=C3)C(=N)N)NCC(=O)O']",4.8
295585183,"['O', 'CCCCCCCCCCCCCCCCCCO.CCCCCCCCCCCCCCCCO', 'CCCCCCCCCCCCCC(=O)OC(C)C', 'C(C(CO)O)O', 'C(CN(CC(=O)O)CC(=O)O)N(CC(=O)O)CC(=O)O', 'C=CC(=O)O', 'C1=CC=C(C=C1)OCCO', 'C1=CC=C(C=C1)C(=O)[O-].[Na+]', 'CCCCNC(=O)OCC#CI']",5
299882670,"['O', 'CCCCCCCCCCCCCCCCCCO.CCCCCCCCCCCCCCCCO', 'CCCCCCCCCCCCCC(=O)OC(C)C', 'C(C(CO)O)O', 'CC(=CCCC(=CCCC(=CCCC=C(C)CCC=C(C)CCC=C(C)C)C)C)C', 'CC1=C(C(=C(C2=C1OC(CC2)(C)CCCC(C)CCCC(C)CCCC(C)C)C)OC(=O)C)C', 'CC(C)(CO)C(C(=O)NCCCO)O', 'C(CN(CC(=O)O)CC(=O)O)N(CC(=O)O)CC(=O)O', 'C=CC(=O)O', 'C1=CC=C(C=C1)OCCO', 'CC(CC(C)(C)O)O', '[OH-].[Na+]']",5
299892592,"['O', 'CCCCCCCCCCCCCCCCOC(=O)C(CC)CCCC', 'C(C(CO)O)O', 'CCCCCCCCCCCCCCCCCC(=O)OCC(CO)O', 'C1=CC(=CN=C1)C(=O)N', 'CCCCCCCCOC(=O)OCCCCCCCC', 'CCCCCCCCCCCCCCCCO', 'CCCCCCCCC=C', 'C[N+](C)(C)CC(=O)[O-]', 'CC(C)(CO)C(C(=O)NCCCO)O', 'C=CC(=O)OCCO', 'C1=CC=C(C=C1)OCCO', 'CC1=C(C(=C(C2=C1OC(CC2)(C)CCCC(C)CCCC(C)CCCC(C)C)C)OC(=O)C)C', 'CCCCCCC1C=CC(C(C1CCCCCC)C=CCCCCCCCCO)CCCCCCCCOC(=O)CCCCCCCC=CC2C(C=CC(C2CCCCCC)CCCCCC)CCCCCCCC(=O)O', 'CC1CC(C(=O)C1=O)C', 'CC(C)CCCCCCCCCCCCCCC(=O)OC(CO)C1C(C(CO1)O)O', 'C(CN(CC(=O)O)CC(=O)O)N(CC(=O)O)CC(=O)O']",3.8
313005086,"['C(C(CO)O)O', 'CC1C(C(C(C(O1)CO)OC2C(C(C(C(O2)COC3C(C(C(C(O3)CO)OC)O)O)OC4C(C(C(C(O4)CO)OC)O)O)O)O)O)O', 'CCCCCCCCCCCCCC(C)C', 'CC(C)CCCCCCCCCCCCCCC(=O)OC(C)C', 'CCCCCCCCCCCCCCCCCCO', 'C[Si](C)(C)O[Si](C)(C)O[Si](C)(C)C', 'CCCCCCCCCCCCCCCCO', 'CCCCCCCCCCCCCCCCCCCCCCO', 'C1=CC=C(C=C1)OCCO', 'CCCCCCCCCCCCCCCCCCO.CCCCCCCCCCCCCCCCO', 'CCCCCCCCCCCCCCCCCC(=O)O', 'CCCCCCCCCCCCCCCC(=O)O', 'CC1=CC(=C(C(=C1)C(C)(C)C)O)C(C)(C)C', 'C(CN(CC(=O)O)CC(=O)O)N(CC(=O)O)CC(=O)O', 'C(C(CO)O)O', 'CCCCCCCCCCCC(=O)NCCC[N+](C)(C)CC(=O)[O-]', 'CCCCCCCCCCCC(=O)N(C)CC(=O)[O-].[Na+]', 'CCCCCCCCCCOC1C(C(C(C(O1)CO)O)O)O', 'CCCCCCCCCCCCOC1C(C(C(C(O1)CO)O)O)O', 'C[N+](C)(C)CC(COCCOC1C(C(C(OC1O)COCO)OC2C(C(C(C(O2)CO)OCCO)OCCO)O)O)O.[Cl-]', 'C1=CC=C(C=C1)CO', 'CC(C)(CO)C(C(=O)NCCCO)O', 'C1=CC=C(C(=C1)C(=O)O)O', 'C1=CC=C(C=C1)OCCO', 'COC(=O)C1=CC=C(C=C1)O', 'CCCOC(=O)C1=CC=C(C=C1)O', 'C(CN(CC(=O)O)CC(=O)O)N(CC(=O)O)CC(=O)O', 'C=CC(=O)[O-].[Na+]', 'CCCCCCCCC=C', 'CC1=C(C(=C(C2=C1OC(CC2)(C)CCCC(C)CCCC(C)CCCC(C)C)C)OC(=O)C)C', 'CCCCCCCCCCCCCOCCO']",4.7
34788357,['C=CC(=O)O'],3
36320509,"['CCCCCCCCCCCCCCCCCC(=O)OCC(COCC(COCC(COC(=O)CCCCCCCCCCCCCCCCC)O)O)O', 'CCCCCCCCCCCCCCCCCCO.CCCCCCCCCCCCCCCCO', 'CCCCCCCCCCCCCCCCO', 'C(C(CO)O)O', 'CCCCCCCOC(=O)CCC(=O)OCCCCCCC', 'C[N+](C)(C)CC(=O)[O-]', 'CCCCCCCCCCCC(=O)OCCC(C)C', 'C1(C(C(C(C(C1OP(=O)([O-])[O-])OP(=O)([O-])[O-])OP(=O)([O-])[O-])OP(=O)([O-])[O-])OP(=O)([O-])[O-])OP(=O)([O-])[O-].[Na+].[Na+].[Na+].[Na+].[Na+].[Na+].[Na+].[Na+].[Na+].[Na+].[Na+].[Na+]', 'O', 'C(C(C1C(=C(C(=O)O1)O)O)O)O']",4.3
36330650,"['C(C(C1C(=C(C(=O)O1)O)O)O)O', 'C(C(CO)O)O']",4.1
369297447,"['O', 'C=CC1=CC=CC=C1', 'C(CO)N(CCO)CCO']",5
39454239,"['O', 'CCCCCCCCCCCCCCCCO', 'C(C(CO)O)O', 'CCCCCCCCCCCCCCCCCC(=O)OCC(CO)O', 'CCCCCCCCCCCCCCCCCCO.CCCCCCCCCCCCCCCCO', 'CCCCCCCC(=O)OCC(CO)O', 'CCCCCCCCCCCCCCCCCC(=O)O', 'CCO', 'C(CC(=O)[O-])C(C(=O)O)N.[Na+]', 'C(C(C1C(=C(C(=O)O1)O)O)O)O', 'C1=C(NC=N1)CC(C(=O)O)NC(=O)CCN', 'CCCCCC=CCC=CCCCCCCCC(=O)O']",4.8
40085048,"['O', 'CCCCCCCCCCCCCCCCCCO.CCCCCCCCCCCCCCCCO', 'C(C(CO)O)O', 'CC(CO)O', 'C(C(C(C(C(CO)O)O)O)O)O', 'CCCCCCCCCCCCCCCC(=O)OCC=C(C)C=CC=C(C)C=CC1=C(CCCC1(C)C)C', 'CC1=C(C(=C(C2=C1OC(CC2)(C)CCCC(C)CCCC(C)CCCC(C)C)C)OC(=O)C)C', 'CC1=C(C(CCC1)(C)C)C=CC(=CC=CC(=CCO)C)C', 'CC1(C(=O)N(C(=O)N1CO)CO)C', 'COC(=O)C1=CC=C(C=C1)O', 'CCCOC(=O)C1=CC=C(C=C1)O']",5
400971446,"['C(C(CO)O)O', 'CCCCCCCCOCCCCCCCC']",4.5
403096459,"['O', 'C(C1C(C(C(C(O1)OC2C(OC(C(C2O)O)O)CO)O)O)O)O', 'C(C(C(C(C(CO)O)O)O)O)O', 'CCCCCCCCCCCC(=O)OCCOCC(C1C(C(CO1)OCCO)OCCO)OCCO', 'C(C(=O)O)O', '[OH-].[Na+]', 'CC1CCC(C(C1)O)C(C)C', 'C(CN(CC(=O)O)CC(=O)O)N(CC(=O)O)CC(=O)O', '[C-]#N.[C-]#N.[C-]#N.[C-]#N.[C-]#N.[C-]#N.[C-]#N.[C-]#N.[C-]#N.[C-]#N.[C-]#N.[C-]#N.[C-]#N.[C-]#N.[C-]#N.[C-]#N.[C-]#N.[C-]#N.[Fe+2].[Fe+2].[Fe+2].[Fe+3].[Fe+3].[Fe+3].[Fe+3]']",4
40488263,"['O', 'C[Si](C)(C)O[Si](C)(C)O[Si](C)(C)C', 'C(C(CO)O)O', 'C[Si](C)(C)O[Si](C)(C)O[Si](C)(C)C', 'C1=CC=C(C=C1)OCCO', 'C=CC(=O)N', 'C1=CC(=CC=C1OCC(CO)O)Cl', 'C=CC(=O)O', 'CCCCCCCCCCCCOCCOCCOCCOCCOCCOCCOCCO', '[OH-].[Na+]']",4.4
414621419,"['O', 'C(C(CO)O)O', 'CCCCCCCCCCCCCCCCCC(=O)OCCCCCCCCCCCCCC(C)C', 'C=CC1=CC=CC=C1', 'CCCCCCCCCCCCCCCCCCO.CCCCCCCCCCCCCCCCO', 'C[Si](C)(C)O[Si](C)(C)O[Si](C)(C)C', 'C1=CC=C(C=C1)OCCO', 'CCCCCCCCCCCCCCCCCC(=O)OCC(CO)O', 'C=CC(=O)OCCO', 'O1[SiH2]O[SiH2]O[SiH2]O[SiH2]O[SiH2]1', 'CC(=C)C(=O)OC', 'C=CC(=O)O', 'C(CN(CC(=O)O)CC(=O)O)N(CC(=O)O)CC(=O)O', 'CC(C)(CO)C(C(=O)NCCCO)O', 'CC1=C(C(=C(C2=C1OC(CC2)(C)CCCC(C)CCCC(C)CCCC(C)C)C)OC(=O)C)C']",4.3
42755834,"['O', 'CCCCCCCCC=CCCCCCCCC(=O)OC(CCOCCC(O)O)O', 'CCCCCCCCCCCCCCCCC(CC(CO)O)C(=O)OCC(CO)O', 'CCCCCCC(CCCCCCCCCCC(=O)OCC(COC(=O)CCCCCCCCCCC(CCCCCC)O)OC(=O)CCCCCCCCCCC(CCCCCC)O)O', 'C[Si](C)(C)O[Si](C)(C)O[Si](C)(C)C', '[O-]S(=O)(=O)[O-].[Mg+2]', 'C1=CC(=CC=C1C=CC2=CC(=CC(=C2)O)O)O', 'CC1=C(C(=O)C(=C(C1=O)OC)OC)CC=C(C)CCC=C(C)CCC=C(C)CCC=C(C)CCC=C(C)CCC=C(C)CCC=C(C)CCC=C(C)CCC=C(C)CCC=C(C)C']",5
43726512,"['O', 'C(C(CO)O)O', 'C[Si](C)(C)O[Si](C)(C)O[Si](C)(C)C', 'CC(C)CCCCCCCCCCCCCCC(=O)OC(C)C', 'C=CC(=O)OCCO', 'C1=CC=C(C=C1)CO', 'CCCCCCCCCCCCCC(C)C', 'CCCCCCCCCCCCCCCCCCO', 'CCCCCCCCCCCCCCCCCCCCCCO', 'CCCCCCCCCCCCCCCCO', 'COC(=O)C1=CC=C(C=C1)O', 'CCOC(=O)C1=CC=C(C=C1)O', 'CCCOC(=O)C1=CC=C(C=C1)O', 'CCCCCCCCCCCCCCCCCCO.CCCCCCCCCCCCCCCCO', 'CCCCCCCCCCCCCCCCCC(=O)O', 'C(CN(CC(=O)O)CC(=O)O)N(CC(=O)O)CC(=O)O']",4.7
4383680,"['C(=O)(O)[O-].[Na+]', 'CCCCCCCCCCCC(=O)OCCOCC(C1C(C(CO1)OCCO)OCCO)OCCO', 'C1=CC(=CC=C1N=NC2C(=NN(C2=O)C3=CC=C(C=C3)S(=O)(=O)[O-])C(=O)[O-])S(=O)(=O)[O-].[Na+].[Na+].[Na+]']",4.7
441829454,"['O', 'CC1C(C(C(C(O1)CO)OC2C(C(C(C(O2)COC3C(C(C(C(O3)CO)OC)O)O)OC4C(C(C(C(O4)CO)OC)O)O)O)O)O)O', 'C(C(CO)O)O', 'C[Si](C)(C)O[Si](C)(C)O[Si](C)(C)C', 'CCCCCCCCCCCCCCCCCCO', 'CCCCCCCCCCCCCCCCCCCCCCO', 'C1=CC=C(C=C1)OCCO', 'C1(C(C(C(C(C1O)O)O)O)O)O', 'CCCCCCCCCCCCCCCCO', 'CCCCCCCCCCCCCCCCCCO.CCCCCCCCCCCCCCCCO', 'CC1=CC(=C(C(=C1)C(C)(C)C)O)C(C)(C)C', 'C(CN(CC(=O)O)CC(=O)O)N(CC(=O)O)CC(=O)O', 'CCCCCCCCCCCCCCCCCC(=O)O', 'CCCCCCCCCCCCCCCC(=O)O', 'C(C(C(C(C(C(=O)[O-])O)O)O)O)O.C(C(C(C(C(C(=O)[O-])O)O)O)O)O.[Zn+2]', 'C(C(C(=O)O)N)C(=O)[O-].C(C(C(=O)O)N)C(=O)[O-].[Mg+2]', 'C(C(C(C(C(C(=O)[O-])O)O)O)O)O.C(C(C(C(C(C(=O)[O-])O)O)O)O)O.[Cu+2]']",4.6
444780734,"['C(C(CO)O)O', 'C[Si](C)(C)O[Si](C)(C)O[Si](C)(C)C', 'C=CC(=O)O', '[OH-].[Na+]', 'C1=CC=C(C=C1)OCCO', 'C(C1C(C(C(C(O1)OC2=C(C(OC2=O)C(CO)O)O)O)O)O)O', 'C(CN(CC(=O)O)CC(=O)O)N(CC(=O)O)CC(=O)O', 'CC1=CC(=C(C=C1N=NC2=C(C3=CC=CC=C3C(=C2)S(=O)(=O)[O-])O)S(=O)(=O)[O-])C.[Na+].[Na+]', 'C1=CC(=CC=C1N=NC2C(=NN(C2=O)C3=CC=C(C=C3)S(=O)(=O)[O-])C(=O)[O-])S(=O)(=O)[O-].[Na+].[Na+].[Na+]']",4.7
449539453,"['O', 'CCCCCCCCCCCCCCCCCCO.CCCCCCCCCCCCCCCCO', 'CCCCCCCCCCCCCC(=O)OC(C)C', 'C(C(CO)O)O', 'CC(C(=O)O)O', 'C1=CC=C(C=C1)C(C(=O)O)O', 'C(C(=O)O)O', 'C=CC(=O)O', 'C(CN(CC(=O)O)CC(=O)O)N(CC(=O)O)CC(=O)O', 'C(C(=O)O)C(CC(=O)O)(C(=O)O)O', 'C1=CC=C(C=C1)OCCO', 'CC(CC(C)(C)O)O', '[OH-].[Na+]']",5
46022493,"['C(C(=O)O)C(CC(=O)O)(C(=O)O)O', 'C(C(CO)O)O', 'CCCCCCCCCCCCCCCCCC(=O)OCC(CO)O', 'CCCCCCCCCCCCCCCC(=O)O', 'C1=CC=C(C=C1)OCCO', 'CCCCCCCCCCCCCCCCCC(=O)O']",4.8
461897583,"['CCO', 'C(C(C1C(=C(C(=O)O1)OP(=O)([O-])[O-])[O-])O)O.[Na+].[Na+].[Na+]', 'CC1=C(C(=C(C2=C1OC(CC2)(C)CCCC(C)CCCC(C)CCCC(C)C)C)OC(=O)C)C', 'C1=CC=C(C=C1)C(=O)[O-].[Na+]', 'CC=CC=CC(=O)[O-].[K+]', 'C(CCO)CCO', 'CC1=C(C(CCC1)(C)C)C=CC(=CC=CC(=CCO)C)C', '[O-]P(=O)([O-])[O-].[K+].[K+].[K+]', 'CC1=C(C(=C(C2=C1OC(CC2)(C)CCCC(C)CCCC(C)CCCC(C)C)C)OC(=O)C)C', 'C1=CC=C(C=C1)C(=O)[O-].[Na+]', 'CC=CC=CC(=O)[O-].[K+]', 'C(C(C1C(=C(C(=O)O1)OP(=O)([O-])[O-])[O-])O)O.[Na+].[Na+].[Na+]', 'CS(=O)(=O)C', 'CC1=C(C(=C(C2=C1OC(CC2)(C)CCCC(C)CCCC(C)CCCC(C)C)C)OC(=O)C)C', 'COC1=C(C=CC(=C1)C=CC(=O)O)O', 'C=CC(=O)O', 'C1=CC=C(C=C1)OCCO']",5
46717008,"['O', 'CCCCCCCCCCCCCCCCO', 'C(C(CO)O)O', 'CCCCCCCCCCCCCCCCCC(=O)OCC(CO)O', 'CCCCCCCCCCCCCCCCCCO.CCCCCCCCCCCCCCCCO', 'C(C(C1C(=C(C(=O)O1)O)O)O)O', 'CCCCCCCCCCCCCCCCCC(=O)O', 'C(CC(=O)[O-])C(C(=O)O)N.[Na+]', 'CCCCCC=CCC=CCCCCCCCC(=O)O', 'CCC=CCC=CCC=CCCCCCCCC(=O)O']",5
471436630,"['O', 'CC1C(C(C(C(O1)CO)OC2C(C(C(C(O2)COC3C(C(C(C(O3)CO)OC)O)O)OC4C(C(C(C(O4)CO)OC)O)O)O)O)O)O', 'C(C(CO)O)O', 'C[Si](C)(C)O[Si](C)(C)O[Si](C)(C)C', 'CCCCCCCCCCCCCCCCCCO', 'CCCCCCCCCCCCCCCCCCCCCCO', 'C1=CC=C(C=C1)OCCO', 'CCCCCCCCCCCCCCCCO', 'CCCCCCCCCCCCCCCCCCO.CCCCCCCCCCCCCCCCO', 'CC1=CC(=C(C(=C1)C(C)(C)C)O)C(C)(C)C', 'C(CN(CC(=O)O)CC(=O)O)N(CC(=O)O)CC(=O)O', 'CCCCCCCCCCCCCCCCCC(=O)O', 'CCCCCCCCCCCCCCCC(=O)O']",4.7
476837290,"['O', 'CCCCCCCCCCCCCCCCO', 'C(C(CO)O)O', 'CCCCCCCCCCCCCCCC(=O)OC(C)C', 'C1=CC=C(C=C1)OCCO', 'CC1=C(C(=C(C2=C1OC(CC2)(C)CCCC(C)CCCC(C)CCCC(C)C)C)OC(=O)C)C', 'C(CN(CC(=O)O)CC(=O)O)N(CC(=O)O)CC(=O)O', 'CCCCCCCCCCCCCCCC(=O)OCC=C(C)C=CC=C(C)C=CC1=C(CCCC1(C)C)C']",2
47826618,['O'],4.2
48206559,"['CCCCCCCCCCCCCC(=O)OC(C)C', 'CCCCCCCCOCCCCCCCC', 'CCCCCCCCCCCCOC(=O)C1=CC=CC=C1', 'CCCCCCCCCCCCCCCC(=O)OC(CC)CCCCC', 'C[Si](C)(C)O[Si](C)(C)O[Si](C)(C)C', 'C=CC(=O)O', 'C1=CC=C(C(=C1)C(=O)O)O', 'CCCCCCCCC=CCCCCCCCC(=O)OCC(C1C(C(CO1)O)O)O', 'CC(=CCCC(C)(C=C)O)C', 'CC(CCC=C(C)C)CCO', 'CCCCCCCCCCCC(=O)OCC(C1C(C(CO1)O)O)O', 'CC(=CCCC(=CCO)C)C', 'CCCCCCCCCCCCCCCC(C(CO)NC(=O)C(CCCCCCCCCCCCCC)O)O', 'C1=CC=C(C=C1)CO', 'CC(=CCCC(=CC=O)C)C', 'CC(CO)O', 'COC1=C(C=CC(=C1)CC=C)O', 'C1=CC=C2C(=C1)C=CC(=O)O2', 'CCCCCCCCCCCCCCOC(=O)CC(C(=O)O)OP(=O)(O)O']",4.3
48452764,[],4.1
485686076,"['C(C(CO)O)O', 'CC1=C(C(CCC1)(C)C)C=CC(=CC=CC(=CCO)C)C', 'C=CC(=O)O', '[OH-].[Na+]', 'O=[Ti]=O']",5
487952636,"['O', 'C(C(CO)O)O', 'C1=CC(=CN=C1)C(=O)N', 'C[N+](C)(C)CC(=O)[O-]', 'C(CCO)CCO', 'CCCCCCCCCCCCCCCCOC(=O)C(CC)CCCC', 'CC(C)(CS(=O)(=O)[O-])NC(=O)C=C.[NH4+]', 'CC(C)CCCC(C)CCCC(C)CCCCC(C)CCCC(C)CCCC(C)C', 'C(COCC(COCCO)OCCO)O', 'C[Si](C)(C)O[Si](C)(C)O[Si](C)(C)C', 'C=CC(=O)OCCO', 'C1=CC=C(C=C1)OCCO', 'CC(C)CCCCCCCCCCCCCCC(=O)OC(CO)C1C(C(CO1)O)O', 'C1=CC(=CC=C1N=NC2C(=NN(C2=O)C3=CC=C(C=C3)S(=O)(=O)[O-])C(=O)[O-])S(=O)(=O)[O-].[Na+].[Na+].[Na+]']",4.6
48810431,"['O', 'CCCCCCCCCCCCCCCCCC(=O)OCC(CC)CCCC', 'CCCCCCCCCCCC(=O)OCC(C1C(C(CO1)O)O)O', 'CC(CO)O', 'C1=CC=C(C=C1)OCCO', 'C(C(CO)O)O', 'CC1(C(=O)N(C(=O)N1CO)CO)C']",4.1
48987363,[],4.4
491676560,"['O', 'CCC(O)O', 'C1=CC(=CC=C1OCC(CO)O)Cl', 'C1=CC=C(C=C1)OCCO', '[Cl-].[K+]', 'C(CN(CC(=O)O)CC(=O)O)N(CC(=O)O)CC(=O)O']",4.2
49238659,"['O', 'C(C(CO)O)O', 'CCCCCCCCCCCCCCCCCC(=O)OCCCCCCCCCCCCCC(C)C', 'C[Si](C)(C)O[Si](C)(C)O[Si](C)(C)C', 'CCCCCCCCCCCCCCCCO', 'CCCCCCCCCCCCCCCCCC(=O)OCC(CO)O']",4.4
49409699,"['O', 'C[Si](C)(C)O[Si](C)(C)O[Si](C)(C)C', 'CCCCCCCCCCCCCCCC(=O)OC(CC)CCCCC', 'C(C(CO)O)O', 'CCCCCCCCCCCCCCCCCCO.CCCCCCCCCCCCCCCCO', 'CCCCCCCCCCCCCCCCCC(=O)O', 'CC1=C(C(=C(C2=C1OC(CC2)(C)CCCC(C)CCCC(C)CCCC(C)C)C)OC(=O)C)C', 'C=CC(=O)O', 'C(CN(CC(=O)O)CC(=O)O)N(CC(=O)O)CC(=O)O', 'CC1=CC(=C(C(=O)O1)C(=O)C)[O-].[Na+]', 'C(CO)N(CCO)CCO', 'C1=CC=C(C=C1)OCCO']",4.2
50003625,"['O', 'C(C(CO)O)O', 'CCCCCCCCCCCCCCCCCC(=O)OCC(CO)O', 'CCCCCCCCCCCCCCCCCCCCCCO', 'C(CC(C(=O)O)N)CN=C(N)N', 'CC1=C(C(=C(C2=C1OC(CC2)(C)CCCC(C)CCCC(C)CCCC(C)C)C)OC(=O)C)C', 'CCCCCCCCCCCCCCCC(=O)OC(CC)CCCCC', 'C=CC(=O)O', 'CCCCCCCCCCCCCCCCCCCCCC(=O)OC(CCCCCCCCCCC)CCCCCC(=O)O', 'CCCCCCCCCCCCCCCCCC(=O)OCC(CC)CCCC', 'CCCCCCCC(=O)OCC(CO)O', 'CC=CC=CC(=O)[O-].[K+]', '[OH-].[Na+]', 'C1=CC=C(C=C1)C(=O)[O-].[Na+]', 'C1=CC=C(C=C1)OCCO']",3.9
50007667,"['O', 'C(C(CO)O)O', 'C[Si](C)(C)O[Si](C)(C)O[Si](C)(C)C', 'CCCCCCCCCCCCCCCCCCOCCO', 'CCCCCCCCCCCCCCCCCCOCCO', 'CCCCCCCCCCCCCCCCCC(=O)O', 'CCCCCCCCCCCCCCCCCCO.CCCCCCCCCCCCCCCCO', 'CCCCCCCCCCCCCCCCCC(=O)OCC(CO)O', 'C(CO)N(CCO)CCO', 'C=CC(=O)O', 'CC1=C(C(=C(C2=C1OC(CC2)(C)CCCC(C)CCCC(C)CCCC(C)C)C)OC(=O)C)C', 'C(CN(CC(=O)O)CC(=O)O)N(CC(=O)O)CC(=O)O']",4
516614636,"['C(C(CO)O)O', 'C=C', 'C(CCO)CCO', 'C1(C(=O)NC(=O)N1)NC(=O)N', 'C1=C(NC=N1)CC(C(=O)O)NC(=O)CCN', 'C[Si](C)(C)O[Si](C)(C)O[Si](C)(C)C', 'C=CC(=O)OCCO', 'C1=CC=C(C=C1)CO', 'O=[Ti]=O', 'CCCCCCCCCCCCCCCCCCO', 'CCCCCCCCCCCCCCCCCCCCCCO', 'C=CC(=O)N', 'CCCCCCCCCCCCCCCCO', 'COC(=O)C1=CC=C(C=C1)O', 'CCCOC(=O)C1=CC=C(C=C1)O', 'CCOC(=O)C1=CC=C(C=C1)O', 'CCCCCCCCCCCCCCCCCCO.CCCCCCCCCCCCCCCCO', 'C(C(C1C(=C(C(=O)O1)OP(=O)([O-])[O-])[O-])O)O.[Na+].[Na+].[Na+]', 'C(C(=O)O)C(CC(=O)O)(C(=O)O)O', 'CC1=CC(=C(C(=C1)C(C)(C)C)O)C(C)(C)C', 'CCCCCCCCCCCCOCCOCCOCCOCCOCCOCCOCCO', 'C(CN(CC(=O)O)CC(=O)O)N(CC(=O)O)CC(=O)O', 'CCCCCCCCCCCCCCCCCC(=O)O', 'CCCCCCCCCCCCCCCC(=O)O', 'CCCCNC(=O)OCC#CI']",4.5
519350834,[],4.4
521709440,"['O', 'CC(=O)NC(CCC(=O)O)C(=O)NC(CCC(=O)O)C(=O)NC(CCSC)C(=O)NC(CCC(=O)N)C(=O)NC(CCCN=C(N)N)C(=O)NC(CCCN=C(N)N)C(=O)N', 'CC(C)CCCC(C)CCCC(C)CCCCC(C)CCCC(C)CCCC(C)C', 'CCCCCCCCCCCCCCCCO', 'C(C(CO)O)O', 'CCCCCCCCCCCCCCCCCC(=O)OCC(CO)O', 'C=CC(=O)N', 'C1=CC=C(C=C1)OCCO', 'CCCCCCCCCCCCOCCOCCOCCOCCOCCOCCOCCO']",5
55039154,"['O', 'C(C(CO)O)O', 'CCCCCCCCCCCCCCCCO', 'CCCCCCCCCCCCCCCCCC(=O)O', 'CCCCCCCCCCCCCCCCCC(=O)OCC1(C(C(C(O1)CO)O)O)OC2C(C(C(C(O2)CO)O)O)O', 'O.O.O=[Al]O[Si](=O)O[Si](=O)O[Al]=O', 'C1(C(C(C(C(C1OP(=O)([O-])[O-])OP(=O)([O-])[O-])OP(=O)([O-])[O-])OP(=O)([O-])[O-])OP(=O)([O-])[O-])OP(=O)([O-])[O-].[Na+].[Na+].[Na+].[Na+].[Na+].[Na+].[Na+].[Na+].[Na+].[Na+].[Na+].[Na+]', 'C(C(=O)O)C(CC(=O)O)(C(=O)O)O', 'CCO', 'C1=CC=C(C=C1)OCCO', 'C1=CC=C(C=C1)COC(=O)C2=CC=CC=C2O', 'CC1=CCC(CC1)C(=C)C']",4.4
55426796,"['O', 'C(C(CO)O)O', 'CCCCCCCCCCCCOC(=O)C1=CC=CC=C1', 'C[Si](C)(C)O[Si](C)(C)O[Si](C)(C)C', 'CCCCCCCCCCCCCCCCCCO.CCCCCCCCCCCCCCCCO', 'CCCCCCCCCCCCCCCCCC(=O)OCC(CO)O', 'CCCCCCCCC=C', 'C=CC(=O)[O-].[Na+]', 'CCCCCCCCCCCCCOCCO', 'C=CC(=O)O', 'CC(CCCC(C)(C)O)CC=O', 'C1=CC=C(C=C1)COC(=O)C2=CC=CC=C2O', 'C(CO)N(CCO)CCO', 'C1=CC=C(C=C1)OCCO']",5
556126877,"['O', 'CC(C)(CO)C(C(=O)NCCC(=O)O)O', 'CC1=C(C2=C(CCC(O2)(C)CCCC(C)CCCC(C)CCCC(C)C)C(=C1O)C)C']",4.4
599890870,"['O', 'C[Si](C)(C)O[Si](C)(C)O[Si](C)(C)C', 'C(C(CO)O)O', 'C[Si](C)(C)O[Si](C)(C)O[Si](C)(C)C', 'C=CC(=O)OCCO', 'O1[SiH2]O[SiH2]O[SiH2]O[SiH2]O[SiH2]1', 'CC(=C)C(=O)OC', 'C[Si](C)(C)OO[Si](=O)OO[Si](C)(C)C', 'CCCCCCCCCCCCCC(C)C', 'C[Si](C)(C)O[Si](C)(C)O[Si](C)(C)C', 'CCCCCCCCCC(C)C', 'C1(C(=O)NC(=O)N1)NC(=O)N', 'CCC(O)O', 'O=[Si]=O', 'CC(C)CCCCCCCCCCCCCCC(=O)OC(CO)C1C(C(CO1)O)O', 'C1=NC(=C2C(=N1)N(C=N2)C3C(C(C(O3)CO)O)O)N', 'C1=CC=C(C=C1)OCCO', 'C(C(=O)[O-])C(CC(=O)[O-])(C(=O)[O-])O.[Na+].[Na+].[Na+]', 'C1=CC=C(C=C1)C(=O)[O-].[Na+]', 'C(C(=O)O)C(CC(=O)O)(C(=O)O)O', 'CC=CC=CC(=O)[O-].[K+]', 'C1=CC(=CC=C1N=NC2C(=NN(C2=O)C3=CC=C(C=C3)S(=O)(=O)[O-])C(=O)[O-])S(=O)(=O)[O-].[Na+].[Na+].[Na+]']",5
613120151,"['O', 'C(CO)NC(=O)N', 'C[Si](C)(C)O[Si](C)(C)O[Si](C)(C)C', 'O1[SiH2]O[SiH2]O[SiH2]O[SiH2]O[SiH2]1', 'CCCCCCCCCCCCCCCCCC(=O)OCC(CO)O', 'CCCCCCCCCCCCCCCCCCOCCO', 'CCCCCCCCCCCCCCCCCCO', 'C1(C(=O)NC(=O)N1)NC(=O)N', 'CN(CC(=O)O)C(=N)N', 'C(C(CO)O)O', 'CC1=CCC(CC1)C(C)(CCC=C(C)C)O', 'CCCCCCCCC(CCCCCC)(CCCCCC)C(CCCCCC)(CCCCCC)OC1=C(C(=O)OC1C(CO)O)O', 'CC(CO)O', 'CCCCCCCCCCCCCCCCCCO.CCCCCCCCCCCCCCCCO', 'COC(=O)C1=CC=C(C=C1)O', 'CC(C)(CO)C(C(=O)NCCCO)O', 'C(CCO)CCO', 'C(CN(CC(=O)O)CC(=O)O)N(CC(=O)O)CC(=O)O', 'CC(C)(C)C1CCC(CC1)O', 'CC1=C(C(=C(C2=C1OC(CC2)(C)CCCC(C)CCCC(C)CCCC(C)C)C)OC(=O)C)C']",4.4
618785653,"['O', 'CCCCCCCCOCCCCCCCC', 'C1CC(=O)NC1C(=O)[O-].[Na+]', 'CC(=O)O.C(C(C(C(C(C=O)O)O)O)O)O.[Na]', 'C(C1C(C(C(C(O1)OC2(C(C(C(O2)CO)O)O)CO)O)O)O)O', 'C(C(CO)O)O', 'CC(C(=O)O)O', 'C1=CC=C(C=C1)C(=O)[O-].[Na+]', 'CC=CC=CC(=O)[O-].[K+]', 'CC(=CCCC(C)(C=C)O)C']",3.6
631560422,"['O', 'C(C(CO)O)O', 'CCCCCCCCCCCCCCCCCCO.CCCCCCCCCCCCCCCCO', 'CCCCCCCCCCC(CCCCCCCC)CO', 'C1=CC(=CN=C1)C(=O)N', 'CCCCCCCCCCCCCCO', 'C(CCO)CCO', 'CCCCCCCCCCCCCCCC(=O)O', 'CCCCCCCCCCCCCCCC(=O)OCC(C1C(=C(C(=O)O1)O)O)O', 'C=CC(=O)OCCO', 'C(C1C(C(C(C(O1)OC2C(OC(C(C2O)O)OC3C(OC(C(C3O)O)O)CO)CO)O)O)O)O', 'CC(=O)O.C(C(C(C(C(C=O)O)O)O)O)O.[Na]', 'CC1CC(C(=O)C1=O)C', 'C1=NC(=C2C(=N1)N(C=N2)C3C(C(C(O3)CO)O)O)N', 'C1=CC(=CC=C1N=NC2C(=NN(C2=O)C3=CC=C(C=C3)S(=O)(=O)[O-])C(=O)[O-])S(=O)(=O)[O-].[Na+].[Na+].[Na+]', 'C1=CC=C(C(=C1)C(=O)O)NC(=O)CCC2=CC=C(C=C2)O', 'C1=CC=C(C=C1)C(=O)[O-].[Na+]', 'C(C(=O)O)C(CC(=O)O)(C(=O)O)O', 'C1=CC=C(C=C1)OCCO', 'CC=CC=CC(=O)[O-].[K+]']",3.4
633724892,"['O', 'C(C(CO)O)O', 'C1=CC(=CN=C1)C(=O)N', 'CCCCCCCCCCCCCC(C)C', 'CC(C)CCCCCCCCCCCCCCC(=O)OC(C)C', 'CC(C)(CO)C(C(=O)NCCCO)O', 'C[Si](C)(C)O[Si](C)(C)O[Si](C)(C)C', 'CCCCCCCCCCCCCCCCCCO.CCCCCCCCCCCCCCCCO', 'CCCCCCCCCCCCCCCCCC(=O)O', 'CCCCCCCCCCCCCCCC(=O)O', 'CCCCCCCCCCCCCCCCCCO', 'CCCCCCCCCCCCCCCCO', 'CCCCCCCCCCCCCCCCCCCCCCO', 'C(CN(CC(=O)O)CC(=O)O)N(CC(=O)O)CC(=O)O']",4.4
636738096,"['O', 'CC1C(C(C(C(O1)CO)OC2C(C(C(C(O2)COC3C(C(C(C(O3)CO)OC)O)O)OC4C(C(C(C(O4)CO)OC)O)O)O)O)O)O', 'C(C(CO)O)O', 'C[Si](C)(C)O[Si](C)(C)O[Si](C)(C)C', 'CCCCCCCCCCCCCCCCCCO', 'CCCCCCCCCCCCCCCCCCCCCCO', 'C1=CC=C(C=C1)OCCO', 'CCCCCCCCCCCCCCCCO', 'CCCCCCCCCCCCCCCCCCO.CCCCCCCCCCCCCCCCO', 'C(CN(CC(=O)O)CC(=O)O)N(CC(=O)O)CC(=O)O', 'CCCCCCCCCCCCCCCCCC(=O)O', 'CCCCCCCCCCCCCCCC(=O)O']",4.5
641724726,"['CC1=C(C(CCC1)(C)C)C=CC(=CC=CC(=CCO)C)C', 'C1=CC(=CN=C1)C(=O)O', 'O', 'C1=CC=C(C(=C1)C(=O)O)O', 'CCCCCCCOP(=S)(OCCCCCCC)[S-].CCCCCCCOP(=S)(OCCCCCCC)[S-].[Zn+2]', 'CC1=CCC(CC1)C(=C)C', 'CCCCCCCCCCCCCCCCO']",1
671526832,"['O', 'C(C(CO)O)O', 'CCCCCCCCCCCCCCCCCC(=O)OCCCCCCCCCCCCCC(C)C', 'C[Si](C)(C)O[Si](C)(C)O[Si](C)(C)C', 'CCCCCCCCCCCCCCCCO', 'CCCCCCCCCCCCCCCCCC(=O)OCC(CO)O', 'C1CCC(CC1)C(C(=O)N2CCC2C(=O)NCC3=CC=C(C=C3)C(=N)N)NCC(=O)O']",4.6
689084964,"['CCCCCCCCCCCCOC1C(C(C(C(O1)CO)O)O)O', 'CCCCCCCCCCCC(=O)NCCC[N+](C)(C)CC(=O)[O-]', 'CCOC(=O)C=C.CC(=C)C(=O)O.CC(=C)C(=O)OC', 'C(C(CO)O)O', 'C1=CC=C(C=C1)OCCO', '[Na+].[Cl-]', '[OH-].[K+]', 'C(CN(CC(=O)O)CC(=O)O)N(CC(=O)O)CC(=O)O', 'CC1CC(C(=O)C1=O)C', 'CCCCCCCCCCCCCCCCOC(=O)C(CC)CCCC', 'C(C(CO)O)O', 'CCCCCCCCCCCCCCCCCC(=O)OCC(CO)O', 'C1=CC(=CN=C1)C(=O)N', 'CCCCCCCCOC(=O)OCCCCCCCC', 'CCCCCCCCCCCCCCCCO', 'CCCCCCCCC=C', 'C[N+](C)(C)CC(=O)[O-]', 'CC(C)(CO)C(C(=O)NCCCO)O', 'C=CC(=O)OCCO', 'C1=CC=C(C=C1)OCCO', 'CC1=C(C(=C(C2=C1OC(CC2)(C)CCCC(C)CCCC(C)CCCC(C)C)C)OC(=O)C)C', 'CCCCCCC1C=CC(C(C1CCCCCC)C=CCCCCCCCCO)CCCCCCCCOC(=O)CCCCCCCC=CC2C(C=CC(C2CCCCCC)CCCCCC)CCCCCCCC(=O)O', 'CC1CC(C(=O)C1=O)C', 'CC(C)CCCCCCCCCCCCCCC(=O)OC(CO)C1C(C(CO1)O)O', 'CCC(O)O', 'CC(C)CCCC(C)CCCC(C)CCCCC(C)CCCC(C)CCCC(C)C', 'CCCCCCCCCCCCCCCCCC(=O)OCC(CO)O', 'C(CCO)CCO', 'C=CC(=O)OCCO', 'C(C(CO)O)O', 'CC(C)(CO)C(C(=O)NCCCO)O', 'CCCCCCC1C=CC(C(C1CCCCCC)C=CCCCCCCCCO)CCCCCCCCOC(=O)CCCCCCCC=CC2C(C=CC(C2CCCCCC)CCCCCC)CCCCCCCC(=O)O', 'CC1CC(C(=O)C1=O)C', 'CC(C)CCCCCCCCCCCCCCC(=O)OC(CO)C1C(C(CO1)O)O', 'CC1(C2CCC3(C(C2(CCC1OC4C(C(C(C(O4)C(=O)[O-])O)O)OC5C(C(C(C(O5)C(=O)[O-])O)O)O)C)C(=O)C=C6C3(CCC7(C6CC(CC7)(C)C(=O)O)C)C)C)C.[K+].[K+]', 'C(CN(CC(=O)O)CC(=O)O)N(CC(=O)O)CC(=O)O', 'CC(COCC1C(C(C(C(O1)OC2C(OC(C(C2OCC(C)O)OCC(C)O)OCC(C)O)COCC(C)O)OCC(C)O)OCC(C)O)OCC(C)O)O', 'C1=CC=C(C=C1)OCCO', 'C(C(CO)O)O', 'CC(C)CCCC(C)CCCC(C)CCCCC(C)CCCC(C)CCCC(C)C', 'CCC(O)O', 'C(CCO)CCO', 'CCCCCCCCCCCCCCCCCC(=O)OCC(CO)O', 'CCCCCCC1C=CC(C(C1CCCCCC)C=CCCCCCCCCO)CCCCCCCCOC(=O)CCCCCCCC=CC2C(C=CC(C2CCCCCC)CCCCCC)CCCCCCCC(=O)O']",4.5
718528441,"['O', 'CC(CO)O', 'C(C(CO)O)O', 'C[N+](C)(C)CC(=O)[O-]', 'C1(C(=O)NC(=O)N1)NC(=O)N', 'CC1(C2CCC3(C(C2(CCC1OC4C(C(C(C(O4)C(=O)[O-])O)O)OC5C(C(C(C(O5)C(=O)[O-])O)O)O)C)C(=O)C=C6C3(CCC7(C6CC(CC7)(C)C(=O)O)C)C)C)C.[K+].[K+]', 'C(CN(CC(=O)O)CC(=O)O)N(CC(=O)O)CC(=O)O', 'CCCCCCCCCCCCOCCOC(C)CO', 'CC1=C(C(=C(C2=C1OC(CC2)(C)CCCC(C)CCCC(C)CCCC(C)C)C)OC(=O)C)C', 'C1=CC=C(C=C1)OCCO']",3.9
719247830,"['CCCCCCCCCCCCCCCCO', 'CCCCCCCCCCCCCCCCCC(=O)O', 'CCCCCCCCCCCCCCCCCC(=O)OCC(CO)O']",4.1
729112048,"['O', 'C(=O)(N)N', 'CCCCCCCCCCCCCCCCCCO.CCCCCCCCCCCCCCCCO', 'C(C(CO)O)O', 'CCCCCCCCCCCCCCCCO', 'C1=CC(=CN=C1)C(=O)N', 'CCCCCCCCCCCCOCCOCCOCCOCCOCCOCCOCCOCCOCCO', 'CCCCCCCCCCCCCCCCCCCCCC[N+](C)(C)C.COS(=O)(=O)[O-]', 'C[Si](C)(C)O[Si](C)(C)O[Si](C)(C)C', 'CCCCCCCCCCCCCCCCCC(=O)OCCCCCCCCCCCCCCCCCCCCCCCCCCC(=O)NC(CO)C(C(CCCCCCCCCCCCCC)O)O', 'CCCCCCCCCCCCCCC(C(C(CO)N)O)O', 'CC(C)CCCC(C)C1CCC2C1(CCC3C2CC=C4C3(CCC(C4)O)C)C', 'CCCCCCCCCCCCCCCCCC(=O)OCC(CO)O', 'C(CN(CC(=O)O)CC(=O)O)N(CC(=O)O)CC(=O)O', 'CCCCCCCCCCCC(=O)OC(C)C(=O)OC(C)C(=O)[O-].[Na+]', 'C1C2=CC=CC=C2OC3=CC=CC=C31']",4.7
745970066,"['CCCCCCCCCCCCOC1C(C(C(C(O1)CO)O)O)O', 'CCCCCCCCCCCC(=O)OCCOCC(C1C(C(CO1)OCCOC)OCCOC)OCCOC', 'CCCCCCCCCCCC(=O)NCCC[N+](C)(C)CC(=O)[O-]', 'CCOC(=O)C=C.CC(=C)C(=O)O.CC(=C)C(=O)OC', 'C(C(CO)O)O', 'C1=CC=C(C=C1)OCCO', '[Na+].[Cl-]', '[OH-].[K+]', 'COC1=C(C=C(C(=C1)O)C(=O)C2=CC(=C(C=C2O)OC)S(=O)(=O)[O-])S(=O)(=O)[O-].[Na+].[Na+]', 'C(CN(CC(=O)O)CC(=O)O)N(CC(=O)O)CC(=O)O', 'CC1CC(C(=O)C1=O)C', 'C(CCO)CCO', 'C1=CC=C(C(=C1)C(=O)O)NC(=O)CCC2=CC=C(C=C2)O', 'C1=CC(=CC=C1N=NC2C(=NN(C2=O)C3=CC=C(C=C3)S(=O)(=O)[O-])C(=O)[O-])S(=O)(=O)[O-].[Na+].[Na+].[Na+]', 'C(C(CO)O)O', 'C[Si](C)(C)O[Si](C)(C)O[Si](C)(C)C', 'C(CCO)CCO', 'CC1=C(C(=C(C2=C1OC(CC2)(C)CCCC(C)CCCC(C)CCCC(C)C)C)OC(=O)C)C', 'C1=CC=C(C=C1)OCCO', 'CC(C)(CS(=O)(=O)[O-])NC(=O)C=C.[NH4+]', 'C=CC(=O)O', '[OH-].[K+]', 'CC1(C2CCC3(C(C2(CCC1OC4C(C(C(C(O4)C(=O)[O-])O)O)OC5C(C(C(C(O5)C(=O)[O-])O)O)O)C)C(=O)C=C6C3(CCC7(C6CC(CC7)(C)C(=O)O)C)C)C)C.[K+].[K+]', 'CC1CC(C(=O)C1=O)C', 'C1=CC=C(C(=C1)C(=O)O)NC(=O)CCC2=CC=C(C=C2)O', 'C1=CC(=CC=C1N=NC2C(=NN(C2=O)C3=CC=C(C=C3)S(=O)(=O)[O-])C(=O)[O-])S(=O)(=O)[O-].[Na+].[Na+].[Na+]', 'C(C(CO)O)O', 'CCCCCCCCCCCCCCCCCCO.CCCCCCCCCCCCCCCCO', 'CCCCCCCCCCC(CCCCCCCC)CO', 'C1=CC(=CN=C1)C(=O)N', 'CCCCCCCCCCCCCCO', 'C(CCO)CCO', 'CCCCCCCCCCCCCCCC(=O)O', 'CCCCCCCCCCCCCCCC(=O)OCC(C1C(=C(C(=O)O1)O)O)O', 'C=CC(=O)OCCO', 'C(C1C(C(C(C(O1)OC2C(OC(C(C2O)O)OC3C(OC(C(C3O)O)O)CO)CO)O)O)O)O', 'CC(=O)O.C(C(C(C(C(C=O)O)O)O)O)O.[Na]', 'CC1CC(C(=O)C1=O)C', 'C1=NC(=C2C(=N1)N(C=N2)C3C(C(C(O3)CO)O)O)N', 'C1=CC(=CC=C1N=NC2C(=NN(C2=O)C3=CC=C(C=C3)S(=O)(=O)[O-])C(=O)[O-])S(=O)(=O)[O-].[Na+].[Na+].[Na+]', 'C1=CC=C(C(=C1)C(=O)O)NC(=O)CCC2=CC=C(C=C2)O', 'C1=CC=C(C=C1)C(=O)[O-].[Na+]', 'C(C(=O)O)C(CC(=O)O)(C(=O)O)O', 'C1=CC=C(C=C1)OCCO', 'C(C(CO)O)O', 'C[Si](C)(C)O[Si](C)(C)O[Si](C)(C)C', 'O1[SiH2]O[SiH2]O[SiH2]O[SiH2]O[SiH2]1', 'CCCCCCCCCCCCCCCCCCO.CCCCCCCCCCCCCCCCO', 'C(COCC(COCCO)OCCO)O', 'C1=CC(=CN=C1)C(=O)N', 'C(CCO)CCO', 'CCCCCCCCCCCCCCCCCC(=O)OCC(CO)O', 'C1=CC=C(C=C1)OCCO', 'CC(C)(CS(=O)(=O)[O-])NC(=O)C=C.[NH4+]', 'CCCCCCCCCCCCCCCCCC(=O)OCCOCCOCCOCCOC(=O)CCCCCCCCCCCCCCCCC', 'CC1(C2CCC3(C(C2(CCC1OC4C(C(C(C(O4)C(=O)[O-])O)O)OC5C(C(C(C(O5)C(=O)[O-])O)O)O)C)C(=O)C=C6C3(CCC7(C6CC(CC7)(C)C(=O)O)C)C)C)C.[K+].[K+]', 'C=CC(=O)[O-].[Na+]', 'C1=NC(=C2C(=N1)N(C=N2)C3C(C(C(O3)CO)O)O)N', 'CC1CC(C(=O)C1=O)C', 'C=CC(=O)O', 'C(CN(CC(=O)O)CC(=O)O)N(CC(=O)O)CC(=O)O', 'CCCCCCCCCCCC(=O)OCCOCC(C1C(C(CO1)OCCO)OCCO)OCCO', 'C1=CC(=CC=C1N=NC2C(=NN(C2=O)C3=CC=C(C=C3)S(=O)(=O)[O-])C(=O)[O-])S(=O)(=O)[O-].[Na+].[Na+].[Na+]', 'CC1=CC(=C(C=C1S(=O)(=O)[O-])OC)N=NC2=C(C=CC3=C2C=CC(=C3)S(=O)(=O)[O-])O.[Na+].[Na+]', 'CCCCCCCCCCCCCCCC(=O)NCC(=O)NC(CC1C=NC=N1)C(=O)NC(CCCCN)C(=O)O', 'CCCCCCCCCCCCCCCC(=O)NCC(=O)NC(CCC(=O)N)C(=O)N1CCCC1C(=O)NC(CCCN=C(N)N)C(=O)O']",4.5
763536502,"['O', 'CC(CC(C)(C)O)O', 'C(C(CO)O)O', 'C1=CC(=CN=C1)C(=O)N', 'C1=CC=C(C=C1)OCCO', 'C1=CC=C(C=C1)C(=O)[O-].[Na+]', 'C(CN(CC(=O)O)CC(=O)O)N(CC(=O)O)CC(=O)O']",4.4
773211491,"['O', 'O1[SiH2]O[SiH2]O[SiH2]O[SiH2]O[SiH2]1', 'CCCCCCCCCCCCCC(=O)OC(C)C', 'CCCCCCCCCCCCCCCCOC(=O)C(CC)CCCC', 'C1=CC(=CN=C1)C(=O)N', 'C1=CC(=CC=C1C=CC2=CC(=CC(=C2)O)O)O', 'CCCCCCCCCCCCCCCCCC(=O)[O-].CCCCCCCCCCCCCCCCCC(=O)[O-].CCCCCCCCCCCCCCCCCC(=O)[O-].COC1C(C(C(C(O1)CO)O)O)O.COC1C(C(C(C(O1)CO)O)O)O', 'CC1=C(C(=C(C2=C1OC(CC2)(C)CCCC(C)CCCC(C)CCCC(C)C)C)OC(=O)C)C', 'C(C(=O)O)O', 'C1=CC=C2C(=C1)C(=CC=C2S(=O)(=O)[O-])N=NC3=C(C=CC4=CC(=CC(=C43)S(=O)(=O)[O-])S(=O)(=O)[O-])O.[Na+].[Na+].[Na+]']",4.3
818526458,"['C1=CC=C(C=C1)OCCO', 'CC1=CC(=C(C(=C1)C(C)(C)C)O)C(C)(C)C']",4.6
821593067,"['O', 'C[Si](C)(C)O[Si](C)(C)O[Si](C)(C)C', 'C(C(CO)O)O', 'C[Si](C)(C)O[Si](C)(C)O[Si](C)(C)C', 'C1=CC=C(C=C1)OCCO', 'C=CC(=O)N', 'C1=CC(=CC=C1OCC(CO)O)Cl', 'C=CC(=O)O', 'CCCCCCCCCCCCOCCOCCOCCOCCOCCOCCOCCO', '[OH-].[Na+]']",4.4
830450281,"['O', 'C[Si](C)(C)O[Si](C)(C)O[Si](C)(C)C', 'C(C(CO)O)O', 'C1=CC=C(C=C1)C(C(=O)O)O', 'CCOC(=O)CC(CC(=O)OCC)(C(=O)OCC)O', 'C(C1C(C(C(C(=O)O1)O)O)O)O', 'CC(=O)C1(C(C(C(C(O1)CO)O)O)N)O', 'C=CC(=O)OCCO', 'CC(C)CCCC(C)CCCC(C)CCCCC(C)CCCC(C)CCCC(C)C', '[OH-].[Na+]', 'C1=CC=C(C=C1)OCCO', 'C1=CC(=CC=C1OCC(CO)O)Cl', 'CCCCCCCCCCCCCCCCCCO.CCCCCCCCCCCCCCCCO', 'C(CN(CC(=O)O)CC(=O)O)N(CC(=O)O)CC(=O)O', 'O=[Si]=O', 'O=[Ti]=O', 'CC1=CC(=C(C=C1S(=O)(=O)[O-])OC)N=NC2=C(C=CC3=C2C=CC(=C3)S(=O)(=O)[O-])O.[Na+].[Na+]']",4.5
831399052,"['C(C(C1C(=C(C(=O)O1)OP(=O)([O-])[O-])[O-])O)O.[Na+].[Na+].[Na+]', 'CS(=O)(=O)C', 'C1=CC(=CN=C1)C(=O)N', 'CC1=C(C(CCC1)(C)C)C=CC(=CC=CC(=CCO)C)C', 'C=CC(=O)O', 'C1=CC=C(C=C1)OCCO']",5
847289342,"['O', 'C(C(CO)O)O', 'CC1C(C(C(C(O1)CO)OC2C(C(C(C(O2)COC3C(C(C(C(O3)CO)OC)O)O)OC4C(C(C(C(O4)CO)OC)O)O)O)O)O)O', 'CCCCCCCCCCCCCC(C)C', 'CC(C)CCCCCCCCCCCCCCC(=O)OC(C)C', 'CCCCCCCCCCCCCCCCCCO', 'C[Si](C)(C)O[Si](C)(C)O[Si](C)(C)C', 'CCCCCCCCCCCCCCCCO', 'CCCCCCCCCCCCCCCCCCCCCCO', 'C1=CC=C(C=C1)OCCO', 'CCCCCCCCCCCCCCCCCCO.CCCCCCCCCCCCCCCCO', 'CCCCCCCCCCCCCCCCCC(=O)O', 'CCCCCCCCCCCCCCCC(=O)O', 'CC1=CC(=C(C(=C1)C(C)(C)C)O)C(C)(C)C', 'C(CN(CC(=O)O)CC(=O)O)N(CC(=O)O)CC(=O)O']",4.7
848831036,"['O', 'CCCCCCCCCCCCCCCCCC(=O)OCC(CO)O', 'C(C(CO)O)O', 'CCCCCCCCCCCCCCCCO', 'CCCCCCCCCCCCCCCCCCO', 'CCCCCCCCCCCCCCCCCC(=O)OCC(COC(=O)CC(CC(=O)O)(C(=O)O)O)O', 'CCCCCCCCCCCCCCCCCCO.CCCCCCCCCCCCCCCCO', 'CCCCCCCC(=O)OCC(CO)O', 'CC1=CCC(CC1)C(C)(CCC=C(C)C)O']",3.8
849063528,"['CCCCCCCCCCCCCCCCCC(=O)O', 'C(C(CO)O)O', 'CCCCCCCCCCCCCCCCCC(=O)OCC(CO)O', 'CCCCCCCCCCCCCCCCCCCCCCO', 'CCCCCCCCCCCCCCCCO', 'C(CN)COP(=O)(O)OC1=C(C(OC1=O)C(CO)O)O', 'CC1(C2CCC3(C(C2(CCC1OC4C(C(C(C(O4)C(=O)[O-])O)O)OC5C(C(C(C(O5)C(=O)[O-])O)O)O)C)C(=O)C=C6C3(CCC7(C6CC(CC7)(C)C(=O)O)C)C)C)C.[K+].[K+]', 'C1=CC=C(C=C1)OCCO', 'CC(CC(C)(C)O)O', '[OH-].[Na+]', 'C(CN(CC(=O)O)CC(=O)O)N(CC(=O)O)CC(=O)O', 'CC1=CCC(CC1)C(=C)C', 'CC(=CCCC(C)(C=C)O)C']",5
849094158,"['C(C(CO)O)O', 'CCCCCCCCOCCCCCCCC']",4.5
934750524,"['O', 'C(C(CO)O)O', 'C1=CC(=CN=C1)C(=O)N', 'C[Si](C)(C)O[Si](C)(C)O[Si](C)(C)C', 'C[N+](C)(C)CC(=O)[O-]', 'C(CCO)CCO', 'C(C(C(C(C(CO)O)O)O)O)O', 'C(COCC(COCCO)OCCO)O', 'C=CC(=O)OCCO', 'CC(C)(CS(=O)(=O)[O-])NC(=O)C=C.[NH4+]', 'CC(C)CCCC(C)CCCC(C)CCCCC(C)CCCC(C)CCCC(C)C', 'C1=CC=C(C=C1)OCCO', 'CCC(O)O', 'CC(C)CCCCCCCCCCCCCCC(=O)OC(CO)C1C(C(CO1)O)O', 'C1=CC=C(C=C1)C(=O)[O-].[Na+]', 'C(C(=O)O)C(CC(=O)O)(C(=O)O)O', 'CC=CC=CC(=O)[O-].[K+]', 'C1=CC(=CC=C1N=NC2C(=NN(C2=O)C3=CC=C(C=C3)S(=O)(=O)[O-])C(=O)[O-])S(=O)(=O)[O-].[Na+].[Na+].[Na+]']",4.5
951010429,"['C(C(CO)O)O', 'CC1=C(C2=C(CCC(O2)(C)CCCC(C)CCCC(C)CCCC(C)C)C(=C1O)C)C', 'CC1=C(C2=C(CCC(O2)(C)CCCC(C)CCCC(C)CCCC(C)C)C(=C1O)C)C', 'CCCCCCCCCCCCCCCCCC(=O)O']",4.3
960073685,"['O', 'C(C(CO)O)O', 'CCCCCCCCCCCCCCCCCC(=O)OCCCCCCCCCCCCCC(C)C', 'CCCCCCCCCCCCCCCCO', 'CCCCCCCCCCCCCCCCCC(=O)OCC(CO)O', 'C1CCC(CC1)C(C(=O)N2CCC2C(=O)NCC3=CC=C(C=C3)C(=N)N)NCC(=O)O']",4.4
964670537,"['C(C(CO)O)O', 'C1=CC(=CN=C1)C(=O)O', 'CCCCCCCCCCCCCCCCCCO', 'CC1=C(C2=C(CCC(O2)(C)CCCC(C)CCCC(C)CCCC(C)C)C(=C1O)C)C', 'C1=CC=C(C=C1)OCCO', 'C(CC(=O)[O-])C(C(=O)[O-])N(CC(=O)[O-])CC(=O)[O-].[Na+].[Na+].[Na+].[Na+]']",4.8
