algorithm,dataset,target,feat_meth,feat_time,regressor,feature_list,time,r2_avg,r2_std,mse_avg,mse_std,rmse_avg,rmse_std,time_avg,time_std
gdb,water-energy.csv,expt,[4],0.7660622596740723,"GradientBoostingRegressor(alpha=0.9, ccp_alpha=0.0, criterion='friedman_mse',
                          init=None, learning_rate=0.1163977964264394,
                          loss='ls', max_depth=14, max_features='sqrt',
                          max_leaf_nodes=None, min_impurity_decrease=0.0,
                          min_impurity_split=None, min_samples_leaf=5,
                          min_samples_split=2, min_weight_fraction_leaf=0.0,
                          n_estimators=2000, n_iter_no_change=None,
                          presort='deprecated', random_state=None,
                          subsample=1.0, tol=0.0001, validation_fraction=0.1,
                          verbose=0, warm_start=False)","['MorganChiral3Counts_calculated', 'cm3-0', 'cm3-1', 'cm3-2', 'cm3-3', 'cm3-4', 'cm3-5', 'cm3-6', 'cm3-7', 'cm3-8', 'cm3-9', 'cm3-10', 'cm3-11', 'cm3-12', 'cm3-13', 'cm3-14', 'cm3-15', 'cm3-16', 'cm3-17', 'cm3-18', 'cm3-19', 'cm3-20', 'cm3-21', 'cm3-22', 'cm3-23', 'cm3-24', 'cm3-25', 'cm3-26', 'cm3-27', 'cm3-28', 'cm3-29', 'cm3-30', 'cm3-31', 'cm3-32', 'cm3-33', 'cm3-34', 'cm3-35', 'cm3-36', 'cm3-37', 'cm3-38', 'cm3-39', 'cm3-40', 'cm3-41', 'cm3-42', 'cm3-43', 'cm3-44', 'cm3-45', 'cm3-46', 'cm3-47', 'cm3-48', 'cm3-49', 'cm3-50', 'cm3-51', 'cm3-52', 'cm3-53', 'cm3-54', 'cm3-55', 'cm3-56', 'cm3-57', 'cm3-58', 'cm3-59', 'cm3-60', 'cm3-61', 'cm3-62', 'cm3-63', 'cm3-64', 'cm3-65', 'cm3-66', 'cm3-67', 'cm3-68', 'cm3-69', 'cm3-70', 'cm3-71', 'cm3-72', 'cm3-73', 'cm3-74', 'cm3-75', 'cm3-76', 'cm3-77', 'cm3-78', 'cm3-79', 'cm3-80', 'cm3-81', 'cm3-82', 'cm3-83', 'cm3-84', 'cm3-85', 'cm3-86', 'cm3-87', 'cm3-88', 'cm3-89', 'cm3-90', 'cm3-91', 'cm3-92', 'cm3-93', 'cm3-94', 'cm3-95', 'cm3-96', 'cm3-97', 'cm3-98', 'cm3-99', 'cm3-100', 'cm3-101', 'cm3-102', 'cm3-103', 'cm3-104', 'cm3-105', 'cm3-106', 'cm3-107', 'cm3-108', 'cm3-109', 'cm3-110', 'cm3-111', 'cm3-112', 'cm3-113', 'cm3-114', 'cm3-115', 'cm3-116', 'cm3-117', 'cm3-118', 'cm3-119', 'cm3-120', 'cm3-121', 'cm3-122', 'cm3-123', 'cm3-124', 'cm3-125', 'cm3-126', 'cm3-127', 'cm3-128', 'cm3-129', 'cm3-130', 'cm3-131', 'cm3-132', 'cm3-133', 'cm3-134', 'cm3-135', 'cm3-136', 'cm3-137', 'cm3-138', 'cm3-139', 'cm3-140', 'cm3-141', 'cm3-142', 'cm3-143', 'cm3-144', 'cm3-145', 'cm3-146', 'cm3-147', 'cm3-148', 'cm3-149', 'cm3-150', 'cm3-151', 'cm3-152', 'cm3-153', 'cm3-154', 'cm3-155', 'cm3-156', 'cm3-157', 'cm3-158', 'cm3-159', 'cm3-160', 'cm3-161', 'cm3-162', 'cm3-163', 'cm3-164', 'cm3-165', 'cm3-166', 'cm3-167', 'cm3-168', 'cm3-169', 'cm3-170', 'cm3-171', 'cm3-172', 'cm3-173', 'cm3-174', 'cm3-175', 'cm3-176', 'cm3-177', 'cm3-178', 'cm3-179', 'cm3-180', 'cm3-181', 'cm3-182', 'cm3-183', 'cm3-184', 'cm3-185', 'cm3-186', 'cm3-187', 'cm3-188', 'cm3-189', 'cm3-190', 'cm3-191', 'cm3-192', 'cm3-193', 'cm3-194', 'cm3-195', 'cm3-196', 'cm3-197', 'cm3-198', 'cm3-199', 'cm3-200', 'cm3-201', 'cm3-202', 'cm3-203', 'cm3-204', 'cm3-205', 'cm3-206', 'cm3-207', 'cm3-208', 'cm3-209', 'cm3-210', 'cm3-211', 'cm3-212', 'cm3-213', 'cm3-214', 'cm3-215', 'cm3-216', 'cm3-217', 'cm3-218', 'cm3-219', 'cm3-220', 'cm3-221', 'cm3-222', 'cm3-223', 'cm3-224', 'cm3-225', 'cm3-226', 'cm3-227', 'cm3-228', 'cm3-229', 'cm3-230', 'cm3-231', 'cm3-232', 'cm3-233', 'cm3-234', 'cm3-235', 'cm3-236', 'cm3-237', 'cm3-238', 'cm3-239', 'cm3-240', 'cm3-241', 'cm3-242', 'cm3-243', 'cm3-244', 'cm3-245', 'cm3-246', 'cm3-247', 'cm3-248', 'cm3-249', 'cm3-250', 'cm3-251', 'cm3-252', 'cm3-253', 'cm3-254', 'cm3-255', 'cm3-256', 'cm3-257', 'cm3-258', 'cm3-259', 'cm3-260', 'cm3-261', 'cm3-262', 'cm3-263', 'cm3-264', 'cm3-265', 'cm3-266', 'cm3-267', 'cm3-268', 'cm3-269', 'cm3-270', 'cm3-271', 'cm3-272', 'cm3-273', 'cm3-274', 'cm3-275', 'cm3-276', 'cm3-277', 'cm3-278', 'cm3-279', 'cm3-280', 'cm3-281', 'cm3-282', 'cm3-283', 'cm3-284', 'cm3-285', 'cm3-286', 'cm3-287', 'cm3-288', 'cm3-289', 'cm3-290', 'cm3-291', 'cm3-292', 'cm3-293', 'cm3-294', 'cm3-295', 'cm3-296', 'cm3-297', 'cm3-298', 'cm3-299', 'cm3-300', 'cm3-301', 'cm3-302', 'cm3-303', 'cm3-304', 'cm3-305', 'cm3-306', 'cm3-307', 'cm3-308', 'cm3-309', 'cm3-310', 'cm3-311', 'cm3-312', 'cm3-313', 'cm3-314', 'cm3-315', 'cm3-316', 'cm3-317', 'cm3-318', 'cm3-319', 'cm3-320', 'cm3-321', 'cm3-322', 'cm3-323', 'cm3-324', 'cm3-325', 'cm3-326', 'cm3-327', 'cm3-328', 'cm3-329', 'cm3-330', 'cm3-331', 'cm3-332', 'cm3-333', 'cm3-334', 'cm3-335', 'cm3-336', 'cm3-337', 'cm3-338', 'cm3-339', 'cm3-340', 'cm3-341', 'cm3-342', 'cm3-343', 'cm3-344', 'cm3-345', 'cm3-346', 'cm3-347', 'cm3-348', 'cm3-349', 'cm3-350', 'cm3-351', 'cm3-352', 'cm3-353', 'cm3-354', 'cm3-355', 'cm3-356', 'cm3-357', 'cm3-358', 'cm3-359', 'cm3-360', 'cm3-361', 'cm3-362', 'cm3-363', 'cm3-364', 'cm3-365', 'cm3-366', 'cm3-367', 'cm3-368', 'cm3-369', 'cm3-370', 'cm3-371', 'cm3-372', 'cm3-373', 'cm3-374', 'cm3-375', 'cm3-376', 'cm3-377', 'cm3-378', 'cm3-379', 'cm3-380', 'cm3-381', 'cm3-382', 'cm3-383', 'cm3-384', 'cm3-385', 'cm3-386', 'cm3-387', 'cm3-388', 'cm3-389', 'cm3-390', 'cm3-391', 'cm3-392', 'cm3-393', 'cm3-394', 'cm3-395', 'cm3-396', 'cm3-397', 'cm3-398', 'cm3-399', 'cm3-400', 'cm3-401', 'cm3-402', 'cm3-403', 'cm3-404', 'cm3-405', 'cm3-406', 'cm3-407', 'cm3-408', 'cm3-409', 'cm3-410', 'cm3-411', 'cm3-412', 'cm3-413', 'cm3-414', 'cm3-415', 'cm3-416', 'cm3-417', 'cm3-418', 'cm3-419', 'cm3-420', 'cm3-421', 'cm3-422', 'cm3-423', 'cm3-424', 'cm3-425', 'cm3-426', 'cm3-427', 'cm3-428', 'cm3-429', 'cm3-430', 'cm3-431', 'cm3-432', 'cm3-433', 'cm3-434', 'cm3-435', 'cm3-436', 'cm3-437', 'cm3-438', 'cm3-439', 'cm3-440', 'cm3-441', 'cm3-442', 'cm3-443', 'cm3-444', 'cm3-445', 'cm3-446', 'cm3-447', 'cm3-448', 'cm3-449', 'cm3-450', 'cm3-451', 'cm3-452', 'cm3-453', 'cm3-454', 'cm3-455', 'cm3-456', 'cm3-457', 'cm3-458', 'cm3-459', 'cm3-460', 'cm3-461', 'cm3-462', 'cm3-463', 'cm3-464', 'cm3-465', 'cm3-466', 'cm3-467', 'cm3-468', 'cm3-469', 'cm3-470', 'cm3-471', 'cm3-472', 'cm3-473', 'cm3-474', 'cm3-475', 'cm3-476', 'cm3-477', 'cm3-478', 'cm3-479', 'cm3-480', 'cm3-481', 'cm3-482', 'cm3-483', 'cm3-484', 'cm3-485', 'cm3-486', 'cm3-487', 'cm3-488', 'cm3-489', 'cm3-490', 'cm3-491', 'cm3-492', 'cm3-493', 'cm3-494', 'cm3-495', 'cm3-496', 'cm3-497', 'cm3-498', 'cm3-499', 'cm3-500', 'cm3-501', 'cm3-502', 'cm3-503', 'cm3-504', 'cm3-505', 'cm3-506', 'cm3-507', 'cm3-508', 'cm3-509', 'cm3-510', 'cm3-511', 'cm3-512', 'cm3-513', 'cm3-514', 'cm3-515', 'cm3-516', 'cm3-517', 'cm3-518', 'cm3-519', 'cm3-520', 'cm3-521', 'cm3-522', 'cm3-523', 'cm3-524', 'cm3-525', 'cm3-526', 'cm3-527', 'cm3-528', 'cm3-529', 'cm3-530', 'cm3-531', 'cm3-532', 'cm3-533', 'cm3-534', 'cm3-535', 'cm3-536', 'cm3-537', 'cm3-538', 'cm3-539', 'cm3-540', 'cm3-541', 'cm3-542', 'cm3-543', 'cm3-544', 'cm3-545', 'cm3-546', 'cm3-547', 'cm3-548', 'cm3-549', 'cm3-550', 'cm3-551', 'cm3-552', 'cm3-553', 'cm3-554', 'cm3-555', 'cm3-556', 'cm3-557', 'cm3-558', 'cm3-559', 'cm3-560', 'cm3-561', 'cm3-562', 'cm3-563', 'cm3-564', 'cm3-565', 'cm3-566', 'cm3-567', 'cm3-568', 'cm3-569', 'cm3-570', 'cm3-571', 'cm3-572', 'cm3-573', 'cm3-574', 'cm3-575', 'cm3-576', 'cm3-577', 'cm3-578', 'cm3-579', 'cm3-580', 'cm3-581', 'cm3-582', 'cm3-583', 'cm3-584', 'cm3-585', 'cm3-586', 'cm3-587', 'cm3-588', 'cm3-589', 'cm3-590', 'cm3-591', 'cm3-592', 'cm3-593', 'cm3-594', 'cm3-595', 'cm3-596', 'cm3-597', 'cm3-598', 'cm3-599', 'cm3-600', 'cm3-601', 'cm3-602', 'cm3-603', 'cm3-604', 'cm3-605', 'cm3-606', 'cm3-607', 'cm3-608', 'cm3-609', 'cm3-610', 'cm3-611', 'cm3-612', 'cm3-613', 'cm3-614', 'cm3-615', 'cm3-616', 'cm3-617', 'cm3-618', 'cm3-619', 'cm3-620', 'cm3-621', 'cm3-622', 'cm3-623', 'cm3-624', 'cm3-625', 'cm3-626', 'cm3-627', 'cm3-628', 'cm3-629', 'cm3-630', 'cm3-631', 'cm3-632', 'cm3-633', 'cm3-634', 'cm3-635', 'cm3-636', 'cm3-637', 'cm3-638', 'cm3-639', 'cm3-640', 'cm3-641', 'cm3-642', 'cm3-643', 'cm3-644', 'cm3-645', 'cm3-646', 'cm3-647', 'cm3-648', 'cm3-649', 'cm3-650', 'cm3-651', 'cm3-652', 'cm3-653', 'cm3-654', 'cm3-655', 'cm3-656', 'cm3-657', 'cm3-658', 'cm3-659', 'cm3-660', 'cm3-661', 'cm3-662', 'cm3-663', 'cm3-664', 'cm3-665', 'cm3-666', 'cm3-667', 'cm3-668', 'cm3-669', 'cm3-670', 'cm3-671', 'cm3-672', 'cm3-673', 'cm3-674', 'cm3-675', 'cm3-676', 'cm3-677', 'cm3-678', 'cm3-679', 'cm3-680', 'cm3-681', 'cm3-682', 'cm3-683', 'cm3-684', 'cm3-685', 'cm3-686', 'cm3-687', 'cm3-688', 'cm3-689', 'cm3-690', 'cm3-691', 'cm3-692', 'cm3-693', 'cm3-694', 'cm3-695', 'cm3-696', 'cm3-697', 'cm3-698', 'cm3-699', 'cm3-700', 'cm3-701', 'cm3-702', 'cm3-703', 'cm3-704', 'cm3-705', 'cm3-706', 'cm3-707', 'cm3-708', 'cm3-709', 'cm3-710', 'cm3-711', 'cm3-712', 'cm3-713', 'cm3-714', 'cm3-715', 'cm3-716', 'cm3-717', 'cm3-718', 'cm3-719', 'cm3-720', 'cm3-721', 'cm3-722', 'cm3-723', 'cm3-724', 'cm3-725', 'cm3-726', 'cm3-727', 'cm3-728', 'cm3-729', 'cm3-730', 'cm3-731', 'cm3-732', 'cm3-733', 'cm3-734', 'cm3-735', 'cm3-736', 'cm3-737', 'cm3-738', 'cm3-739', 'cm3-740', 'cm3-741', 'cm3-742', 'cm3-743', 'cm3-744', 'cm3-745', 'cm3-746', 'cm3-747', 'cm3-748', 'cm3-749', 'cm3-750', 'cm3-751', 'cm3-752', 'cm3-753', 'cm3-754', 'cm3-755', 'cm3-756', 'cm3-757', 'cm3-758', 'cm3-759', 'cm3-760', 'cm3-761', 'cm3-762', 'cm3-763', 'cm3-764', 'cm3-765', 'cm3-766', 'cm3-767', 'cm3-768', 'cm3-769', 'cm3-770', 'cm3-771', 'cm3-772', 'cm3-773', 'cm3-774', 'cm3-775', 'cm3-776', 'cm3-777', 'cm3-778', 'cm3-779', 'cm3-780', 'cm3-781', 'cm3-782', 'cm3-783', 'cm3-784', 'cm3-785', 'cm3-786', 'cm3-787', 'cm3-788', 'cm3-789', 'cm3-790', 'cm3-791', 'cm3-792', 'cm3-793', 'cm3-794', 'cm3-795', 'cm3-796', 'cm3-797', 'cm3-798', 'cm3-799', 'cm3-800', 'cm3-801', 'cm3-802', 'cm3-803', 'cm3-804', 'cm3-805', 'cm3-806', 'cm3-807', 'cm3-808', 'cm3-809', 'cm3-810', 'cm3-811', 'cm3-812', 'cm3-813', 'cm3-814', 'cm3-815', 'cm3-816', 'cm3-817', 'cm3-818', 'cm3-819', 'cm3-820', 'cm3-821', 'cm3-822', 'cm3-823', 'cm3-824', 'cm3-825', 'cm3-826', 'cm3-827', 'cm3-828', 'cm3-829', 'cm3-830', 'cm3-831', 'cm3-832', 'cm3-833', 'cm3-834', 'cm3-835', 'cm3-836', 'cm3-837', 'cm3-838', 'cm3-839', 'cm3-840', 'cm3-841', 'cm3-842', 'cm3-843', 'cm3-844', 'cm3-845', 'cm3-846', 'cm3-847', 'cm3-848', 'cm3-849', 'cm3-850', 'cm3-851', 'cm3-852', 'cm3-853', 'cm3-854', 'cm3-855', 'cm3-856', 'cm3-857', 'cm3-858', 'cm3-859', 'cm3-860', 'cm3-861', 'cm3-862', 'cm3-863', 'cm3-864', 'cm3-865', 'cm3-866', 'cm3-867', 'cm3-868', 'cm3-869', 'cm3-870', 'cm3-871', 'cm3-872', 'cm3-873', 'cm3-874', 'cm3-875', 'cm3-876', 'cm3-877', 'cm3-878', 'cm3-879', 'cm3-880', 'cm3-881', 'cm3-882', 'cm3-883', 'cm3-884', 'cm3-885', 'cm3-886', 'cm3-887', 'cm3-888', 'cm3-889', 'cm3-890', 'cm3-891', 'cm3-892', 'cm3-893', 'cm3-894', 'cm3-895', 'cm3-896', 'cm3-897', 'cm3-898', 'cm3-899', 'cm3-900', 'cm3-901', 'cm3-902', 'cm3-903', 'cm3-904', 'cm3-905', 'cm3-906', 'cm3-907', 'cm3-908', 'cm3-909', 'cm3-910', 'cm3-911', 'cm3-912', 'cm3-913', 'cm3-914', 'cm3-915', 'cm3-916', 'cm3-917', 'cm3-918', 'cm3-919', 'cm3-920', 'cm3-921', 'cm3-922', 'cm3-923', 'cm3-924', 'cm3-925', 'cm3-926', 'cm3-927', 'cm3-928', 'cm3-929', 'cm3-930', 'cm3-931', 'cm3-932', 'cm3-933', 'cm3-934', 'cm3-935', 'cm3-936', 'cm3-937', 'cm3-938', 'cm3-939', 'cm3-940', 'cm3-941', 'cm3-942', 'cm3-943', 'cm3-944', 'cm3-945', 'cm3-946', 'cm3-947', 'cm3-948', 'cm3-949', 'cm3-950', 'cm3-951', 'cm3-952', 'cm3-953', 'cm3-954', 'cm3-955', 'cm3-956', 'cm3-957', 'cm3-958', 'cm3-959', 'cm3-960', 'cm3-961', 'cm3-962', 'cm3-963', 'cm3-964', 'cm3-965', 'cm3-966', 'cm3-967', 'cm3-968', 'cm3-969', 'cm3-970', 'cm3-971', 'cm3-972', 'cm3-973', 'cm3-974', 'cm3-975', 'cm3-976', 'cm3-977', 'cm3-978', 'cm3-979', 'cm3-980', 'cm3-981', 'cm3-982', 'cm3-983', 'cm3-984', 'cm3-985', 'cm3-986', 'cm3-987', 'cm3-988', 'cm3-989', 'cm3-990', 'cm3-991', 'cm3-992', 'cm3-993', 'cm3-994', 'cm3-995', 'cm3-996', 'cm3-997', 'cm3-998', 'cm3-999', 'cm3-1000', 'cm3-1001', 'cm3-1002', 'cm3-1003', 'cm3-1004', 'cm3-1005', 'cm3-1006', 'cm3-1007', 'cm3-1008', 'cm3-1009', 'cm3-1010', 'cm3-1011', 'cm3-1012', 'cm3-1013', 'cm3-1014', 'cm3-1015', 'cm3-1016', 'cm3-1017', 'cm3-1018', 'cm3-1019', 'cm3-1020', 'cm3-1021', 'cm3-1022', 'cm3-1023', 'cm3-1024', 'cm3-1025', 'cm3-1026', 'cm3-1027', 'cm3-1028', 'cm3-1029', 'cm3-1030', 'cm3-1031', 'cm3-1032', 'cm3-1033', 'cm3-1034', 'cm3-1035', 'cm3-1036', 'cm3-1037', 'cm3-1038', 'cm3-1039', 'cm3-1040', 'cm3-1041', 'cm3-1042', 'cm3-1043', 'cm3-1044', 'cm3-1045', 'cm3-1046', 'cm3-1047', 'cm3-1048', 'cm3-1049', 'cm3-1050', 'cm3-1051', 'cm3-1052', 'cm3-1053', 'cm3-1054', 'cm3-1055', 'cm3-1056', 'cm3-1057', 'cm3-1058', 'cm3-1059', 'cm3-1060', 'cm3-1061', 'cm3-1062', 'cm3-1063', 'cm3-1064', 'cm3-1065', 'cm3-1066', 'cm3-1067', 'cm3-1068', 'cm3-1069', 'cm3-1070', 'cm3-1071', 'cm3-1072', 'cm3-1073', 'cm3-1074', 'cm3-1075', 'cm3-1076', 'cm3-1077', 'cm3-1078', 'cm3-1079', 'cm3-1080', 'cm3-1081', 'cm3-1082', 'cm3-1083', 'cm3-1084', 'cm3-1085', 'cm3-1086', 'cm3-1087', 'cm3-1088', 'cm3-1089', 'cm3-1090', 'cm3-1091', 'cm3-1092', 'cm3-1093', 'cm3-1094', 'cm3-1095', 'cm3-1096', 'cm3-1097', 'cm3-1098', 'cm3-1099', 'cm3-1100', 'cm3-1101', 'cm3-1102', 'cm3-1103', 'cm3-1104', 'cm3-1105', 'cm3-1106', 'cm3-1107', 'cm3-1108', 'cm3-1109', 'cm3-1110', 'cm3-1111', 'cm3-1112', 'cm3-1113', 'cm3-1114', 'cm3-1115', 'cm3-1116', 'cm3-1117', 'cm3-1118', 'cm3-1119', 'cm3-1120', 'cm3-1121', 'cm3-1122', 'cm3-1123', 'cm3-1124', 'cm3-1125', 'cm3-1126', 'cm3-1127', 'cm3-1128', 'cm3-1129', 'cm3-1130', 'cm3-1131', 'cm3-1132', 'cm3-1133', 'cm3-1134', 'cm3-1135', 'cm3-1136', 'cm3-1137', 'cm3-1138', 'cm3-1139', 'cm3-1140', 'cm3-1141', 'cm3-1142', 'cm3-1143', 'cm3-1144', 'cm3-1145', 'cm3-1146', 'cm3-1147', 'cm3-1148', 'cm3-1149', 'cm3-1150', 'cm3-1151', 'cm3-1152', 'cm3-1153', 'cm3-1154', 'cm3-1155', 'cm3-1156', 'cm3-1157', 'cm3-1158', 'cm3-1159', 'cm3-1160', 'cm3-1161', 'cm3-1162', 'cm3-1163', 'cm3-1164', 'cm3-1165', 'cm3-1166', 'cm3-1167', 'cm3-1168', 'cm3-1169', 'cm3-1170', 'cm3-1171', 'cm3-1172', 'cm3-1173', 'cm3-1174', 'cm3-1175', 'cm3-1176', 'cm3-1177', 'cm3-1178', 'cm3-1179', 'cm3-1180', 'cm3-1181', 'cm3-1182', 'cm3-1183', 'cm3-1184', 'cm3-1185', 'cm3-1186', 'cm3-1187', 'cm3-1188', 'cm3-1189', 'cm3-1190', 'cm3-1191', 'cm3-1192', 'cm3-1193', 'cm3-1194', 'cm3-1195', 'cm3-1196', 'cm3-1197', 'cm3-1198', 'cm3-1199', 'cm3-1200', 'cm3-1201', 'cm3-1202', 'cm3-1203', 'cm3-1204', 'cm3-1205', 'cm3-1206', 'cm3-1207', 'cm3-1208', 'cm3-1209', 'cm3-1210', 'cm3-1211', 'cm3-1212', 'cm3-1213', 'cm3-1214', 'cm3-1215', 'cm3-1216', 'cm3-1217', 'cm3-1218', 'cm3-1219', 'cm3-1220', 'cm3-1221', 'cm3-1222', 'cm3-1223', 'cm3-1224', 'cm3-1225', 'cm3-1226', 'cm3-1227', 'cm3-1228', 'cm3-1229', 'cm3-1230', 'cm3-1231', 'cm3-1232', 'cm3-1233', 'cm3-1234', 'cm3-1235', 'cm3-1236', 'cm3-1237', 'cm3-1238', 'cm3-1239', 'cm3-1240', 'cm3-1241', 'cm3-1242', 'cm3-1243', 'cm3-1244', 'cm3-1245', 'cm3-1246', 'cm3-1247', 'cm3-1248', 'cm3-1249', 'cm3-1250', 'cm3-1251', 'cm3-1252', 'cm3-1253', 'cm3-1254', 'cm3-1255', 'cm3-1256', 'cm3-1257', 'cm3-1258', 'cm3-1259', 'cm3-1260', 'cm3-1261', 'cm3-1262', 'cm3-1263', 'cm3-1264', 'cm3-1265', 'cm3-1266', 'cm3-1267', 'cm3-1268', 'cm3-1269', 'cm3-1270', 'cm3-1271', 'cm3-1272', 'cm3-1273', 'cm3-1274', 'cm3-1275', 'cm3-1276', 'cm3-1277', 'cm3-1278', 'cm3-1279', 'cm3-1280', 'cm3-1281', 'cm3-1282', 'cm3-1283', 'cm3-1284', 'cm3-1285', 'cm3-1286', 'cm3-1287', 'cm3-1288', 'cm3-1289', 'cm3-1290', 'cm3-1291', 'cm3-1292', 'cm3-1293', 'cm3-1294', 'cm3-1295', 'cm3-1296', 'cm3-1297', 'cm3-1298', 'cm3-1299', 'cm3-1300', 'cm3-1301', 'cm3-1302', 'cm3-1303', 'cm3-1304', 'cm3-1305', 'cm3-1306', 'cm3-1307', 'cm3-1308', 'cm3-1309', 'cm3-1310', 'cm3-1311', 'cm3-1312', 'cm3-1313', 'cm3-1314', 'cm3-1315', 'cm3-1316', 'cm3-1317', 'cm3-1318', 'cm3-1319', 'cm3-1320', 'cm3-1321', 'cm3-1322', 'cm3-1323', 'cm3-1324', 'cm3-1325', 'cm3-1326', 'cm3-1327', 'cm3-1328', 'cm3-1329', 'cm3-1330', 'cm3-1331', 'cm3-1332', 'cm3-1333', 'cm3-1334', 'cm3-1335', 'cm3-1336', 'cm3-1337', 'cm3-1338', 'cm3-1339', 'cm3-1340', 'cm3-1341', 'cm3-1342', 'cm3-1343', 'cm3-1344', 'cm3-1345', 'cm3-1346', 'cm3-1347', 'cm3-1348', 'cm3-1349', 'cm3-1350', 'cm3-1351', 'cm3-1352', 'cm3-1353', 'cm3-1354', 'cm3-1355', 'cm3-1356', 'cm3-1357', 'cm3-1358', 'cm3-1359', 'cm3-1360', 'cm3-1361', 'cm3-1362', 'cm3-1363', 'cm3-1364', 'cm3-1365', 'cm3-1366', 'cm3-1367', 'cm3-1368', 'cm3-1369', 'cm3-1370', 'cm3-1371', 'cm3-1372', 'cm3-1373', 'cm3-1374', 'cm3-1375', 'cm3-1376', 'cm3-1377', 'cm3-1378', 'cm3-1379', 'cm3-1380', 'cm3-1381', 'cm3-1382', 'cm3-1383', 'cm3-1384', 'cm3-1385', 'cm3-1386', 'cm3-1387', 'cm3-1388', 'cm3-1389', 'cm3-1390', 'cm3-1391', 'cm3-1392', 'cm3-1393', 'cm3-1394', 'cm3-1395', 'cm3-1396', 'cm3-1397', 'cm3-1398', 'cm3-1399', 'cm3-1400', 'cm3-1401', 'cm3-1402', 'cm3-1403', 'cm3-1404', 'cm3-1405', 'cm3-1406', 'cm3-1407', 'cm3-1408', 'cm3-1409', 'cm3-1410', 'cm3-1411', 'cm3-1412', 'cm3-1413', 'cm3-1414', 'cm3-1415', 'cm3-1416', 'cm3-1417', 'cm3-1418', 'cm3-1419', 'cm3-1420', 'cm3-1421', 'cm3-1422', 'cm3-1423', 'cm3-1424', 'cm3-1425', 'cm3-1426', 'cm3-1427', 'cm3-1428', 'cm3-1429', 'cm3-1430', 'cm3-1431', 'cm3-1432', 'cm3-1433', 'cm3-1434', 'cm3-1435', 'cm3-1436', 'cm3-1437', 'cm3-1438', 'cm3-1439', 'cm3-1440', 'cm3-1441', 'cm3-1442', 'cm3-1443', 'cm3-1444', 'cm3-1445', 'cm3-1446', 'cm3-1447', 'cm3-1448', 'cm3-1449', 'cm3-1450', 'cm3-1451', 'cm3-1452', 'cm3-1453', 'cm3-1454', 'cm3-1455', 'cm3-1456', 'cm3-1457', 'cm3-1458', 'cm3-1459', 'cm3-1460', 'cm3-1461', 'cm3-1462', 'cm3-1463', 'cm3-1464', 'cm3-1465', 'cm3-1466', 'cm3-1467', 'cm3-1468', 'cm3-1469', 'cm3-1470', 'cm3-1471', 'cm3-1472', 'cm3-1473', 'cm3-1474', 'cm3-1475', 'cm3-1476', 'cm3-1477', 'cm3-1478', 'cm3-1479', 'cm3-1480', 'cm3-1481', 'cm3-1482', 'cm3-1483', 'cm3-1484', 'cm3-1485', 'cm3-1486', 'cm3-1487', 'cm3-1488', 'cm3-1489', 'cm3-1490', 'cm3-1491', 'cm3-1492', 'cm3-1493', 'cm3-1494', 'cm3-1495', 'cm3-1496', 'cm3-1497', 'cm3-1498', 'cm3-1499', 'cm3-1500', 'cm3-1501', 'cm3-1502', 'cm3-1503', 'cm3-1504', 'cm3-1505', 'cm3-1506', 'cm3-1507', 'cm3-1508', 'cm3-1509', 'cm3-1510', 'cm3-1511', 'cm3-1512', 'cm3-1513', 'cm3-1514', 'cm3-1515', 'cm3-1516', 'cm3-1517', 'cm3-1518', 'cm3-1519', 'cm3-1520', 'cm3-1521', 'cm3-1522', 'cm3-1523', 'cm3-1524', 'cm3-1525', 'cm3-1526', 'cm3-1527', 'cm3-1528', 'cm3-1529', 'cm3-1530', 'cm3-1531', 'cm3-1532', 'cm3-1533', 'cm3-1534', 'cm3-1535', 'cm3-1536', 'cm3-1537', 'cm3-1538', 'cm3-1539', 'cm3-1540', 'cm3-1541', 'cm3-1542', 'cm3-1543', 'cm3-1544', 'cm3-1545', 'cm3-1546', 'cm3-1547', 'cm3-1548', 'cm3-1549', 'cm3-1550', 'cm3-1551', 'cm3-1552', 'cm3-1553', 'cm3-1554', 'cm3-1555', 'cm3-1556', 'cm3-1557', 'cm3-1558', 'cm3-1559', 'cm3-1560', 'cm3-1561', 'cm3-1562', 'cm3-1563', 'cm3-1564', 'cm3-1565', 'cm3-1566', 'cm3-1567', 'cm3-1568', 'cm3-1569', 'cm3-1570', 'cm3-1571', 'cm3-1572', 'cm3-1573', 'cm3-1574', 'cm3-1575', 'cm3-1576', 'cm3-1577', 'cm3-1578', 'cm3-1579', 'cm3-1580', 'cm3-1581', 'cm3-1582', 'cm3-1583', 'cm3-1584', 'cm3-1585', 'cm3-1586', 'cm3-1587', 'cm3-1588', 'cm3-1589', 'cm3-1590', 'cm3-1591', 'cm3-1592', 'cm3-1593', 'cm3-1594', 'cm3-1595', 'cm3-1596', 'cm3-1597', 'cm3-1598', 'cm3-1599', 'cm3-1600', 'cm3-1601', 'cm3-1602', 'cm3-1603', 'cm3-1604', 'cm3-1605', 'cm3-1606', 'cm3-1607', 'cm3-1608', 'cm3-1609', 'cm3-1610', 'cm3-1611', 'cm3-1612', 'cm3-1613', 'cm3-1614', 'cm3-1615', 'cm3-1616', 'cm3-1617', 'cm3-1618', 'cm3-1619', 'cm3-1620', 'cm3-1621', 'cm3-1622', 'cm3-1623', 'cm3-1624', 'cm3-1625', 'cm3-1626', 'cm3-1627', 'cm3-1628', 'cm3-1629', 'cm3-1630', 'cm3-1631', 'cm3-1632', 'cm3-1633', 'cm3-1634', 'cm3-1635', 'cm3-1636', 'cm3-1637', 'cm3-1638', 'cm3-1639', 'cm3-1640', 'cm3-1641', 'cm3-1642', 'cm3-1643', 'cm3-1644', 'cm3-1645', 'cm3-1646', 'cm3-1647', 'cm3-1648', 'cm3-1649', 'cm3-1650', 'cm3-1651', 'cm3-1652', 'cm3-1653', 'cm3-1654', 'cm3-1655', 'cm3-1656', 'cm3-1657', 'cm3-1658', 'cm3-1659', 'cm3-1660', 'cm3-1661', 'cm3-1662', 'cm3-1663', 'cm3-1664', 'cm3-1665', 'cm3-1666', 'cm3-1667', 'cm3-1668', 'cm3-1669', 'cm3-1670', 'cm3-1671', 'cm3-1672', 'cm3-1673', 'cm3-1674', 'cm3-1675', 'cm3-1676', 'cm3-1677', 'cm3-1678', 'cm3-1679', 'cm3-1680', 'cm3-1681', 'cm3-1682', 'cm3-1683', 'cm3-1684', 'cm3-1685', 'cm3-1686', 'cm3-1687', 'cm3-1688', 'cm3-1689', 'cm3-1690', 'cm3-1691', 'cm3-1692', 'cm3-1693', 'cm3-1694', 'cm3-1695', 'cm3-1696', 'cm3-1697', 'cm3-1698', 'cm3-1699', 'cm3-1700', 'cm3-1701', 'cm3-1702', 'cm3-1703', 'cm3-1704', 'cm3-1705', 'cm3-1706', 'cm3-1707', 'cm3-1708', 'cm3-1709', 'cm3-1710', 'cm3-1711', 'cm3-1712', 'cm3-1713', 'cm3-1714', 'cm3-1715', 'cm3-1716', 'cm3-1717', 'cm3-1718', 'cm3-1719', 'cm3-1720', 'cm3-1721', 'cm3-1722', 'cm3-1723', 'cm3-1724', 'cm3-1725', 'cm3-1726', 'cm3-1727', 'cm3-1728', 'cm3-1729', 'cm3-1730', 'cm3-1731', 'cm3-1732', 'cm3-1733', 'cm3-1734', 'cm3-1735', 'cm3-1736', 'cm3-1737', 'cm3-1738', 'cm3-1739', 'cm3-1740', 'cm3-1741', 'cm3-1742', 'cm3-1743', 'cm3-1744', 'cm3-1745', 'cm3-1746', 'cm3-1747', 'cm3-1748', 'cm3-1749', 'cm3-1750', 'cm3-1751', 'cm3-1752', 'cm3-1753', 'cm3-1754', 'cm3-1755', 'cm3-1756', 'cm3-1757', 'cm3-1758', 'cm3-1759', 'cm3-1760', 'cm3-1761', 'cm3-1762', 'cm3-1763', 'cm3-1764', 'cm3-1765', 'cm3-1766', 'cm3-1767', 'cm3-1768', 'cm3-1769', 'cm3-1770', 'cm3-1771', 'cm3-1772', 'cm3-1773', 'cm3-1774', 'cm3-1775', 'cm3-1776', 'cm3-1777', 'cm3-1778', 'cm3-1779', 'cm3-1780', 'cm3-1781', 'cm3-1782', 'cm3-1783', 'cm3-1784', 'cm3-1785', 'cm3-1786', 'cm3-1787', 'cm3-1788', 'cm3-1789', 'cm3-1790', 'cm3-1791', 'cm3-1792', 'cm3-1793', 'cm3-1794', 'cm3-1795', 'cm3-1796', 'cm3-1797', 'cm3-1798', 'cm3-1799', 'cm3-1800', 'cm3-1801', 'cm3-1802', 'cm3-1803', 'cm3-1804', 'cm3-1805', 'cm3-1806', 'cm3-1807', 'cm3-1808', 'cm3-1809', 'cm3-1810', 'cm3-1811', 'cm3-1812', 'cm3-1813', 'cm3-1814', 'cm3-1815', 'cm3-1816', 'cm3-1817', 'cm3-1818', 'cm3-1819', 'cm3-1820', 'cm3-1821', 'cm3-1822', 'cm3-1823', 'cm3-1824', 'cm3-1825', 'cm3-1826', 'cm3-1827', 'cm3-1828', 'cm3-1829', 'cm3-1830', 'cm3-1831', 'cm3-1832', 'cm3-1833', 'cm3-1834', 'cm3-1835', 'cm3-1836', 'cm3-1837', 'cm3-1838', 'cm3-1839', 'cm3-1840', 'cm3-1841', 'cm3-1842', 'cm3-1843', 'cm3-1844', 'cm3-1845', 'cm3-1846', 'cm3-1847', 'cm3-1848', 'cm3-1849', 'cm3-1850', 'cm3-1851', 'cm3-1852', 'cm3-1853', 'cm3-1854', 'cm3-1855', 'cm3-1856', 'cm3-1857', 'cm3-1858', 'cm3-1859', 'cm3-1860', 'cm3-1861', 'cm3-1862', 'cm3-1863', 'cm3-1864', 'cm3-1865', 'cm3-1866', 'cm3-1867', 'cm3-1868', 'cm3-1869', 'cm3-1870', 'cm3-1871', 'cm3-1872', 'cm3-1873', 'cm3-1874', 'cm3-1875', 'cm3-1876', 'cm3-1877', 'cm3-1878', 'cm3-1879', 'cm3-1880', 'cm3-1881', 'cm3-1882', 'cm3-1883', 'cm3-1884', 'cm3-1885', 'cm3-1886', 'cm3-1887', 'cm3-1888', 'cm3-1889', 'cm3-1890', 'cm3-1891', 'cm3-1892', 'cm3-1893', 'cm3-1894', 'cm3-1895', 'cm3-1896', 'cm3-1897', 'cm3-1898', 'cm3-1899', 'cm3-1900', 'cm3-1901', 'cm3-1902', 'cm3-1903', 'cm3-1904', 'cm3-1905', 'cm3-1906', 'cm3-1907', 'cm3-1908', 'cm3-1909', 'cm3-1910', 'cm3-1911', 'cm3-1912', 'cm3-1913', 'cm3-1914', 'cm3-1915', 'cm3-1916', 'cm3-1917', 'cm3-1918', 'cm3-1919', 'cm3-1920', 'cm3-1921', 'cm3-1922', 'cm3-1923', 'cm3-1924', 'cm3-1925', 'cm3-1926', 'cm3-1927', 'cm3-1928', 'cm3-1929', 'cm3-1930', 'cm3-1931', 'cm3-1932', 'cm3-1933', 'cm3-1934', 'cm3-1935', 'cm3-1936', 'cm3-1937', 'cm3-1938', 'cm3-1939', 'cm3-1940', 'cm3-1941', 'cm3-1942', 'cm3-1943', 'cm3-1944', 'cm3-1945', 'cm3-1946', 'cm3-1947', 'cm3-1948', 'cm3-1949', 'cm3-1950', 'cm3-1951', 'cm3-1952', 'cm3-1953', 'cm3-1954', 'cm3-1955', 'cm3-1956', 'cm3-1957', 'cm3-1958', 'cm3-1959', 'cm3-1960', 'cm3-1961', 'cm3-1962', 'cm3-1963', 'cm3-1964', 'cm3-1965', 'cm3-1966', 'cm3-1967', 'cm3-1968', 'cm3-1969', 'cm3-1970', 'cm3-1971', 'cm3-1972', 'cm3-1973', 'cm3-1974', 'cm3-1975', 'cm3-1976', 'cm3-1977', 'cm3-1978', 'cm3-1979', 'cm3-1980', 'cm3-1981', 'cm3-1982', 'cm3-1983', 'cm3-1984', 'cm3-1985', 'cm3-1986', 'cm3-1987', 'cm3-1988', 'cm3-1989', 'cm3-1990', 'cm3-1991', 'cm3-1992', 'cm3-1993', 'cm3-1994', 'cm3-1995', 'cm3-1996', 'cm3-1997', 'cm3-1998', 'cm3-1999', 'cm3-2000', 'cm3-2001', 'cm3-2002', 'cm3-2003', 'cm3-2004', 'cm3-2005', 'cm3-2006', 'cm3-2007', 'cm3-2008', 'cm3-2009', 'cm3-2010', 'cm3-2011', 'cm3-2012', 'cm3-2013', 'cm3-2014', 'cm3-2015', 'cm3-2016', 'cm3-2017', 'cm3-2018', 'cm3-2019', 'cm3-2020', 'cm3-2021', 'cm3-2022', 'cm3-2023', 'cm3-2024', 'cm3-2025', 'cm3-2026', 'cm3-2027', 'cm3-2028', 'cm3-2029', 'cm3-2030', 'cm3-2031', 'cm3-2032', 'cm3-2033', 'cm3-2034', 'cm3-2035', 'cm3-2036', 'cm3-2037', 'cm3-2038', 'cm3-2039', 'cm3-2040', 'cm3-2041', 'cm3-2042', 'cm3-2043', 'cm3-2044', 'cm3-2045', 'cm3-2046', 'cm3-2047']",[ 6.29899907 12.8660171  19.75900102 26.28700662 33.0360024 ],0.8225883173016746,0.009333740473106757,2.9380972308826587,0.1545751475929787,1.7135079996748863,0.044582125710075096,19.649405241012573,9.46063894476011
