,smiles
1808,CS(=O)(=O)CCN1CCC(c2cccc(Nc3nc4c(-c5ccc(S(C)(=O)=O)cc5)cccn4n3)c2)CC1
280,COc1ncccc1-c1cccn2nc(Nc3ccc(C4CCN(C(=O)OC(C)(C)C)CC4)cc3)nc12
714,CC(NC1CCC(n2cc(C(N)=O)c(Nc3ccc(Cl)cc3)n2)C(C#N)C1)C1CC1
741,N#CC1CCC(O)CC1n1cc(C(N)=O)c(Nc2ccccc2)n1
947,CN(c1[nH]cnc2nccc1-2)C1CCC(CS(=O)(=O)N2CCC(C)(O)CC2)CC1
802,CN(c1[nH]cnc2nccc1-2)C1CCC(CS(=O)(=O)N2CCCC3(CNC(=O)C3)C2)CC1
655,COC1CCN(S(=O)(=O)CC2CCC(N(C)c3[nH]cnc4nccc3-4)CC2)CC1
1492,NC(=O)c1cc(-c2ccc(Cl)c(Cl)c2)cc2c1[nH]c1ccc(C(=O)NCCn3ccnc3)cc12
562,CS(=O)(=O)c1ccc(Nc2nn(C3CCOCC3)cc2C(N)=O)cc1
1406,Cc1ccc(NC(=O)CC(C)C(F)(F)F)cc1N1CCc2nc(Nc3ccc(N4CCN(C)CC4)cc3)ncc2C1
1658,COC(C)(C)c1ccc(Nc2nn(C3CCC(O)CC3C#N)cc2C(N)=O)cc1
1865,CC(=O)N1CCC(Nc2ncccc2-c2cnc3[nH]ccc3n2)C1
1053,COC1CN(C2CCC(n3cc(C(N)=O)c(Nc4ccc(C(F)(F)F)cc4)n3)C(C#N)C2)C1
251,CC(=O)N1CCN(Cc2ccc(-c3cccc4nc(NC(=O)C5CC5)nn34)cc2)CC1
1161,COCCNC1CCC(n2cc(C(N)=O)c(Nc3ccc(Cl)cc3)n2)C(C#N)C1
15,NS(=O)(=O)OCCn1cnc2c(Nc3ccc(F)cc3)nc(NCc3ccc(C4CCCCC4)cc3)nc21
1397,CN1Cc2ccc(Nc3nc4c(NCc5ccccc5N(C)S(C)(=O)=O)cccn4n3)cc2C1
828,CC(Nc1cc(N2CCC(O)C2)nc(-n2cnc3ccncc32)n1)c1ccccc1
134,CC(=O)Nc1ccc(-c2nc(Nc3ccc(N4CCOCC4)cc3)ncc2C(F)(F)F)cc1
424,COC(=O)c1ccc2c(c1)[nH]c1c(C(N)=O)cc(-c3cccc(OC)c3)cc12
753,CN(c1[nH]cnc2nccc1-2)C1CCC(CS(=O)(=O)N2CCCC(C#N)C2)CC1
1889,CC(=O)N1CCC(Nc2ncccc2-c2cnc3[nH]ccc3n2)C1
1475,CC(O)(c1ccc(Nc2nn(C3CCC(N4CCC4)CC3C#N)cc2C(N)=O)cc1)C(F)(F)F
1586,N#CC1CC(N2CCC2)CCC1n1cc(C(N)=O)c(Nc2ccc(S(=O)(=O)C(F)(F)F)cc2)n1
521,CN1CCN(c2cccc(Nc3nc4c(NCc5ccccc5F)cccn4n3)c2)CC1
479,COC1CCN(c2nccc(Nc3cc4c(ccn4C4CCCC4)cn3)n2)CC1
772,CN1CCN(c2ccc(Nc3nc4c(Nc5ccccc5CN(C)S(C)(=O)=O)cccn4n3)cc2)CC1
905,O=C(Nc1cnc2[nH]ccc2n1)NC1CCCCC1
657,[C-]#[N+]C1CC(N(C)C2COC2)CCC1n1cc(C(N)=O)c(Nc2ccc(C(F)(F)F)cc2)n1
729,NC(=O)c1cnc2[nH]ccc2c1NC1CCN(Cc2ccccc2)CC1
988,CN1CCN(c2ccc(Nc3nccc(-c4cc5c(o4)CCN(S(C)(=O)=O)C5)n3)cc2)CC1
1669,N#CC1CCCCC1n1cc(C(N)=O)c(Nc2ccc3c(c2)C(O)CS3(=O)=O)n1
385,COc1ncccc1-c1cccn2nc(Nc3ccc(C4CCNCC4)cc3)nc12
1664,N#CC1CC(N2CC(O)C2)CCC1n1cc(C(N)=O)c(Nc2ccc(S(=O)(=O)C(F)(F)F)cc2)n1
514,Cc1c[nH]c2c(Nc3nc(NC4CCCCC4N)cc4nc[nH]c(=O)c34)cccc12
426,CN1CCC(Nc2c(C(N)=O)cnc3[nH]ccc23)CC1
580,Oc1ccc(C2Nc3ccccc3-c3ncnc4[nH]cc2c34)cc1F
1478,O=C(CCCCCC(=O)Nc1ccc(NCCOc2ccc3cc2COCC=CCOCc2cccc(c2)-c2ccnc(n2)N3)cc1)NO
211,CN(C)C1CCC(n2cc(C(N)=O)c(Nc3ccc(OC(F)F)nc3)n2)C(C#N)C1
7,COc1cc(Nc2nccc(-c3ccc(Cl)cc3)n2)cc(OC)c1OC
1195,Cc1cnc(Nc2nc(NC(C)c3ncc(F)cn3)c(F)c(N3CCOCC3)n2)s1
1390,N#CC1CC(O)(C2CC2)CCC1n1cc(C(N)=O)c(Nc2ccc(Cl)cc2)n1
451,CC(C)(O)C1CC(CNC2CCC(n3cc(C(N)=O)c(Nc4ccc(C(F)(F)F)cc4)n3)C(C#N)C2)C1
670,CN1CCN(c2cccc(Nc3nc4c(OCc5cccc(Cl)c5)cccn4n3)c2)CC1
395,CC(C)(C)OC(=O)N1CCC(c2ccc(Nc3nc4c(-c5ccc(F)cc5)cccn4n3)cc2)CC1
875,CNC(=O)OC1CCC(n2cc(C(N)=O)c(Nc3ccc(F)cc3)n2)C(C#N)C1
337,N#CC1CC(NCc2c(F)cccc2F)CCC1n1cc(C(N)=O)c(Nc2ccc(C(F)(F)F)cc2)n1
630,CN(C)C(=O)c1ccc(Nc2nc3c(-c4ccc(S(C)(=O)=O)cc4)cccn3n2)cc1
1835,CC(C)(O)CNc1ncc(-c2cnc3[nH]ccc3n2)c(NC2CCCN(S(C)(=O)=O)C2)n1
412,COc1cccc(-c2cccn3nc(Nc4ccc(C5CCN(C(=O)OC(C)(C)C)CC5)cc4)nc23)c1OC
924,CCC(C)NC(=O)c1c[nH]c2ncc(C3CC3)nc12
1898,CSc1ncc(-c2cnc3[nH]ccc3n2)c(NC2CCCN(S(=O)(=O)CCC(C)(C)C)C2)n1
1308,N#CC1CC(O)CCC1n1cc(C(N)=O)c(Nc2ccc(Cl)nc2)n1
70,Fc1cccc(C2CCCN2c2ccc3ncc(-c4ccccn4)n3n2)c1
1757,N#CC1CCCCC1n1cc(C(N)=O)c(Nc2ccc(S(=O)(=O)N3CCOCC3)cc2)n1
663,NC1CCCCC1Nc1cc2nc[nH]c(=O)c2c(Nc2cccc3cc[nH]c23)n1
1805,CC(C)(C)OC(=O)N1CCC(n2cc(Nc3nc4c(-c5ccc(S(C)(=O)=O)cc5)cccn4n3)cn2)CC1
586,CC1(C)CN(C2CCC(n3cc(C(N)=O)c(Nc4ccnc(F)c4)n3)C(C#N)C2)C1
589,COc1ccc(-c2cccc3nc(NC(=O)C4CC4)nn23)cc1
488,N#CC1CCCC(F)C1n1cc(C(N)=O)c(Nc2ccccc2)n1
806,CCOC(=O)c1cnc2nc[nH]c(C3=CCCCC3)c1-2
1739,NC(=O)c1cc(-c2ncccn2)cc2c1[nH]c1cc(C(=O)N3CCOCC3)ccc12
532,CN(C)C1CCC(n2cc(C(N)=O)c(Nc3ccc(Cl)c(F)c3)n2)C(C#N)C1
72,O=C(Nc1nc2cccc(-c3ccc(CN4CCCCC4)cc3)n2n1)C1CC1
1249,Cc1cc(Nc2nc(NC(C)c3ccc(F)cn3)c(F)c(N3CCN(C)CC3)n2)[nH]n1
345,N#Cc1ccc2ncn(-c3ncc4[nH]c(=O)n(C5CCOCC5)c4n3)c2c1
58,COc1ccc(-c2nc3[nH]cc(Cl)c(NCC4CCN(C)CC4)c-3n2)cc1
282,NC1COCCC1Nc1cc2cc[nH]c(=O)c2c(Nc2cccc3cc[nH]c23)n1
1181,N#CC1CC(N2CC3C(CO)C3C2)CCC1n1cc(C(N)=O)c(Nc2ccc(C(F)(F)F)cc2)n1
1896,CS(=O)(=O)N1CCCC(Nc2ncccc2-c2cnc3[nH]ccc3n2)C1
918,N#CC1CC(O)CCC1n1cc(C(N)=O)c(Nc2ccc(F)cc2)n1
73,COc1ccc(C(F)(F)F)cc1-c1cccn2nc(Nc3ccc(C4CCN(C(=O)OC(C)(C)C)CC4)cc3)nc12
1302,CC(C)C(C)n1cc(-c2cc(N3CCOCC3)n(C)n2)c2n[nH]c(N)c2c1=O
1730,CN1CCN(c2ccc3c(c2)[nH]c2c(C(N)=O)cc(-c4cccc(Cl)c4)nc23)CC1
1184,CC1(CNC2CCC(n3cc(C(N)=O)c(Nc4ccc(C(F)(F)F)cc4)n3)C(C#N)C2)COC1
1359,CN(CC1(C)COC1)C1CCC(n2cc(C(N)=O)c(Nc3ccc(Cl)cc3)n2)C(C#N)C1
1530,Cc1ccc(NC(=O)c2cc(C(F)(F)F)ccn2)cc1N1CCc2nc(Nc3ccc(C(=O)N4CCN(C)CC4)cc3)ncc2C1
1770,CCCS(=O)(=O)N1CCCC(Nc2ncccc2-c2cnc3n[nH]cc3n2)C1
930,COC1CCN(c2nccc(Nc3cc(NC(=O)c4c(Cl)cccc4Cl)ccn3)n2)CC1
1860,CN1CCN(S(=O)(=O)CC2CCC(N(C)c3[nH]cnc4nccc3-4)CC2)CC1
12,NCCCn1c(C2CCC(O)CC2)nc2cc(C(N)=O)ccc21
768,CN(C)C1CCC(n2cc(C(N)=O)c(Nc3ccc(Cl)cc3)n2)C(C#N)C1
1711,CN(C)C(=O)CN1CCC(c2ccc(Nc3nc4c(-c5cnn(-c6ccc(F)cc6)c5)cccn4n3)cc2)CC1
467,N#CC1CC(N2CC3(CCC3)C2)CCC1n1cc(C(N)=O)c(Nc2ccc(C(F)(F)F)cc2)n1
181,COc1cc(C(F)F)ccc1-c1cccn2nc(Nc3ccc(C4CCN(C(=O)OC(C)(C)C)CC4)cc3)nc12
1144,COc1cccc(N2CCN(S(=O)(=O)c3ccc(Nc4nn(C5CCCCC5C#N)cc4C(N)=O)cc3)CC2)c1
1486,N#CC1CC(N2CC(F)C2)CCC1n1cc(C(N)=O)c(Nc2ccc(S(=O)(=O)C(F)(F)F)cc2)n1
730,N#CC1CC(N2CCC2)CCC1n1cc(C(N)=O)c(Nc2ccc(Cl)c(F)c2)n1
616,CC(NC(=O)c1c[nH]c2ncc(C3CC3)nc12)C(=O)N1CCCCC1
1699,CC(C)(C)OC(=O)N1CCN(c2ccc(Nc3nc4cccc(-c5ccc(S(C)(=O)=O)cc5)n4n3)cc2)CC1
492,COc1ccc(-c2cccn3nc(Nc4ccc(C(=O)O)cc4)nc23)cc1
507,CN(C)c1cccc(-c2cccn3nc(Nc4ccc(C5CCN(C(=O)OC(C)(C)C)CC5)cc4)nc23)c1
623,CC1(C#N)CCCC1Nc1c(C(N)=O)cnn2cccc12
1491,COc1cc(Nc2ncc(F)c(Nc3ccc4c(n3)NC(=O)C(C)(C)O4)n2)cc(OC)c1OC
1594,CCC1CCCCC1n1c(=O)[nH]c2cnc3[nH]ccc3c21
1864,COC(=O)N1CCC(Nc2ncccc2-c2cnc3[nH]ccc3n2)C1
964,CC(C)(CO)NC1CCC(n2cc(C(N)=O)c(Nc3ccc(Cl)cc3)n2)C(C#N)C1
1175,CC(=O)C1CCCN(S(=O)(=O)CC2CCC(N(C)c3[nH]cnc4nccc3-4)CC2)C1
1255,CC(C)(NC1CCC(n2cc(C(N)=O)c(Nc3ccc(Cl)cc3)n2)C(C#N)C1)C1CC1
1135,COc1ccccc1CNc1cccn2nc(Nc3ccnc(C)c3)nc12
125,Cc1ccc(Cl)cc1-c1cn(-c2ncnn3cccc23)cc1C(N)=O
987,CC(C)(NC1CCC(n2cc(C(N)=O)c(Nc3ccccc3)n2)C(C#N)C1)C1CC1
755,CC(NC(=O)c1c[nH]c2ncc(C3CC3)nc12)C(C)(C)O
935,O=C(NC1CCC(O)CC1)c1cnn2ccc(N3CCCC3c3cc(F)ccc3CO)nc12
443,N#Cc1ccc2ncn(-c3ncc4[nH]c(=O)n(Cc5cccc(F)c5F)c4n3)c2c1
1324,CN1Cc2ccc(Nc3nc4c(NCc5cccnc5N(C)S(C)(=O)=O)cccn4n3)cc2C1
1807,CC(C)CS(=O)(=O)N1CC(Nc2ncccc2-c2cnc3[nH]ccc3n2)CC(C(F)(F)F)C1
936,CC1CCCN1S(=O)(=O)CC1CCC(N(C)c2[nH]cnc3nccc2-3)CC1
1186,CN1CCN(c2ccc(Nc3nc4c(NCc5cccnc5N(C)S(C)(=O)=O)cccn4n3)cc2)CC1
380,O=C(CCCCN1CC=CCOCc2cccc(c2)-c2ccnc(n2)Nc2cccc(c2)C1)NO
76,CC(=O)Nc1ccc(-c2nc(Nc3ccc(N4CCOCC4)cc3)ncc2F)cc1
457,CC(C)NC(=O)c1c[nH]c2ncc(Oc3ccccc3)nc12
1480,CN1CCC(c2ccc(Nc3nc4c(Nc5ccccc5S(C)(=O)=O)cccn4n3)cc2)CC1
1593,CC(C)(C)OC(=O)N1CCN(c2cccc(Nc3nc4c(-c5ccc(S(C)(=O)=O)cc5)cccn4n3)c2)CC1
612,CC1CN(S(=O)(=O)CC2CCC(N(C)c3[nH]cnc4nccc3-4)CC2)CCN1C
437,CC1(C)CN(C2CCC(n3cc(C(N)=O)c(Nc4ccc(C(F)(F)F)cc4)n3)C(C#N)C2)C1
1465,NC(=O)c1cc(-c2ccc(Cl)c(Cl)c2)nc2c1[nH]c1cc(OCCN3CCOCC3)ccc12
1479,CC(C)(C)OC(=O)N1CCN(c2ccc(Nc3nc4cccc(-c5ccccc5)n4n3)cc2)CC1
444,O=C1Nc2ccccc2-c2ccnc3[nH]cc(c23)C1c1ccc(O)cc1
1843,CC(C)CC(=O)N1CCC(Nc2ncccc2-c2cnc3[nH]ccc3n2)C1
1002,CN(c1ncccc1CNc1cccn2nc(Nc3ccc(N4CCN(CCO)CC4)cc3)nc12)S(C)(=O)=O
1441,N#CC1CC(O)CCC1n1cc(C(N)=O)c(Nc2ccc(OC(F)F)cc2)n1
1874,COCCNc1ncc(-c2cnc3[nH]ccc3n2)c(NC2CCCN(S(C)(=O)=O)C2)n1
1140,COC1CCCN(S(=O)(=O)CC2CCC(N(C)c3[nH]cnc4nccc3-4)CC2)C1
1187,NC(=O)c1cc(-c2ccnc(N)n2)[nH]c1-c1cc(C(F)(F)F)ccc1C(F)(F)F
536,O=c1[nH]c2cnc(-n3cnc4ccccc43)nc2n1C1CCOc2ccccc21
81,Oc1ccc(C2Nc3ccccc3-c3ccnc4[nH]cc2c34)c(Cl)c1
156,CC(C)COc1ccccc1-c1cccn2nc(Nc3ccc4c(c3)CCNCC4)nc12
277,COc1ccc2nc(NC(C)c3ncc(F)cn3)nc(Nc3cn(C)cn3)c2c1
810,CN(c1[nH]cnc2nccc1-2)C1CCC(CS(=O)(=O)N2CCC(NC(=O)C(F)(F)F)C2)CC1
1448,CN(c1[nH]cnc2nccc1-2)C1CCC(CS(=O)(=O)N2CCC(O)(c3ccccc3)CC2)CC1
1831,O=c1[nH]ccc2c3nc(-c4c(F)cccc4Cl)[nH]c3c3ccc(F)cc3c12
1684,CN1CCN(c2cccc(Nc3nc4c(-c5ccc(S(C)(=O)=O)cc5)cccn4n3)c2)C(=O)C1
1838,CC(C)C(=O)N1CCC(Nc2ncccc2-c2cnc3[nH]ccc3n2)C1
1106,CC(Nc1nc(Nc2cn(C)cn2)c2ccn(C3CC3)c2n1)c1ncc(F)cn1
339,CC(Nc1nc(Nc2cn(C)cn2)c2cc(F)cnc2n1)c1ncc(F)cn1
831,Cc1ccc(Cl)cc1-c1[nH]c(-c2ccnc(Nc3ccc(N4CCN(C)CC4)cc3)n2)cc1C(N)=O
1115,CC(C)(C)NC1CCC(n2cc(C(N)=O)c(Nc3ccc(C(F)(F)F)cc3)n2)C(C#N)C1
658,NC(=O)c1cc(-c2cnc(N3CCOCC3)nc2)cc2c1[nH]c1cc(C(=O)N3CCOCC3)ccc12
515,CCOC(=O)c1c[nH]c2ncnc(-c3ccc4ccccc4c3)c12
470,CN(CC1COCCO1)S(=O)(=O)Nc1ccc2ccc3ncc(-c4cnn(C)c4)cc3c(=O)c2c1
240,Cn1ccc(-c2cn(-c3ccccc3Cl)c(=O)c3c(N)[nH]nc23)n1
297,CN(c1[nH]cnc2nccc1-2)C1CC(NS(=O)(=O)C2CN(C3CC3)C2)C1
533,CC(NC1CCC(n2cc(C(N)=O)c(Nc3ccc(OC(F)F)nc3)n2)C(C#N)C1)C1CC1
535,NC(=O)c1cc(-c2ccccc2)sc1Nc1ccncc1
965,N#CC1CC(NCC(F)F)CCC1n1cc(C(N)=O)c(Nc2ccc(F)c(Cl)c2)n1
298,CS(=O)(=O)c1ccc(OCC(F)F)c(-c2cccn3nc(Nc4ccc5c(c4)CCNCC5)nc23)c1
1125,Cc1cnc(Nc2nc(NC(C)c3ncc(F)cn3)nc(N3CCOCC3)c2F)s1
378,CC(C)Cn1cc(-c2ccn(C)n2)c2n[nH]c(N)c2c1=O
1517,C=CC1(O)CCC(n2cc(C(N)=O)c(Nc3ccc(Cl)cc3)n2)C(C#N)C1
1766,CC(O)CN1CCC(c2ccc(Nc3ncc4ccc(-c5ccccc5N(C)S(C)(=O)=O)n4n3)cc2)CC1
1414,O=C(NO)c1cccc(NCCOc2ccc3cc2COCC=CCOCc2cccc(c2)-c2ccnc(n2)N3)c1
1619,Cc1cnc(Nc2ccc(OCCN3CCCC3)cc2)nc1Nc1cccc(S(=O)(=O)NC(C)(C)C)c1
363,CN(c1[nH]cnc2nccc1-2)C1CC(CS(=O)(=O)CCC2CC2)C1
685,O=c1[nH]c2cnc(-n3cnc4ccccc43)nc2n1C1CCOc2cc(F)ccc21
389,CN(c1[nH]cnc2nccc1-2)C1CC(CS(=O)(=O)N2CCC(F)(F)CC2)C1
1372,COc1cccc(-c2cccn3nc(Nc4ccc(C5CCN(CC(=O)N(C)C)CC5)cc4)nc23)c1
1233,Cc1ccc(NC(=O)CC(C)C(F)(F)F)cc1N1CCc2nc(Nc3ccc(OCCN4CCCC4)cc3)ncc2C1
1388,N#CC1CCCCC1n1cc(C(N)=O)c(Nc2ccc(OC(F)(F)F)cc2)n1
1153,Clc1cnc2nc1NCCc1cccc(c1)OCCc1cccc(c1)N2
166,NCCCc1nc2cc(C(N)=O)ccc2n1CCN
393,N#CC1CC(NC(C2CC2)C(F)(F)F)CCC1n1cc(C(N)=O)c(Nc2ccc(C(F)(F)F)cc2)n1
99,O=c1[nH]c2cnc(-n3cnc4ccc(F)cc43)nc2n1C1CCOCC1
445,CN(C)C(=O)CN1CCC(c2ccc(Nc3nc4c(-c5ccc[nH]c5=O)cccn4n3)cc2)CC1
311,CC(Nc1c(C(N)=O)cnn2cccc12)C(C)(C)C
1872,CC(=O)N1CCC(Nc2ncccc2-c2cnc3[nH]ccc3n2)CC1
637,Cc1ccc(Cl)cc1-c1[nH]c(-c2ccnc(N)n2)cc1C(=O)NCCF
1198,COc1ccccc1-c1cccn2nc(Nc3ccc(N4CCOCC4)cc3)nc12
489,CC(NC1CCC(n2cc(C(N)=O)c(Nc3ccc(Cl)c(F)c3)n2)C(C#N)C1)C1CC1
1394,CS(=O)(=O)c1ccc(-c2cccc3nc(Nc4cccc(S(C)(=O)=O)c4)nn23)cc1
1072,CN1CCN(c2cncc(Nc3nc4c(-c5ccc(S(C)(=O)=O)cc5)cccn4n3)n2)CC1
609,CCOC(=O)c1c[nH]c2ncnc(-c3ccc(Cl)c(N)c3)c12
1554,CS(=O)(=O)NC1CCC(n2cc(C(N)=O)c(Nc3ccc(Cl)cc3)n2)C(C#N)C1
1868,CCC(=O)N1CCC(Nc2ncccc2-c2cnc3[nH]ccc3n2)C1
1377,Clc1cnc2nc1NCc1cccc(c1)OCCc1cccc(c1)N2
178,Nc1[nH]nc2ccn(-c3ccccc3Cl)c(=O)c12
809,CCC1(C(N)=O)CCN(S(=O)(=O)CC2CCC(N(C)c3[nH]cnc4nccc3-4)CC2)CC1
392,Cc1ccc(Cl)cc1-c1cn(-c2cc(N)ncn2)cc1C(N)=O
752,N#CC1CCCCC1n1cc(C(N)=O)c(Nc2ccc(F)nc2)n1
62,CC(=O)Nc1ccc(-c2ccnc(NCCCNC(=O)c3c(Cl)cccc3Cl)n2)cc1
1331,N#CC1CC(OC(=O)Nc2ccccc2)CCC1n1cc(C(N)=O)c(Nc2ccc(F)cc2)n1
262,CC1CCN(S(=O)(=O)CC(F)(F)F)CC1N(C)c1[nH]cnc2nccc1-2
126,COc1ccc(-c2cccn3nc(N)nc23)cn1
1709,CN1CCN(c2ccc(Nc3nc4cccc(-c5ccc(CN6CCS(=O)(=O)CC6)cc5)n4n3)cc2)CC1
860,COc1ccc(C(F)(F)F)cc1-c1cccc2nc(Nc3ccc4c(c3)CCN(CC(=O)N(C)C)CC4)nn12
1839,CS(=O)(=O)N1CCCC(Nc2nc(N3CCC(O)C3)ncc2-c2cnc3[nH]ccc3n2)C1
314,CN(c1[nH]cnc2nccc1-2)C1CC(CS(=O)(=O)c2cc(C#N)ccn2)C1
796,N#CC1CC(O)CCC1n1cc(C(N)=O)c(Nc2ccc(C(F)(F)F)nc2)n1
101,O=c1[nH]c2cnc(-n3cnc4ccccc43)nc2n1C1CCOCC1
1221,CN1CCN(c2ccc(Nc3nc4c(-c5cccc(N(C)S(C)(=O)=O)c5)cccn4n3)cc2)CC1
560,Cc1ccc(Cl)cc1-c1[nH]c(-c2ccnc(N)n2)cc1C(=O)NCc1ccccc1
1534,CC(C)(C)NS(=O)(=O)c1ccc(-c2cc3c(N)ncc(C(=O)NCCN4CCCCC4)c3s2)cc1
1337,COc1ccc(-c2cc(NC(C)c3ccccc3)nc(-n3cnc4ccncc43)n2)cc1OC
191,CC(C)NC(=O)c1c[nH]c2ncc(Oc3cccc(C#N)c3)nc12
1678,CCn1cc(Nc2nc3c(-c4ccc(S(C)(=O)=O)cc4)cccn3n2)cn1
631,CC(C)c1cccc(-c2cccc3nc(Nc4ccnc(CO)c4)nn23)c1
632,CN(c1ccccc1CNc1cccn2nc(Nc3ccc4cnccc4c3)nc12)S(C)(=O)=O
1047,COc1ccc(Nc2nc3c(-c4cn[nH]c4)cccn3n2)cc1
783,[C-]#[N+]C1CC(N2CCC2)CCC1n1cc(Nc2ccc(OC(F)F)nc2)c(C(N)=O)c1
915,N#Cc1cccc(CN2CCC(Nc3c(C(N)=O)cnc4[nH]ccc34)CC2)c1
1220,CN(c1[nH]cnc2nccc1-2)C1CCC(CS(=O)(=O)N2CC(F)C(CO)C2)CC1
1109,COc1ccc(C(F)(F)F)cc1-c1cccc2nc(Nc3ccc4c(c3)CCN(CCSC)CC4)nn12
1677,CCN1CCN(c2cccc(Nc3nc4c(-c5ccc(S(C)(=O)=O)cc5)cccn4n3)c2)C(=O)C1
369,CN(c1[nH]cnc2nccc1-2)C1CC(NS(=O)(=O)N(C)CCC#N)C1
638,CN1CCC(c2ccc(Nc3nc4c(Nc5ccccc5CN(C)S(C)(=O)=O)cccn4n3)cc2)CC1
567,CC1(O)CCCC1Nc1c(C(N)=O)cnn2cccc12
334,O=c1[nH]c2cnc3[nH]ccc3c2n1C1CCOCC1
870,CN(c1[nH]cnc2nccc1-2)C1CCC(CS(=O)(=O)N2CCCC(C)(CO)C2)CC1
1197,CN(c1[nH]cnc2nccc1-2)C1CCC(CS(=O)(=O)N2CC(F)C2)CC1
1174,CC(NC(=O)c1c[nH]c2ncc(-c3nn(C)c4cc(Cl)ccc34)nc12)C(=O)N1CC(C#N)C1
1774,CS(=O)(=O)c1ccc(-c2cccn3nc(Nc4ccc(CN5CCS(=O)(=O)CC5)cc4)nc23)cc1
384,CN(c1[nH]cnc2nccc1-2)C1CC(NS(=O)(=O)CC(F)(F)F)C1
891,CC(Nc1nccc(-n2cnc3ccncc32)n1)c1ccccc1
867,CC(Nc1ccnc(-n2cnc3ccncc32)n1)c1ccc(Cl)cc1
1734,NC(=O)c1cc(-c2ccc(CN3CCOCC3)s2)nc2c1[nH]c1cc(N3CCOCC3=O)ccc12
1437,CCc1ccc(Cl)cc1-n1cc(-c2cc(N)ncn2)cc1C(N)=O
501,O=c1[nH]ccc2c(NC3CC3)nc3ccc(F)cc3c12
98,O=C(O)c1cc(-c2nc(-c3cc[nH]c(=O)c3)c(-c3ccc(F)cc3)[nH]2)ccc1O
48,CN1CCN(c2cccc(Nc3nc4c(-c5ccc(S(C)(=O)=O)cc5)cc(C(F)(F)F)cn4n3)c2)CC1
1201,N#CC1CC(O)CCC1n1cc(C(N)=O)c(Nc2ccc(Cl)c(Cl)c2)n1
87,COc1ccc(-c2nc3[nH]cc(Br)c(NCC4CCN(C)CC4)c-3n2)cc1
1601,CCn1c(C(=O)N(C2CC2)C2CC2)cc2c3c(ncn3C)c(Nc3nc(C(=O)NC)c(C)s3)nc21
286,N#CC1CC(NC2CC3(CCCC3)C2)CCC1n1cc(C(N)=O)c(Nc2ccc(C(F)(F)F)cc2)n1
1900,CC(=O)N1CCCC(Nc2ncccc2-c2cnc3[nH]ccc3n2)C1
182,Nc1nc2c(-c3ccncc3)cccn2n1
1158,N#CC1CC(N2CC(O)(C(F)(F)F)C2)CCC1n1cc(C(N)=O)c(Nc2ccc(C(F)(F)F)cc2)n1
245,CC(C)NC(=O)c1c[nH]c2ncc(Oc3ccc(C#N)cc3)nc12
879,CC(Nc1nc2nncc-2c(Nc2cn(C)cn2)[nH]1)c1ncc(F)cn1
795,Cc1ccc(Cl)cc1-c1c(C(N)=O)cc(-c2ccnc(N)n2)n1C
814,NC(=O)Nc1sc(-c2ccccc2)cc1C(N)=O
1190,CN(C)C1CCC(n2cc(C(N)=O)c(Nc3ccc(C(F)(F)F)cc3)n2)C(C#N)C1
1583,N#CC1CCCCC1n1cc(C(N)=O)c(Nc2ccc(S(=O)(=O)NCc3ccccn3)cc2)n1
599,NC(=O)c1cc(-c2ccc(CN3CCOCC3)c(Cl)c2)cc2c1[nH]c1cc(-c3cccnc3)ccc12
1768,N#CC1CCCCC1n1cc(C(N)=O)c(Nc2ccc(S(=O)(=O)NCc3ccccc3)cc2)n1
600,CNc1cc(-c2cc(C(N)=O)n(-c3cc(Cl)ccc3C)c2)ncn1
731,NC1CCCCC1Nc1cc2nc[nH]c(=O)c2c(Nc2cccc3[nH]ccc23)n1
317,O=C(CCCCCCC(=O)N1CC=CCCOc2cccc(c2)-c2ccnc(n2)Nc2cccc(c2)C1)NO
42,CS(=O)(=O)c1ccccc1Nc1nc2c(Nc3ccccc3S(C)(=O)=O)cccn2n1
1395,COc1cc(Nc2ncc(F)c(-c3cc4c(o3)CCN(S(C)(=O)=O)C4)n2)cc(OC)c1OC
9,COc1ccc2c(c1)C(=O)N(c1nc(C(=O)Nc3cnccc3N3CCNCC3)cs1)C2
1813,CC(O)CN1CCN(c2ccc(Nc3ncc4ccc(-c5cccc(S(=O)(=O)NC(C)(C)C)c5)n4n3)cc2F)CC1
1188,N#CC1CCCCC1n1cc(C(N)=O)c(Nc2ccnc(F)c2)n1
1344,CC1(C)CN(C2CCC(n3cc(C(N)=O)c(Nc4ccc(C(C)(O)C(F)(F)F)cc4)n3)C(C#N)C2)C1
888,Clc1cnc2nc1NCc1cccc(c1)OCc1cccc(c1)N2
554,CCOc1ccc(C(F)(F)F)cc1-c1cccn2nc(Nc3ccc4c(c3)CCN(CCS(C)(=O)=O)CC4)nc12
1599,N#Cc1ccc(N2CCC(Nc3c(C(N)=O)cnc4[nH]ccc34)C(F)C2)nc1
1077,N#CC1CC(N2CC(F)C2)CCC1n1cc(C(N)=O)c(Nc2ccc(C(F)(F)F)cc2)n1
653,N#CC1CC(OC(=O)Nc2ccccc2)CCC1n1cc(C(N)=O)c(Nc2ccc(F)cc2)n1
1789,CS(=O)(=O)c1ccc(-c2cccn3nc(Nc4cccc(CN5CCOCC5)c4)nc23)cc1
203,CC(C)(C)NC(=O)c1cnc(N)c2cc(-c3ccc(N4CCOCC4)cc3)sc12
432,CC(C)(C)NC(=O)c1cncc(Nc2nn(C3CCCCC3C#N)cc2C(N)=O)c1
654,O=C(NC1CCC(O)CC1)c1cnn2ccc(N3CCCC3c3cc(F)ccc3F)nc12
800,NC(=O)c1cc(-c2ccccc2)sc1Nc1ccccn1
293,CNc1cc(-n2cc(C(N)=O)c(-c3cc(Cl)ccc3C)c2)ncn1
1747,COc1ccc(-c2cc(C(N)=O)c3[nH]c4cc(C(=O)N5CCCC(C)(O)C5)ccc4c3c2)cc1F
883,CC(C)(C)OC(=O)C1CCC(C#N)C(n2cc(C(N)=O)c(Nc3ccccc3)n2)C1
1903,CC1CC(C[SH](=O)(O)N2CCC(CO)C2)CCC1N(C)c1[nH]cnc2nccc1-2
1413,Cc1cccc(C)c1NS(=O)(=O)c1ccc(Nc2nn(C3CCCCC3C#N)cc2C(N)=O)cc1
248,NC(=O)c1cc(-c2ccccc2)sc1Nc1cccc(C(F)(F)F)n1
1910,COC(=O)N1CCCCC(Nc2ncccc2-c2cnc3[nH]ccc3n2)C1
1890,CS(=O)(=O)N1CCCC(Nc2ncccc2-c2cnc3[nH]cc(Cl)c3n2)C1
329,Cc1ncc(S(=O)(=O)NC2CC(N(C)c3[nH]cnc4nccc3-4)C2)s1
456,COc1cc(C2CCN(CC(N)=O)CC2)ccc1Nc1ncc2ccc(-c3ccccc3OC)n2n1
1171,N#CC1CC(CO)CCC1n1cc(C(N)=O)c(Nc2ccc(F)cc2)n1
1327,N#CC1CC(N2CCC2)CCC1n1cc(C(N)=O)c(Nc2ccc(C(O)C(F)(F)F)cc2)n1
74,CN1CCN(c2cncc(Nc3nc4c(NCc5ccccc5N(C)S(C)(=O)=O)cccn4n3)n2)CC1
1439,NC(=O)c1cc(-c2ccnc(N)n2)[nH]c1-c1cc(C(F)(F)F)ccc1Cl
836,COc1cccc(-c2cccn3nc(Nc4ccc(C5CCNCC5)cc4)nc23)c1OC
1851,CN(C)C1CCN(c2ncc(-c3cnc4[nH]ccc4n3)c(NC3CCCN(S(C)(=O)=O)C3)n2)CC1
1317,N#CC1CC(O)CCC1n1cc(C(N)=O)c(Nc2ccc(F)cc2)n1
1178,CC1(NC2CCC(n3cc(C(N)=O)c(Nc4ccc(Cl)cc4)n3)C(C#N)C2)COC1
954,N#CC1CCCCC1n1cc(C(N)=O)c(Nc2ccc(F)c(Cl)c2)n1
169,CCn1c(-c2ccnc(N)n2)cc(C(N)=O)c1-c1cc(Cl)ccc1C
1202,N#CC1CC(N2CC3C(CO)C3C2)CCC1n1cc(C(N)=O)c(Nc2ccc(C(F)(F)F)cc2)n1
960,CN1CCC(c2ccc(Nc3nc4c(NCc5cccnc5N(C)S(C)(=O)=O)cccn4n3)cc2)CC1
749,N#CC1CC(O)CCC1n1cc(C(N)=O)c(Nc2ccc(OC(F)F)cc2)n1
100,CN(c1[nH]cnc2nccc1-2)C1CC(NS(=O)(=O)N2CCC(C#N)C2)C1
1493,NC(=O)c1cc(-c2ccc(Cl)c(Cl)c2)cc2c1[nH]c1ccc(C(=O)NC3CCNC3)cc12
1563,CCC(NC(=O)c1c[nH]c2ncc(-c3nn(C)c4cc(Cl)ccc34)nc12)C(=O)N1CC(C#N)C1
787,CN1CCN(c2cc(Oc3c(F)cccc3F)nc(-n3cnc4ccncc43)n2)CC1
398,CC(NC(=O)c1c[nH]c2ncc(C3CC3)nc12)C1CCCCC1
1097,CC(C)(C)NC1CCC(n2cc(C(N)=O)c(Nc3ccccc3)n2)C(C#N)C1
1556,CS(=O)(=O)c1ccc(-c2cccn3nc(Nc4cccc(N5CCN(CCCF)CC5)c4)nc23)cc1
1487,Cc1cnc(Nc2ccc(N3CCN(C)CC3)cc2)nc1Nc1cccc(S(=O)(=O)NC(C)(C)C)c1
143,Cc1ccccc1Oc1cnc2[nH]cc(C(=O)NC(C)C)c2n1
420,NC(=O)c1cc(-c2ccccc2)sc1Nc1cccnc1
1108,COc1ccccc1-c1cccn2nc(Nc3cccc(N4CCN(C)CC4)c3)nc12
1816,CCCS(=O)(=O)N1CCC(Nc2ncccc2-c2cnc3[nH]ccc3n2)C1
647,N#CC1CC(C(=O)N2CC3(COC3)C2)CCC1n1cc(C(N)=O)c(Nc2ccc(Cl)cc2)n1
1566,CC1(O)CCC(n2cc(C(N)=O)c(Nc3ccc(C(C)(O)C(F)(F)F)cc3)n2)C(C#N)C1
847,CNC1CCC(n2cc(C(N)=O)c(Nc3ccc(F)cc3)n2)C(C#N)C1
415,O=c1[nH]c2cnc(-n3cnc4ccc(F)cc43)nc2n1Cc1c(F)cccc1F
557,CC(C)Cn1cc(-c2cccn3nc(Nc4ccc(C(=O)O)cc4)nc23)cn1
1126,Clc1cnc2nc1NCCCc1cccc(c1)OCCc1cccc(c1)N2
1042,CN(c1[nH]cnc2nccc1-2)C1CCC(CS(=O)(=O)N2CCC(O)C(O)C2)CC1
627,N#CC1CCCCC1n1cc(C(N)=O)c(Nc2cc(Cl)cc(Cl)c2)n1
464,N#CC1CC(NCC2CCC2)CCC1n1cc(C(N)=O)c(Nc2ccc(C(F)(F)F)cc2)n1
530,Cc1ccc(Nc2sc(-c3ccccc3)cc2C(N)=O)nc1
878,CC1(C)CCC(C#N)C(n2cc(C(N)=O)c(Nc3ccccc3)n2)C1
1183,COc1cc(Cl)ccc1-c1cccn2nc(Nc3ccc4c(c3)CCN(CC(=O)N(C)C)C4)nc12
1763,CS(=O)(=O)c1ccc(-c2cccc3nc(Nc4cccc(CN5CCOCC5)c4)nn23)cc1
249,CC(C)(C)NC(=O)c1cnn2ccc(N3CCCC3c3cc(F)cnc3CO)nc12
1262,N#CC1CC(O)CCC1n1cc(C(N)=O)c(Nc2ccc(C(F)(F)F)nc2)n1
1267,CCOCCOC1CCN(S(=O)(=O)CC2CCC(N(C)c3[nH]cnc4nccc3-4)CC2)C1
1870,CC(C)CS(=O)(=O)N1CCCC(Nc2nccnc2-c2cnc3[nH]ccc3n2)C1
981,N#CC1CC(NC(C2CC2)C2CC2)CCC1n1cc(C(N)=O)c(Nc2ccc(S(=O)(=O)C(F)(F)F)cc2)n1
439,CC1(N)CCC(Nc2c(C(N)=O)cnn3cccc23)C1(C)C
1698,CS(=O)(=O)c1ccc(-c2cccn3nc(Nc4ccc(OCCN5CCOCC5)cc4)nc23)cc1
745,CN(c1ncccc1CNc1cccn2nc(Nc3cccc(S(C)(=O)=O)c3)nc12)S(C)(=O)=O
984,CC(NC(=O)c1c[nH]c2ncc(-c3nn(C)c4cc(C#N)ccc34)nc12)C(=O)N1CC(C#N)C1
453,O=C(NC1CCOCC1)c1cnn2ccc(N3CCCC3c3cc(F)ccc3F)nc12
1655,COc1ccc(-c2cc(C(N)=O)c3[nH]c4ccc(C(=O)N5CCOCC5)cc4c3c2)cc1
865,NC(=O)c1cc(-c2ccnc(N)n2)[nH]c1-c1cc(Cl)ccc1C(F)(F)F
618,CC(Nc1ncc(Cl)c(Nc2cn(C)cn2)n1)c1ncc(F)cn1
1660,CC(O)(c1ccc(Nc2nn(C3CCC(N4CCC4)CC3C#N)cc2C(N)=O)cc1)C(F)(F)F
388,Cc1cccc(Nc2sc(-c3ccc(C(F)(F)F)cc3)cc2C(N)=O)n1
694,CCOC(=O)c1c[nH]c2ncnc(-c3ccccc3)c12
308,CN(c1ccccc1CNc1cccn2nc(Nc3ccccc3)nc12)S(C)(=O)=O
1645,Fc1ccc(-n2cc(-c3cccn4nc(Nc5ccc(C6CCNCC6)cc5)nc34)cn2)cc1
1682,CN1CCN(Cc2ccc(Nc3nc4cccc(-c5ccc(S(C)(=O)=O)cc5)n4n3)cc2)CC1
404,CC1(O)CC(Nc2c(C(N)=O)cnn3cccc23)C(C)(C)C1
540,N#CC1CCC(NCc2ccccc2)CC1n1cc(C(N)=O)c(Nc2ccc(F)cc2)n1
1274,CC(C)(C)CS(=O)(=O)N1CCCC(NC(=O)Nc2cnc3[nH]ccc3n2)C1
356,CC(=O)NC1CCc2ccc(Oc3cnc4[nH]cc(C(=O)NC(C(=O)N5CC(C#N)C5)C(C)(C)C)c4n3)cc21
622,CC(NC(=O)c1c[nH]c2ncc(C3CC3)nc12)C(=O)N1CCCC1
1744,CN(C)c1ccc(-c2cc(C(N)=O)c3[nH]c4cc(N5CCOCC5)ccc4c3n2)cn1
1326,[C-]#[N+]C1CC(CF)CCC1n1cc(C(N)=O)c(Nc2ccnc(F)c2)n1
38,COc1ccccc1Nc1nc2c(-c3ccccc3)cccn2n1
1319,NC(=O)CN1CCC(c2ccc(Nc3ncc4ccc(-c5cccc6c5OC(F)(F)O6)n4n3)cc2)CC1
1893,Cc1c[nH]c2ncc(-c3cccnc3NC3CCCN(S(C)(=O)=O)C3)nc12
1489,Cc1cc(Nc2nc(NC(C)c3ccc(F)cn3)c(F)c(N3CCOCC3)n2)[nH]n1
538,COc1ccc(-c2nc3c4ccc(OC)cc4nc-3c(C(N)=O)[nH]2)cc1
1588,CC1(c2ccc(Nc3nn(C4CCC(O)CC4C#N)cc3C(N)=O)cc2)COC1
709,CN(c1[nH]cnc2nccc1-2)C1CC(CS(=O)(=O)N2CCC(O)(C(F)(F)F)CC2)C1
202,CC1(C)C(=O)N(C2CCc3c(O)cccc32)c2nc(Nc3ccccc3)ncc21
1131,CNC1CCC(n2cc(C(N)=O)c(Nc3ccc(F)cc3)n2)C(C#N)C1
1584,CS(=O)(=O)CCNC1CCC(n2cc(C(N)=O)c(Nc3ccc(S(=O)(=O)C(F)(F)F)cc3)n2)C(C#N)C1
912,Cc1ccc(NC(=O)CCC(F)(F)F)cc1N1CCc2nc(Nc3ccc(C(=O)N4CCN(C)CC4)cc3)ncc2C1
168,N#Cc1ccc2ncn(-c3ncc4[nH]c(=O)n(Cc5c(Cl)cccc5Cl)c4n3)c2c1
841,CC(Nc1cc(-c2cccc(C#N)c2)nc(-n2cnc3ccncc32)n1)c1ccccc1
526,CC1(C)CCC(C#N)C(n2cc(C(N)=O)c(Nc3ccccc3)n2)C1
435,CN(C)C(=O)c1ccc(-c2cc(C(N)=O)c3[nH]c4cc(C(=O)N5CCOCC5)ccc4c3c2)cc1
1370,CC1(C#N)CCC(F)CC1n1cc(C(N)=O)c(Nc2ccc(F)cc2)n1
1258,CC1(O)CCC(n2cc(C(N)=O)c(Nc3ccc(Cl)cc3)n2)C(C#N)C1
901,CCOC(=O)c1c[nH]c2ncnc(-c3ccc(-c4ccccc4)cc3)c12
1080,CN(c1[nH]cnc2nccc1-2)C1CCC(CS(=O)(=O)N2CCSC2)CC1
1653,[C-]#[N+]C1CCCCC1n1cc(C(N)=O)c(Nc2ccc(C=NOC)cc2)n1
428,Cc1cccc(Nc2sc(-c3cccc(Cl)c3)cc2C(N)=O)n1
438,Nc1[nH]nc2ccc(C(=O)N3CCCC3c3ccc(Cl)cc3)cc12
66,CC1CC(C)CN(c2ccc(Nc3ncc(C(F)(F)F)c(-c4cc5ccc(C#N)cc5o4)n3)cc2)C1
633,CCn1cc(-c2cccc3nc(Nc4ccnc(CO)c4)nn23)cn1
460,N#CC1CC(CN)CCC1n1cc(C(N)=O)c(Nc2ccc(F)cc2)n1
188,O=c1[nH]c2cnc3[nH]ccc3c2n1C1CCNCC1
351,CN1CCN(c2cccc(Nc3nc4c(Nc5ccccc5CN(C)S(C)(=O)=O)cccn4n3)c2)CC1
710,O=c1[nH]c2cnc3[nH]ccc3c2n1CC1CCCCC1
1139,O=C(O)c1ccc(Nc2nc3c(-c4cnn(C5CCCC5)c4)cccn3n2)cc1
1515,N#CC1CC(O)CCC1n1cc(C(N)=O)c(Nc2ccc(Cl)cc2)n1
1471,N#CC1CC(NC2CCS(=O)(=O)C2)CCC1n1cc(C(N)=O)c(Nc2ccc(S(=O)(=O)C(F)(F)F)cc2)n1
1424,CS(=O)(=O)c1cccc(-c2cccn3nc(Nc4ccc(N5CCOCC5)cc4)nc23)c1
1005,N#CC1CC(NC2(C(F)(F)F)CC2)CCC1n1cc(C(N)=O)c(Nc2ccc(Cl)cc2)n1
502,CC(NC1CCC(n2cc(C(N)=O)c(Nc3ccc(C(F)(F)F)nc3)n2)C(C#N)C1)C1CC1
387,Cc1ccc(Cl)cc1-c1[nH]c(-c2ccnc(N)n2)cc1C(=O)NCC(C)C
993,COc1cc(Nc2nc(NC(C)c3ncc(F)cn3)c(F)c(N3CCOCC3)n2)[nH]n1
1213,Cc1ccc(NC(=O)c2cccc(C(F)(F)F)c2)cc1N1CCc2nc(Nc3cncnc3)ncc2C1
94,CNCCn1c(C2CCC(O)CC2)nc2cc(C(N)=O)ccc21
1483,CN1CCN(c2cccc(Nc3nc4c(-c5cccc(S(C)(=O)=O)c5)cccn4n3)c2)CC1
634,CCN(CC)C(=O)C1CCN(S(=O)(=O)CC2CCC(N(C)c3[nH]cnc4nccc3-4)CC2)CC1
1010,CN(c1[nH]cnc2nccc1-2)C1CCC(CS(=O)(=O)N2CC(c3cccnc3)C2)CC1
759,COc1ncc(C(F)(F)F)cc1-c1cccn2nc(Nc3ccc(C4CCN(CC(=O)N(C)C)CC4)cc3)nc12
1350,CN(c1[nH]cnc2nccc1-2)C1CCC(CS(=O)(=O)N2CCC(O)C(O)C2)CC1
1797,CS(=O)(=O)c1ccc(-c2cccn3nc(Nc4cccc(C5CCN(CC(N)=O)CC5O)c4)nc23)cc1
1204,Cc1ccc(Cl)cc1-c1[nH]c(-c2ccnc(N)n2)cc1C(N)=O
1417,N#CC1CC(NCc2ccccc2)CCC1n1cc(C(N)=O)c(Nc2ccnc(F)c2)n1
1883,CC(C)CS(=O)(=O)N1CCCC(Nc2nc(N3CCOCC3)ncc2-c2cnc3[nH]ccc3n2)C1
1710,CS(=O)(=O)c1ccc(-c2cccc3nc(Nc4ccc(CN5CCOCC5)cc4)nn23)cc1
940,CC(NC(=O)c1c[nH]c2ncc(C3CC3)nc12)C(C)(C)O
871,Cc1ccc(N2CCN(S(=O)(=O)CC3CCC(N(C)c4[nH]cnc5nccc4-5)CC3)CC2)nc1
1740,Cn1ccc2cc(-c3cc(C(N)=O)c4[nH]c5cc(C(=O)N6CCOCC6)ccc5c4n3)ccc21
1782,CC(C)(C(=O)NCC(F)(F)F)c1ccc(Nc2nn(C3CCCCC3C#N)cc2C(N)=O)cc1
539,CC1(C)C(N)CCC1Nc1c(C(N)=O)cnn2cccc12
700,CN(C)C1CCC(n2cc(C(N)=O)c(Nc3ccc(OC(F)(F)F)cc3)n2)C(C#N)C1
431,O=C(CCCCN1CC=CCCOc2cccc(c2)-c2ccnc(n2)Nc2cccc(c2)C1)NO
756,N#CC1CC(N2CCC2)CCC1n1cc(C(N)=O)c(Nc2ccc(C(F)(F)F)nc2)n1
1772,COc1ccccc1-c1ccc2cnc(Nc3cccc(N4CCN(C)CC4)c3)nn12
992,N#CC1CC(N2CCC2)CCC1n1cc(C(N)=O)c(Nc2ccnc(F)c2)n1
593,COc1cnc(-c2cccn3nc(Nc4ccc(C5CCN(CC(=O)N(C)C)CC5)cc4)nc23)cn1
224,O=c1[nH]c2cnc(-n3cnc4ccc(F)cc43)nc2n1Cc1cccc(F)c1F
1440,N#CC1CC(N2CCC2)CCC1n1cc(C(N)=O)c(Nc2ccc(CC(F)(F)F)cc2)n1
598,COc1ncc(C(F)(F)F)cc1-c1cccn2nc(Nc3ccc(C4CCNCC4)cc3)nc12
1546,N#CC1CCCCC1n1cc(C(N)=O)c(Nc2ccc(S(=O)(=O)C(F)F)cc2)n1
1781,CCn1c(C(=O)N(C2CC2)C2CC2)cc2c3c(ncn3C)c(Nc3nc(C)c(C(=O)N4CCS(=O)(=O)CC4)s3)nc21
1902,CS(=O)(=O)N1CCCCC(Nc2ncccc2-c2cnc3[nH]ccc3n2)C1
185,CN1CCN(c2ccc(Nc3nc4c(-c5ccccc5S(C)(=O)=O)cccn4n3)cc2)CC1
1151,N#CC1CC(NCC2(O)CC2)CCC1n1cc(C(N)=O)c(Nc2ccc(C(F)(F)F)cc2)n1
873,C=CC(=O)Nc1cccc(CNc2nc(Nc3cnn(CCOC)c3)ncc2Cl)c1
259,Cc1cc(-c2cc(C(N)=O)c3[nH]c4cc(C5CCN(C(=O)OC(C)(C)C)CC5)ccc4c3c2)ccc1CN1CCOCC1
1631,CN1CCN(c2ccc(Nc3nc4cccc(-c5ccc(NS(C)(=O)=O)cc5)n4n3)cc2)CC1
1231,Cc1ccc(NC(=O)c2ccc(C(F)(F)F)s2)cc1N1CCc2nc(Nc3ccc(OCCN4CCCC4)cc3)ncc2C1
1856,CCCC(=O)N1CCC(Nc2ncccc2-c2cnc3[nH]ccc3n2)C1
1192,CC1(C)CN(C2CCC(n3cc(C(N)=O)c(Nc4ccc(Cl)cc4)n3)C(C#N)C2)C1
1713,CC(O)CN1CCN(c2ccc(Nc3ncc4ccc(-c5ccccc5N(C)S(C)(=O)=O)n4n3)cc2F)CC1
264,CC(NC(=O)c1cnn2ccc(N3CCCC3c3cncc(F)c3)nc12)C1CC1
1027,CC1(C)CCN1C1CCC(n2cc(C(N)=O)c(Nc3ccc(C(F)(F)F)cc3)n2)C(C#N)C1
1606,Cc1cc(Nc2nc(NC(C)c3ccc(F)cn3)c(F)c(N3CCN(S(C)(=O)=O)CC3)n2)[nH]n1
1382,CC(=O)N1CCCC(Nc2ncccc2-c2cnc3cc[nH]c3n2)C1
97,O=C(CCc1nc2ccccc2c(=O)[nH]1)Nc1ncc(Cc2ccc(F)c(F)c2)s1
1128,C=CC1(O)CCC(n2cc(C(N)=O)c(Nc3ccc(Cl)cc3)n2)C(C#N)C1
1061,CN(C)C1CCC(n2cc(C(N)=O)c(Nc3ccc(OC(F)F)cc3)n2)C(C#N)C1
1404,N#CC1CCCCC1n1cc(C(N)=O)c(Nc2ccc(S(=O)(=O)C(F)(F)F)cc2)n1
1409,Cc1ccc(Cl)cc1-c1cc(-c2ncnc3[nH]ccc23)[nH]c1C(N)=O
1280,CS(=O)(=O)c1ccc(Nc2sc(-c3ccccc3)cc2C(N)=O)nc1
978,CC1(C)CN(C2CCC(n3cc(C(N)=O)c(Nc4ccc(C(F)(F)F)cc4)n3)C(C#N)C2)C1
579,Cc1cccc(Nc2ccnc(Nc3ccc(N4CCN(C)CC4)cc3)n2)c1
1764,CC(O)(c1ccc(Nc2nn(C3CCC(O)CC3C#N)cc2C(N)=O)cc1)C(F)(F)F
1512,CN1CCN(c2ccc(Nc3ncc(Cl)c(NCC4CCCO4)n3)cc2)CC1
1229,CN(c1[nH]cnc2nccc1-2)C1CCC(CS(=O)(=O)N2CCN(c3ncccc3C#N)CC2)CC1
316,CN1CCN(c2ccc(Nc3nc4c(O)cccn4n3)cc2)CC1
859,Cc1ccc(NC(=O)c2cccc(C(F)(F)F)c2)cc1N1CCc2nc(Nc3ccc(S(=O)(=O)NC4CC4)cc3)ncc2C1
706,COC(=O)c1cncc(Nc2nn(C3CCCCC3C#N)cc2C(N)=O)c1
1673,Clc1cnc2nc1NCc1cccc(c1)OCCCc1cccc(c1)N2
1157,CC1CCC(n2c(=O)[nH]c3cnc4[nH]ccc4c32)CC1
967,N#Cc1ncc(Nc2nn(C3CCCCC3C#N)cc2C(N)=O)cc1F
228,N#Cc1cc(-c2cc(C(N)=O)c3[nH]c4cc(C(=O)N5CCOCC5)ccc4c3c2)ccc1F
102,NC(=O)c1ccc2c(c1)nc(C1CCC(O)CC1)n2CCO
1412,CC1(O)CN(C2CCC(n3cc(C(N)=O)c(Nc4ccc(C(F)(F)F)cc4)n3)C(C#N)C2)C1
1265,Cn1ncc2c(-c3cccn4nc(Nc5ccc6c(c5)CCN(C(=O)OC(C)(C)C)CC6)nc34)cccc21
1342,N#CC1CC(O)CCC1n1cc(C(N)=O)c(Nc2ccc(Cl)c(F)c2)n1
305,NC(=O)c1cnn2ccc(N3CCCC3c3cc(F)ccc3C(F)(F)F)nc12
1598,CS(=O)(=O)N1CCN(c2ccc(Nc3ncc(C(N)=O)c(NC4CC4)n3)cc2)CC1
215,CC(C)(C)OC(=O)N1CCC(c2ccc(Nc3nc4c(-c5cnn(-c6ccc(F)cc6)c5)cccn4n3)cc2)CC1
32,COc1ccc(-c2nc3[nH]cc(C(N)=O)c(NCC4CCN(C)CC4)c-3n2)cc1
1336,CC(C)C(C)n1cc(-c2cc(C3CCOCC3)n(C)n2)c2n[nH]c(N)c2c1=O
1363,N#CC1CCCCC1n1cc(C(N)=O)c(Nc2ccc3c(c2)C=CS3(=O)=O)n1
256,O=C(CCCCCCCC(=O)N1CC=CCOCc2cccc(c2)-c2ccnc(n2)Nc2cccc(c2)C1)NO
330,Cc1cc(NC(=O)N2CCC(C)C(N(C)c3[nH]cnc4nccc3-4)C2)sn1
953,N#CC1CCCCC1n1cc(C(N)=O)c(Nc2cc(F)cc(Cl)c2)n1
897,CS(=O)(=O)N1CCCC(NC(=O)Nc2cnc3[nH]ccc3n2)C1
434,COc1cccc(-c2cc(C(N)=O)c3[nH]c4cc(NC(=O)OCc5ccccc5)ccc4c3c2)c1
475,CNC(=O)c1ccc(Nc2nn(C3CCCCC3C#N)cc2C(N)=O)cc1
114,CS(=O)(=O)c1ccc(Oc2cccn3nc(Nc4cnn(CCN5CCCC5)c4)nc23)cc1
1532,COC1CN(C2CCC(n3cc(C(N)=O)c(Nc4ccc(S(=O)(=O)C(F)(F)F)cc4)n3)C(C#N)C2)C1
1559,COc1ccc(-c2cccn3nc(Nc4ccc(C5CCN(CC(=O)N(C)C)CC5)cc4)nc23)c(F)c1
1166,CN(c1[nH]cnc2nccc1-2)C1CCC(CS(=O)(=O)N2CC(c3ncccn3)C2)CC1
1427,CN(c1[nH]cnc2nccc1-2)C1CCC(CS(=O)(=O)N2CCC(CO)C2)CC1
326,CN(C)C(=O)CN1CCC(c2ccc(Nc3nc4c(-c5cc(C(F)(F)F)ccc5OCC(F)F)cccn4n3)cc2)CC1
34,COc1ccc(-c2nc3[nH]cc(Cl)c(NCC4CCN(C)CC4)c-3n2)cc1OC
550,NC(=O)c1cc(-c2ccccc2)sc1Nc1ccc(F)cn1
855,CS(=O)(=O)N1CCc2oc(-c3nc(Nc4ccc(OCCN5CCCC5)cc4)ncc3F)cc2C1
382,COc1cc(N2CCN(CC(C)O)CC2)ccc1Nc1ncc2ccc(-c3ccccc3N(C)S(C)(=O)=O)n2n1
300,O=S1(=O)Nc2cccc(c2)CNc2nc(ncc2Cl)Nc2cccc1c2
699,CC(=O)N1CCCC(NC(=O)Nc2cnc3[nH]ccc3n2)C1
955,CC(C)(O)CNC1CCC(n2cc(C(N)=O)c(Nc3ccc(Cl)cc3)n2)C(C#N)C1
1241,N#CC1CC(N2CCC(F)C2)CCC1n1cc(C(N)=O)c(Nc2ccc(S(=O)(=O)C(F)(F)F)cc2)n1
1852,Cc1ccc(-c2cnc3[nH]ccc3n2)c(NC2CCCN(S(=O)(=O)CC(C)(C)C)C2)n1
1806,COc1ccccc1-c1ccc2cnc(Nc3ccc(N4CCN(CC(C)O)CC4)cc3)nn12
80,c1cc2c(ncc3ncn(C4CCCCC4)c32)[nH]1
786,Cc1ccc(Cl)cc1-n1cc(-c2ncnn3cccc23)cc1C(N)=O
656,CS(=O)(=O)c1ccc(-c2cccn3nc(Nc4ccc(OS(=O)(=O)C(F)(F)C(F)(F)C(F)(F)C(F)(F)F)cc4)nc23)cc1
675,N#CC1CCCC1n1cc(C(N)=O)c(Nc2ccccc2)n1
1686,CN1CCN(c2ccc(Nc3ncc4ccc(-c5ccccc5N(C)S(C)(=O)=O)n4n3)cc2)CC1
1124,Cc1noc(-c2ccc(Nc3nn(C4CCCCC4C#N)cc3C(N)=O)cc2)n1
340,CN1CCN(c2ccc(Nc3nc4c(NCc5cccnc5)cccn4n3)cc2)CC1
205,CN(c1[nH]cnc2nccc1-2)C1CC(NS(=O)(=O)N2CC3CC(C2)O3)C1
31,O=C1c2oc(-c3ccc(Cl)cc3)cc2Cc2cc(N3CCNCC3)ccc2N1Cc1ccccc1-c1cccnc1
108,Cc1c(NC(=O)c2ccc(C(C)(C)C)cc2)cccc1-c1nc2ncnc-2c(Nc2ccc(C(=O)N3CCOCC3)cc2)[nH]1
734,CS(=O)(=O)c1ccc(Nc2nn(C3CCCC3C#N)cc2C(N)=O)cc1
105,CNCCn1c(C2CCNCC2)nc2cc(C(N)=O)ccc21
1822,CCS(=O)(=O)N1CCC(Nc2ncccc2-c2cnc3[nH]ccc3n2)C1
1590,CN(C)C(=O)CN1CCC(c2ccc(Nc3nc4c(-c5ccc(C#N)cc5)cccn4n3)cc2)CC1
721,NC(=O)c1cc(-c2ccc(Cl)c(Cl)c2)cc2c3c([nH]c12)CCC(C(=O)N1CCOCC1)C3
140,Nc1nc(Nc2cccc(S(N)(=O)=O)c2)nn1C(=O)c1c(F)cccc1F
458,COc1ncccc1-c1cccn2nc(Nc3ccc(C4CCN(CC(=O)N(C)C)CC4)cc3)nc12
1015,Cc1ccc(Cl)cc1-c1nn(C)cc1NC(=O)c1cnn2cccnc12
1026,COc1cccc(-c2cc(C(N)=O)c3nc4cc[nH]cc-4c3c2)c1
270,O=C(NC1CC1)c1cnn2ccc(N3CCCC3c3cc(F)cnc3CO)nc12
977,COc1ccccc1-c1cccn2nc(Nc3ccc4c(c3)CCN(CC(=O)N(C)C)CC4)nc12
527,CN(c1[nH]cnc2nccc1-2)C1CC(NS(=O)(=O)C2CC(F)(F)C2)C1
1520,CN(C1CCC(n2cc(C(N)=O)c(Nc3ccc(Cl)cc3)n2)C(C#N)C1)S(C)(=O)=O
37,COc1ccccc1Nc1nc2c(-c3ccc(C(F)(F)F)cc3)cccn2n1
839,N#CC1CC(NCc2ccccc2)CCC1n1cc(C(N)=O)c(Nc2ccnc(F)c2)n1
553,COc1ccc(C(F)(F)F)cc1-c1cccn2nc(Nc3cccc(N4CCN(C)CC4)c3)nc12
1017,N#CC1CC(NCC(F)F)CCC1n1cc(C(N)=O)c(Nc2ccc(Cl)c(F)c2)n1
524,Cc1c[nH]c2c(Nc3nc(NC4CCOCC4N)cc4nc[nH]c(=O)c34)cccc12
1494,NC(=O)c1cc(-c2ccc(Cl)c(Cl)c2)cc2c1[nH]c1ccc(C(=O)NCCN3CCOCC3)cc12
246,C=C(Br)C(=O)Nc1cccc(-c2ncnc3[nH]cc(C(=O)OCC)c23)c1
309,CNc1nc2c(cc(C(=O)NC3CC3)n2CC(O)CO)c2c1ncn2C
1013,CN(c1[nH]cnc2nccc1-2)C1CCC(CS(=O)(=O)N2CC(F)C(F)C2)CC1
1346,CC(NC1CCC(n2cc(C(N)=O)c(Nc3ccc(S(=O)(=O)C(F)(F)F)cc3)n2)C(C#N)C1)C1CC1
1578,CCS(=O)(=O)c1ccc(Nc2nn(C3CCCCC3C#N)cc2C(N)=O)cc1
583,NC(=O)c1cc(N2CCOCC2)[nH]c2c3ccc(C(=O)N4CCOCC4)cc3nc1-2
886,CC1(C)CN(C2CCC(n3cc(C(N)=O)c(Nc4ccnc(F)c4)n3)C(C#N)C2)C1
198,CN1CCC(c2cccc(Nc3nc4c(-c5ccccc5N(C)S(C)(=O)=O)cccn4n3)c2)CC1
812,CC(C)(C)OC(=O)N1CCC(c2ccc(Nc3nc4c(-c5ccc(C#N)cc5)cccn4n3)cc2)CC1
1888,O=S(=O)(CC1CC1)N1CCCC(Nc2ncccc2-c2cnc3[nH]ccc3n2)C1
900,N#CC1CCC2(CC1n1cc(C(N)=O)c(Nc3ccccc3)n1)OCCO2
1701,CS(=O)(=O)N1CCCC(Nc2ncccc2-c2cnc3cc[nH]c3n2)C1
1500,COc1cccc(-c2cc(C(N)=O)c3[nH]c4cc(C(=O)C5OC6CNC5C6)ccc4c3c2)c1
893,CCNC(=O)c1cnc(N)c2cc(-c3ccc(N4CCOCC4)cc3)sc12
1314,CN(c1[nH]cnc2nccc1-2)C1CCC(CS(=O)(=O)N2CCC(O)(CSc3ccccn3)C2)CC1
1694,CCn1c(C(=O)N(C2CC2)C2CC2)cc2c3c(ncn3C)c(Nc3nc(C)c(S(C)(=O)=O)s3)nc21
792,CN(c1[nH]cnc2nccc1-2)C1CCC(CS(=O)(=O)N2CCC(Cc3ccccc3)C2)CC1
10,NCCCn1c(-c2ccccc2)nc2cc(C(N)=O)ccc21
635,CN1CCC(c2ccc(Nc3nc4c(NCc5ccccc5CN(C)S(C)(=O)=O)cccn4n3)cc2)CC1
278,CC(NC1CCC(n2cc(C(N)=O)c(Nc3ccc(C(F)(F)F)nc3)n2)C(C#N)C1)C1CC1
1627,N#CC1CC(O)CCC1n1cc(C(N)=O)c(Nc2ccc(C(O)C(F)(F)F)cc2)n1
1895,CC1CC(Nc2ncccc2-c2cnc3[nH]ccc3n2)CN(S(=O)(=O)CC#N)C1
1167,CN(c1[nH]cnc2nccc1-2)C1CCC(CS(=O)(=O)N2CCN(c3ccccn3)CC2)CC1
1567,N#CC1CC(NCC(F)F)CCC1n1cc(C(N)=O)c(Nc2ccc(S(=O)(=O)C(F)(F)F)cc2)n1
1464,NC(=O)c1cc(-c2ccc(F)c(F)c2)nc2c1[nH]c1cc(C(=O)N3CCOCC3)ccc12
1786,CS(=O)(=O)N1CCCC(Nc2nc(Nc3ccncc3)ncc2-c2cnc3[nH]ccc3n2)C1
497,CC(C)(NC1CCC(n2cc(C(N)=O)c(Nc3ccc(Cl)cc3)n2)C(C#N)C1)C1CC1
615,Cc1cccc(-c2cc(C(N)=O)c3[nH]c4cc(N5CCN(Cc6ccccc6)CC5)ccc4c3c2)c1
1541,Cc1ccc(NC(=O)c2cccc(C(F)(F)F)c2)cc1N1CCc2nc(Nc3ccc(C(=O)NC4CCN(C)CC4)nc3)ncc2C1
1818,CCCS(=O)(=O)N1CCCC(Nc2ncccc2-c2cnc3cc[nH]c3n2)C1
1357,N#CC1CC(N2CCC2)CCC1n1cc(C(N)=O)c(Nc2ccc(C(O)C(F)(F)F)cc2)n1
742,Cn1c(C(=O)NCCN2CCCC2)cc2c(-c3ccc(NC(=O)c4ccccc4)cc3)ncnc21
1272,CC(Nc1cc(-c2ccoc2)nc(-n2cnc3ccncc32)n1)c1ccccc1
227,COc1cccc(CNc2cccn3nc(Nc4ccncc4)nc23)c1
713,NC(=O)CN1CCC(c2ccc(Nc3ncc4ccc(-c5ncccn5)n4n3)cc2)CC1
549,N#CC1CC(OC(=O)NC2CCCCC2)CCC1n1cc(C(N)=O)c(Nc2ccc(F)cc2)n1
18,O=C1NN(c2ccccc2)C(=O)C1=Cc1cc(Cl)ccc1OCc1ccccc1
56,CS(=O)(=O)c1ccc(-c2cccn3nc(NCCc4ccccn4)nc23)cc1
1432,CC(Nc1ccnc(-n2cnc3ccncc32)n1)c1ccc(F)cc1
970,Cc1ccc(NC(=O)CCC(F)(F)F)cc1N1CCc2nc(Nc3ccc(N4CCN(C)CC4)cc3)ncc2C1
328,CN(C)C(=O)CN1CCc2ccc(Nc3nc4c(-c5cc(F)ccc5OCC(F)F)cccn4n3)cc2CC1
1646,COc1ccccc1-c1ccc2cnc(Nc3ccc(S(=O)(=O)N(C)C)cc3)nn12
1403,N#CC1CCCCC1n1cc(C(N)=O)c(Nc2ccc(S(=O)(=O)Nc3ccccn3)cc2)n1
1182,N#CC1CC(NC2CC2)CCC1n1cc(C(N)=O)c(Nc2ccc(C(F)(F)F)cc2)n1
1652,NC(=O)c1cc(-c2ccc(Cl)cc2)nc2c1[nH]c1cc(C(=O)N3CCOCC3)ccc12
1596,CN1CCN(c2ccc(Nc3nc4c(-c5cccc(S(C)(=O)=O)c5)cccn4n3)cc2)CC1
208,Nc1ncnc2c1c(-c1cccc(O)c1)cn2C1CC(CN2CCC2)C1
1463,COc1cccc(-c2cc(C(N)=O)c3[nH]c4cc(NC(=O)OCCN)ccc4c3c2)c1
621,CCOC(=O)c1c[nH]c2ncnc(-c3ccc(-n4cccn4)cc3)c12
510,Nc1nc2c(-c3ccc(C(F)(F)F)cc3)cccn2n1
1328,COC(=O)c1ccc(Nc2nn(C3CCCCC3C#N)cc2C(N)=O)cn1
956,Clc1cnc2nc1NCc1cc(ccc1-c1ccccc1)OCCCc1cccc(c1)N2
302,COc1cccc(CNc2cccn3nc(Nc4ccnc(C)c4)nc23)c1
963,Cc1ccc(C)c(-c2nn(C)cc2NC(=O)c2cnn3ccc(N)nc23)c1
1597,CS(=O)(=O)c1cccc(-c2cccc3nc(Nc4ccc(N5CCOCC5)cc4)nn23)c1
1266,Cn1ncc2c(-c3cccn4nc(Nc5ccc6c(c5)CCNCC6)nc34)cccc21
1362,CC1(O)CCC(n2cc(C(N)=O)c(Nc3ccc(Cl)c(F)c3)n2)C(C#N)C1
1543,N#CC1CC(O)CCC1n1cc(C(N)=O)c(Nc2ccc(S(=O)(=O)C(F)(F)F)cc2)n1
1477,CC1CC(CS(=O)(=O)N2CCCC(O)C2)CCC1N(C)c1[nH]cnc2nccc1-2
214,CCOc1ccccc1-c1cccn2nc(Nc3ccc4c(c3)CCN(C(=O)OC(C)(C)C)CC4)nc12
471,CN1CCN(c2ccc(NC(=O)Nc3nc4cccc(-c5cccc(S(C)(=O)=O)c5)n4n3)cc2)CC1
1375,CS(=O)(=O)c1ccc(Nc2nn(C3CCCCC3C#N)cc2C(N)=O)cc1F
422,CC(NC(=O)c1cnn2ccc(N3CCCC3c3cc(F)cn(C)c3=O)nc12)C1CC1
1421,N#CC1CC(N2CC3(CCC3)C2)CCC1n1cc(C(N)=O)c(Nc2ccc(C(O)C(F)(F)F)cc2)n1
528,N#CC1CC(N2CCC2)CCC1n1cc(C(N)=O)c(Nc2ccc(C(F)(F)F)nc2)n1
674,CC1(O)CCC(Nc2c(C(N)=O)cnn3cccc23)C1(C)C
625,N#CC1CCCCC1n1cc(C(N)=O)c(Nc2ccc(S(=O)(=O)C(F)(F)F)cc2)n1
1905,CC(C)CS(=O)(=O)N1CCCC(Nc2nc(N)ncc2-c2cnc3[nH]ccc3n2)C1
1113,CNC1CCC(n2cc(C(N)=O)c(Nc3ccc(Cl)c(F)c3)n2)C(C#N)C1
1235,N#Cc1ccc(N2CCC(Nc3c(C(N)=O)cnc4[nH]ccc34)CC2)nc1
1702,CN1CCN(c2ccc(Nc3ncc4ccc(-c5cccc(S(=O)(=O)NC(C)(C)C)c5)n4n3)cc2Cl)CC1
231,Cc1ccc(Cl)cc1-c1ccc(-c2ccnc(N)n2)[nH]1
1069,N#CC1CC(NCC(F)(F)F)CCC1n1cc(C(N)=O)c(Nc2ccc(S(=O)(=O)C(F)(F)F)cc2)n1
948,COC1CCN(S(=O)(=O)CC2CCC(N(C)c3[nH]cnc4nccc3-4)CC2)C1
1473,N#CC1CCCCC1n1cc(C(N)=O)c(Nc2ccc(S(=O)(=O)NCc3ccc(C(F)(F)F)cc3)cc2)n1
929,FC(F)COc1ccc(Cl)cc1-c1cccn2nc(Nc3ccc4c(c3)CCNCC4)nc12
1401,CC1CN(C2CCC(n3cc(C(N)=O)c(Nc4ccc(S(=O)(=O)C(F)(F)F)cc4)n3)C(C#N)C2)C1
296,NC(=O)c1cc(-c2ccnc(N)n2)[nH]c1-c1cccc(Cl)c1
701,CCOC(=O)c1c[nH]c2ncnc(-c3ccc(N(C)C)cc3)c12
135,N#Cc1ccc(-c2nc3cc(C(N)=O)ccc3n2CCN)cc1
233,CCCS(=O)(=O)CC1CC(N(C)c2[nH]cnc3nccc2-3)C1
781,N#CC1CC(O)CCC1n1cc(C(N)=O)c(Nc2ccccc2)n1
160,O=C1CCC=CCOc2cccc(c2)-c2ccnc(n2)Nc2cccc(c2)N1
711,N#CC1CC(OC(=O)NC2CCCCC2)CCC1n1cc(C(N)=O)c(Nc2ccc(F)cc2)n1
636,CN(C)C(=O)CN1CCc2ccc(Nc3nc4c(-c5cc(Cl)ccc5OCC(F)F)cccn4n3)cc2CC1
1613,CS(=O)(=O)c1cccc(-c2cccn3nc(Nc4ccc(OCCN5CCCC5)cc4)nc23)c1
1268,Cc1cnc(Nc2ccc(OCC(=O)O)cc2)nc1-c1cc2ccccc2o1
346,CC(C)(C)OC(=O)C1CCC(n2cc(C(N)=O)c(Nc3ccc(F)cc3)n2)C(C#N)C1
996,N#CC1CC(N2CC3(CCC3)C2)CCC1n1cc(C(N)=O)c(Nc2ccc(C(O)C(F)(F)F)cc2)n1
46,NC1CCN(c2nc3c(NCc4cccnc4)cccn3n2)CC1
1386,N#CC1CCCCC1n1cc(C(N)=O)c(Nc2ccc(CN)cc2)n1
1278,CN(C1CCC(n2cc(C(N)=O)c(Nc3ccc(Cl)cc3)n2)C(C#N)C1)C(C)(C)C
698,CCN1CCN(CC2CCN(S(=O)(=O)CC3CCC(N(C)c4[nH]cnc5nccc4-5)CC3)C2)C(=O)C1=O
332,CCOC(=O)c1c[nH]c2ncnc(-c3cccc(NC(=O)C=Cc4nccs4)c3)c12
513,CS(=O)(=O)N1CCC(Nc2c(C(N)=O)cnc3[nH]ccc23)CC1
121,CN(C)Cc1ccc(-c2ccc3cnc(Nc4ccc(C5CCN(CC(N)=O)CC5)cc4)nn23)cc1
1371,CN(c1[nH]cnc2nccc1-2)C1CCC(CS(=O)(=O)N2CCC(O)(c3ccccc3)C2)CC1
1322,CC(NC(=O)c1c[nH]c2ncc(-c3nn(C)c4cc(C(C)(C)C)ccc34)nc12)C(=O)N1CC(C#N)C1
1453,CC1CCN(C(=O)CC#N)CC1n1c(=O)n(C)c2cnc3[nH]ccc3c21
232,CC(N)CNc1cc2nc[nH]c(=O)c2c(Nc2cccc3cc[nH]c23)n1
1254,N#Cc1ccc(N2CCC(Nc3c(C(N)=O)cnc4[nH]ccc34)C(F)C2)nc1
1873,CSc1ncc(-c2cnc3[nH]ccc3n2)c(NC2CCCN(S(=O)(=O)CC(C)C)C2)n1
817,N#CC1CC(N2CC3(CCC3)C2)CCC1n1cc(C(N)=O)c(Nc2ccccc2)n1
1141,CN1CCN(c2cccc(Nc3nc4c(C#Cc5ccccc5N(C)S(C)(=O)=O)cccn4n3)c2)CC1
1380,CC(=O)N1CCCC(Nc2ncccc2-c2cnc3n[nH]cc3n2)C1
682,CN1CCN(c2ccc(Nc3nc4c(NCC5CCN(C(=O)OC(C)(C)C)C5)cccn4n3)cc2)CC1
1844,Cc1ccc(-c2cnc3[nH]cc(Cl)c3n2)c(NC2CCCN(S(=O)(=O)CC3CC3)C2)n1
61,COc1cccc(NC(=O)c2cnc(Nc3cccc(OC)c3)c([N+](=O)[O-])c2)c1
407,O=c1[nH]c2cnc(-n3cnc4ccccc43)nc2n1C1CCOc2c(F)cccc21
1577,N#CC1CCCCC1n1cc(C(N)=O)c(Nc2ccc(C(O)C(F)F)nc2)n1
1562,O=C(CCCCCOc1ccc2cc1COCC=CCOCc1cccc(c1)-c1ccnc(n1)N2)NO
644,COc1ccc(Nc2nc3ncnc-3c(N3CCOCC3)[nH]2)cc1OC
1674,N#CCC(=O)N1CC(F)(F)C12CCCN(c1[nH]cnc3nccc1-3)C2
1419,[C-]#[N+]C1CC(OCC2CC2)CCC1n1cc(C(N)=O)c(Nc2ccnc(F)c2)n1
354,COCC(C)Nc1cc(-c2ccoc2)nc(-n2cnc3ccncc32)n1
1788,COc1ccccc1-c1ccc2cnc(Nc3ccc(C4CCN(CC(C)O)CC4)cc3)nn12
1227,CCn1cc(-c2cnc3[nH]cc(C(=O)NC(C)C(=O)N4CC(C#N)C4)c3n2)cn1
1689,CCn1nc(Nc2nc3c(cc(C(=O)N(C4CC4)C4CC4)n3CC)c3c2ncn3C)cc1C
1296,Cn1cc(-c2ccc(N=c3[nH]n(C4CCCCC4C#N)cc3C(N)=O)cn2)cn1
1223,CN(c1[nH]cnc2nccc1-2)C1CCC(CS(=O)(=O)N2CCCC(OCC(N)=O)C2)CC1
1234,COc1ccccc1-c1cccn2nc(Nc3ccc4c(c3)CCN(CCS(C)(=O)=O)CC4)nc12
1799,COc1ccccc1-c1ccc2cnc(Nc3cccc(N4CCN(CC(C)O)CC4)c3)nn12
1761,CS(=O)(=O)c1ccc(-c2cccn3nc(Nc4cccc(N5CCNCC5)c4)nc23)cc1
342,CC(NC(=O)OC(C)(C)C)C(=O)Nc1ccc(-c2ncnc3c2cc(C(=O)OCc2ccccc2)n3C)cc1
1756,C1=CCOCc2cc(ccc2OCCN2CCCC2)Nc2nccc(n2)-c2cccc(c2)COC1
662,CC(NC1CCC(n2cc(C(N)=O)c(Nc3ccc(C(F)(F)F)cc3)n2)C(C#N)C1)C1CC1
1338,CC1CC(CS(=O)(=O)N2CCCC(O)C2)CCC1N(C)c1[nH]cnc2nccc1-2
757,[C-]#[N+]C1CC(OCC2CC2)CCC1n1cc(C(N)=O)c(Nc2ccnc(F)c2)n1
805,N#CC1CC(N2CC(O)(C(F)(F)F)C2)CCC1n1cc(C(N)=O)c(Nc2ccc(C(F)(F)F)cc2)n1
927,FC1(F)Oc2cccc(-c3cccn4nc(Nc5ccc6c(c5)CCNCC6)nc34)c2O1
1665,CC(O)(c1ccc(Nc2nn(C3CCC(O)CC3C#N)cc2C(N)=O)cc1)C(F)(F)F
835,CC(NC(=O)c1c[nH]c2ncc(-c3cnc4cc(Cl)ccn34)nc12)C(=O)N1CC(C#N)C1
1064,CC1(O)CCC(Nc2c(C(N)=O)cnn3cccc23)C1(C)C
1103,COc1ccccc1CNc1cccn2nc(Nc3ccc(C)nc3)nc12
1391,N#CC1CC(NCC(F)(F)F)CCC1n1cc(C(N)=O)c(Nc2ccc(S(=O)(=O)C(F)F)cc2)n1
1001,Cc1ccc(NC(=O)c2cc(Cl)cc(C(F)(F)F)c2)cc1N1CCc2nc(Nc3ccc(N4CCN(C)CC4)cc3)ncc2C1=O
1149,COc1ccc(C(F)(F)F)cc1-c1cccc2nc(Nc3ccc4c(c3)CCNCC4)nn12
400,CC1Nc2nc(ncc2Cl)Nc2cccc(c2)COc2cccc1c2
1485,N#CC1CCCCC1n1cc(C(N)=O)c(Nc2ccc3c(c2)CCS3(=O)=O)n1
840,O=c1[nH]c2cnc(-n3cnc4ccc(Cl)cc43)nc2n1C1CCOc2c(F)cccc21
1434,Cc1ccc(NC(=O)c2cccc(C(F)(F)F)c2)cc1N1CCc2nc(Nc3ccc(C(N)=O)nc3)ncc2C1
1310,N#CC1CC(N2CCCC2CF)CCC1n1cc(C(N)=O)c(Nc2ccc(S(=O)(=O)C(F)(F)F)cc2)n1
1706,CN1CCN(c2ccc(Nc3ncc4ccc(-c5ccccc5N(C)S(C)(=O)=O)n4n3)cc2Cl)CC1
206,CCn1cc(Nc2nc3c(Oc4ccc(S(C)(=O)=O)cc4)cccn3n2)cn1
750,COc1ncc(F)cc1C1CCCN1c1ccn2ncc(C(=O)NC3CCC(O)CC3)c2n1
1504,NC(=O)c1cc(-c2cccc(C(F)(F)F)c2)nc2c1[nH]c1cc(N3CCNCC3)ccc12
358,CC(C)NC(=O)c1cnn2ccc(N3CCCC3c3cc(F)cn(C)c3=O)nc12
496,CC1(F)CCCC1Nc1c(C(N)=O)cnn2cccc12
1090,CC(Nc1cc(-c2ccoc2)nc(-n2cnc3ccncc32)n1)c1ccc(F)cc1
1374,CN(C)C(=O)CN1CCC(c2ccc(Nc3nc4c(-c5ccc(F)cc5)cccn4n3)cc2)CC1
760,COc1cnc(-c2cccn3nc(Nc4ccc(C5CCNCC5)cc4)nc23)cn1
1228,CN(c1[nH]cnc2nccc1-2)C1CCC(CS(=O)(=O)N2CCC(Cc3ncccn3)CC2)CC1
932,CC1CN(C2CCC(n3cc(C(N)=O)c(Nc4ccccc4)n3)C(C#N)C2)C1
957,CN(c1[nH]cnc2nccc1-2)C1CCC(CS(=O)(=O)N2CCCC(C)(O)C2)CC1
1712,N#CC1CC(N2CC(O)C2)CCC1n1cc(C(N)=O)c(Nc2ccc(S(=O)(=O)C(F)(F)F)cc2)n1
1561,COc1cccc(-c2cc(C(N)=O)c3[nH]c4cc(C(=O)N5CCN(C)CC5)ccc4c3c2)c1
52,COc1ccc(C(F)(F)F)cc1-c1cccn2nc(Nc3cccc(C4CCN(C(=O)OC(C)(C)C)CC4)c3)nc12
693,Clc1cnc2nc1NCc1cc(ccc1Br)OCCCc1cccc(c1)N2
1023,CN(c1[nH]cnc2nccc1-2)C1CCC(CS(=O)(=O)N2CCC(O)CC2)CC1
846,CC(C)CS(=O)(=O)N1CC(C)CC(NC(=O)Nc2cnc3[nH]ccc3n2)C1
892,N#Cc1cncc(Nc2nn(C3CCCCC3C#N)cc2C(N)=O)c1
348,COCCOc1ccc(F)cc1C1CCCN1c1ccn2ncc(C(=O)NC3CC3)c2n1
761,[C-]#[N+]C1=CCCC(OCC2CC2)C1
1630,N#CC1CCCCC1n1cc(C(N)=O)c(Nc2ccc(C(O)C(F)(F)F)nc2)n1
1177,CN1CCN(c2ccc(Nc3nc4c(Nc5ccccc5CS(C)(=O)=O)cccn4n3)cc2)CC1
642,N#CC1CC(NC2CC2)CCC1n1cc(C(N)=O)c(Nc2ccc(C(F)(F)F)cc2)n1
104,NC(=O)c1cc(-c2ccnc(N)n2)[nH]c1-c1ccccc1
22,NCCn1c(-c2ccncc2)nc2cc(C(N)=O)ccc21
784,CN(c1[nH]cnc2nccc1-2)C1CCC(CS(=O)(=O)N2CCC(C#N)CC2)CC1
1102,COCc1ccccc1-c1cccc2nc(Nc3ccc4c(c3)CCN(CCS(C)(=O)=O)CC4)nn12
1025,COc1cc(C(F)F)ccc1-c1cccn2nc(Nc3ccc(C4CCN(CC(=O)N(C)C)CC4)cc3)nc12
1117,CN(c1[nH]cnc2nccc1-2)C1CCC(CS(=O)(=O)N2CCCC(F)C2)CC1
26,CC(O)Cn1c(C2CCC(O)CC2)nc2cc(C(N)=O)ccc21
313,O=c1[nH]c2cnc(-n3cnc4ccc(C(F)(F)F)cc43)nc2n1C1CCOCC1
183,CC(=O)NC1CCc2ccc(Oc3cnc4[nH]cc(C(=O)NC(C)C(=O)N5CC(C#N)C5)c4n3)cc21
1176,CN(c1[nH]cnc2nccc1-2)C1CCC(CS(=O)(=O)N2CCCC(CS(N)(=O)=O)C2)CC1
1609,Cc1ccc(NC(=O)c2cccc(C(F)(F)F)c2)cc1N1CCc2nc(Nc3ccc(C(=O)N4CCN(C)CC4)cc3)ncc2C1
1663,CN(C1CCC(n2cc(C(N)=O)c(Nc3ccc(S(=O)(=O)C(F)(F)F)cc3)n2)C(C#N)C1)C(C1CC1)C1CC1
667,O=c1[nH]ccc2nc(NC3CC3)c3ccc(F)cc3c12
917,Cc1ccc(Cl)cc1-c1[nH]c(-c2ccnc(N)n2)cc1C(=O)NC1CCN(C)CC1
1416,CC(=O)c1ccc(Nc2nn(C3CCC(N4CCC4)CC3C#N)cc2C(N)=O)cc1
702,COc1ccc(-c2cccn3nc(Nc4cnn(C(C)CO)c4)nc23)cc1
481,N#CC1CC(NC(C2CC2)C2CC2)CCC1n1cc(C(N)=O)c(Nc2ccc(S(=O)(=O)C(F)(F)F)cc2)n1
516,N#CC1CCC(O)CC1n1cc(C(N)=O)c(Nc2ccccc2)n1
722,CC1(C)CCCCC1n1c(=O)[nH]c2cnc3[nH]ccc3c21
253,O=c1[nH]c2cnc(-n3cnc4ccccc43)nc2n1C1CCOc2c(Cl)cccc21
429,N#CC1CCC2(CC1n1cc(C(N)=O)c(Nc3ccccc3)n1)OCCO2
1179,Cc1ccc(Cl)cc1-c1c(C(N)=O)cc(-c2ccnc(Nc3ccc(N4CCN(C)CC4)cc3)n2)n1C
1000,CN(c1[nH]cnc2nccc1-2)C1CCC(CS(=O)(=O)N2CCC(F)C2)CC1
968,CN(c1[nH]cnc2nccc1-2)C1CCC(CS(=O)(=O)N2CC(O)C(O)C2)CC1
1431,CC(C)(C)NS(=O)(=O)c1ccc(-c2cc3c(N)ncc(C(=O)NCCO)c3s2)cc1
994,CN(c1[nH]cnc2nccc1-2)C1CCC(CS(=O)(=O)N2CCC(c3ccccc3F)C2)CC1
1906,CC(=O)N1CCCCC(Nc2ncccc2-c2cnc3[nH]ccc3n2)C1
1162,N#CC1CC(N2CCC2)CCC1n1cc(C(N)=O)c(Nc2ccc(OC(F)(F)F)cc2)n1
857,CS(=O)(=O)c1ccc(-c2cccn3nc(Nc4ccc(C(=O)N5CCOCC5)cc4)nc23)cc1
1237,CC1(F)CCCC1Nc1c(C(N)=O)cnn2cccc12
910,CC1(CNC2CCC(n3cc(C(N)=O)c(Nc4ccc(Cl)cc4)n3)C(C#N)C2)COC1
145,NCCCn1c(CCN)nc2cc(C(N)=O)ccc21
1076,O=C(CCCCCCC(=O)Nc1ccc(NCCOc2ccc3cc2COCC=CCOCc2cccc(c2)-c2ccnc(n2)N3)cc1)NO
1253,N#CCC(=O)N1CCCC(n2c(=O)[nH]c3cnc4[nH]ccc4c32)C1
815,CC1(O)CC(Nc2c(C(N)=O)cnn3cccc23)C(C)(C)C1
1683,O=C(NO)c1ccc(NCCOc2ccc3cc2COCC=CCOCc2cccc(c2)-c2ccnc(n2)N3)cc1
196,CCc1cccc(Oc2cnc3[nH]cc(C(=O)NC(C)C)c3n2)c1
1250,N#CC1CC(NC2COC2)CCC1n1cc(C(N)=O)c(Nc2ccc(C(F)(F)F)cc2)n1
826,Cn1cc(-c2cc(Nc3nn(C4CCCCC4C#N)cc3C(N)=O)ccn2)cn1
568,CC(C)c1ccc(Cl)cc1-c1[nH]c(-c2ccnc(N)n2)cc1C(N)=O
511,Cc1cc(Nc2nc3cccc(-c4cccc(C(C)C)c4)n3n2)ccn1
78,Cc1nc2cnc3[nH]ccc3c2n1C1CCCCC1
1356,CC(O)(c1ccc(Nc2nn(C3CCCCC3C#N)cc2C(N)=O)cn1)C(F)(F)F
1773,CN1CCN(c2cccc(Nc3nc4cccc(-c5ccc(CN6CCS(=O)(=O)CC6)cc5)n4n3)c2)CC1
284,CC(C)(CF)NC(=O)c1cnn2ccc(N3CCCC3c3cc(F)cnc3CO)nc12
1048,CN1CCN(c2ccc(Nc3nc4c(C=Cc5ccccc5N(C)S(C)(=O)=O)cccn4n3)cc2)CC1
1163,N#CC1CCCCC1n1cc(C(N)=O)c(Nc2cnc3ccc(Cl)cc3c2)n1
406,CCOC(=O)c1c[nH]c2ncnc(-c3ccc4c(F)n(C)nc4c3)c12
1743,NC(=O)c1cc(-c2ccc(C3CC3)nc2)nc2c1[nH]c1cc(N3CCOCC3)ccc12
219,C=CC(=O)Nc1cccc(CNc2nc(Nc3ccc(N4CCN(C)CC4)cc3OC)ncc2Cl)c1
877,Cc1cccc(Nc2ccnc(Nc3ccc(N4CCN(C)CC4)c(C)c3)n2)c1
1058,CN1CCN(c2ccc(Nc3nc4c(-c5ccc(S(C)(=O)=O)cc5)cc(F)cn4n3)cc2)CC1
1214,Cc1cc(Nc2ncc3c(n2)CCN(c2cc(NC(=O)c4cccc(C(F)(F)F)c4)ccc2Cl)C3=O)ccc1N1CCN(C)CC1
333,CN(C)C(=O)CN1CCc2ccc(Nc3nc4c(-c5cc(S(C)(=O)=O)ccc5OCC(F)F)cccn4n3)cc2CC1
8,CN1C(=O)COc2c1cnc1ccc(Sc3nnc4c(F)cc(-c5cnn(C)c5)cn34)cc21
1589,CC(C)(c1ccc(Nc2nn(C3CCCCC3C#N)cc2C(N)=O)cc1F)C(O)C(F)(F)F
151,Cc1cccc(Nc2nc3cccc(-c4cccc(C(C)C)c4)n3n2)c1
155,O=c1[nH]c2cnc(-n3cnc4cc(C(F)(F)F)ccc43)nc2n1C1CCOCC1
1785,CS(=O)(=O)c1ccc(-c2cccn3nc(Nc4cccc(N5CCN(CC(N)=O)CC5)c4)nc23)cc1
1016,CC1(CNC2CCC(n3cc(C(N)=O)c(Nc4ccc(C(F)(F)F)cc4)n3)C(C#N)C2)COC1
880,CN(C)C(=O)COC1CCN(S(=O)(=O)CC2CCC(N(C)c3[nH]cnc4nccc3-4)CC2)C1
1104,CNC(=O)c1cnc(N)c2cc(-c3ccc(C)cc3)sc12
446,CN(C)C(=O)CN1CCc2ccc(Nc3nc4c(-c5cc(C(F)F)ccc5OCC(F)F)cccn4n3)cc2CC1
1420,Cc1cnc(Nc2ccc(N3CCOCC3)cc2)nc1-c1cc2ccccc2o1
1468,Cc1cc(-c2cc(C(N)=O)c3[nH]c4cc(N5CCOCC5)ccc4c3n2)ccc1Cl
1289,Cc1ccc(NC(=O)CC(C)C(F)(F)F)cc1N1CCc2nc(Nc3ccc(OCCN4CCN(C)CC4)cc3)ncc2C1
543,CCOC(=O)c1c[nH]c2ncnc(-c3ccccc3F)c12
1366,CS(=O)(=O)c1ccc(Nc2nn(C3CCCC3C#N)cc2C(N)=O)cc1
1780,CS(=O)(=O)c1ccc(-c2cccn3nc(Nc4cnn(C5CCNCC5)c4)nc23)cc1
1078,N#CC1CC(NC2(O)CC2)CCC1n1cc(C(N)=O)c(Nc2ccc(Cl)cc2)n1
1693,CCc1nc(Nc2nc3c(cc(C(=O)N(C4CC4)C4CC4)n3CC)c3c2ncn3C)sc1C
1778,CS(=O)(=O)c1ccc(-c2cccc3nc(Nc4ccc(N5CCOCC5)cc4)nn23)cc1
735,CN(C(=O)OC(C)(C)C)C1CCN(S(=O)(=O)CC2CCC(N(C)c3[nH]cnc4nccc3-4)CC2)C1
1071,COc1cccc(-c2cccn3nc(Nc4ccc(C5CCNCC5)cc4)nc23)c1F
1529,COc1ccc(-c2cc(C(N)=O)c3[nH]c4cc(C(=O)N5CCN(C)CC5)ccc4c3c2)cc1
808,CCOC(=O)c1c[nH]c2ncnc(-c3cc4ccccc4o3)c12
777,CC(NC(=O)c1c[nH]c2ncc(Oc3ccccc3)nc12)C1CC1
491,CCOC(=O)c1c[nH]c2ncnc(-c3ccc(CO)c(N)c3)c12
1067,N#CC1CCCCC1n1cc(C(N)=O)c(Nc2ccc(S(=O)(=O)Nc3ccc(C(F)(F)F)cc3)cc2)n1
0,O=S(=O)(Nc1cccc(-c2cnc3ccccc3n2)c1)c1cccs1
882,CN(c1[nH]cnc2nccc1-2)C1CCC(CS(=O)(=O)N2CCN(Cc3ccccn3)CC2)CC1
1225,CC(=O)c1ccc(Nc2nn(C3CCC(N4CCC4)CC3C#N)cc2C(N)=O)cc1
119,COc1cccc(CNc2cccn3nc(Nc4cccc(N5CCN(C)CC5)c4)nc23)c1
588,CCOC(=O)c1c[nH]c2ncnc(-c3ccc4cc[nH]c4c3)c12
92,CCOP(=O)(CCn1cc(-c2ccc(-c3nc(-c4cc[nH]c(=O)c4)c(-c4ccc(F)cc4)[nH]3)cc2)nn1)OCC
436,NC1COCCC1Nc1cc2nc[nH]c(=O)c2c(Nc2cccc3cc[nH]c23)n1
1070,CN(C)C(=O)CN1CCc2ccc(Nc3nc4c(-c5cccc6c5OC(F)(F)O6)cccn4n3)cc2CC1
1147,O=C(NC1CCC(C(=O)O)CC1)c1cnn2ccc(N3CCCC3c3cc(F)ccc3F)nc12
1616,N#CC1CC(NC2COC2)CCC1n1cc(C(N)=O)c(Nc2ccc(CC(F)(F)F)cc2)n1
361,COc1ccc(Nc2nc3c(N4CCN(C)CC4)cccn3n2)cc1
88,NCCn1c(-c2ccc(C(F)(F)F)cc2)nc2cc(C(N)=O)ccc21
813,CS(=O)(=O)c1ccc(-c2cccn3nc(Nc4ccc5c(c4)CCNCC5)nc23)c(OCC(F)F)c1
829,[C-]#[N+]C1CC(O)(C2CC2)CCC1n1cc(C(N)=O)c(Nc2ccc(Cl)c(F)c2)n1
1208,Cc1nnc(C2CCCN(S(=O)(=O)CC3CCC(N(C)c4[nH]cnc5nccc4-5)CC3)C2)o1
1011,CN1CCN(c2ccc(Nc3nc4c(NCc5ccccc5CN(C)S(C)(=O)=O)cccn4n3)cc2)CC1
1742,NC(=O)c1cc(-c2ccc3scnc3c2)nc2c1[nH]c1cc(C(=O)N3CCOCC3)ccc12
1570,CC(Nc1ccnc(-n2cnc3ccncc32)n1)c1ccccc1
1354,CN1Cc2ccc(Nc3nc4c(C#Cc5ccccc5N(C)S(C)(=O)=O)cccn4n3)cc2C1
1196,CN(c1[nH]cnc2nccc1-2)C1CCC(CS(=O)(=O)N2CCCC(CO)C2)CC1
1384,N#CC1CC(O)CCC1n1cc(C(N)=O)c(Nc2ccc(C3CC3)cc2)n1
1736,NC(=O)c1cc(-c2ccc(CN3CCOCC3)s2)nc2c1[nH]c1cc(N3CCOCC3)ccc12
6,O=C(Nc1cccc(-c2cnc3ccccc3n2)c1)c1ccco1
69,Cc1ccccc1S(=O)(=O)Nc1cnc(N2CCCCC2)c(C(=O)O)c1
1647,CC1CN(C(=O)CC#N)C12CCN(c1[nH]cnc3nccc1-3)C2
1215,CN1CCN(c2ccc(Nc3nc4cccc(-c5cccc(NS(C)(=O)=O)c5)n4n3)cc2)CC1
737,N#CC1CC(NCCC(F)(F)F)CCC1n1cc(C(N)=O)c(Nc2ccc(S(=O)(=O)C(F)(F)F)cc2)n1
1467,Cn1ncc2ccc(-c3cc(C(N)=O)c4[nH]c5cc(C(=O)N6CCOCC6)ccc5c4n3)cc21
725,O=c1[nH]c2cnc(-n3cnc4ccccc43)nc2n1C1CCOc2ccc(F)cc21
1307,N#CC1CC(NC2(CO)CC2)CCC1n1cc(C(N)=O)c(Nc2ccc(Cl)cc2)n1
1451,Cn1cc(NC(=O)c2cnn3ccc(N)nc23)c(-c2cc(Cl)ccc2Cl)n1
747,CCCS(=O)(=O)N1CCCC(NC(=O)Nc2cnc3[nH]ccc3n2)C1
1200,CC(Nc1cc(-c2ccc(N(C)C)cc2)nc(-n2cnc3ccncc32)n1)c1ccccc1
1256,N#CC1CC(O)CCC1n1cc(C(N)=O)c(Nc2ccc(OC(F)F)nc2)n1
1572,Cc1cc(Nc2nc(OC(C)c3ccc(F)cn3)c(F)c(N3CCOCC3)n2)[nH]n1
1049,CC(C)COc1cccc(-c2cccn3nc(Nc4ccc5c(c4)CCNCC5)nc23)c1
1292,CS(=O)(=O)c1ccccc1CNc1cccn2nc(Nc3ccc(OCCN4CCCC4)cc3)nc12
419,Cn1nc(C(F)(F)F)cc1-c1cc(C(N)=O)c2[nH]c3cc(C(=O)N4CCOCC4)ccc3c2n1
592,CN(c1ccccc1CNc1cccn2nc(Nc3ccc4c(c3)CCC(N3CCOCC3)CC4)nc12)S(C)(=O)=O
1568,CNC(=O)c1cnc(N)c2cc(-c3ccc(C(C)(C)C#N)cc3)sc12
93,NCCn1c(C2CCCCC2)nc2cc(C(N)=O)ccc21
680,CN(c1[nH]cnc2nccc1-2)C1CCC(CS(=O)(=O)N2CCC(N)CC2)CC1
736,CS(=O)(=O)N1CCCC(n2c(=O)[nH]c3cnc4[nH]ccc4c32)C1
67,O=c1[nH]c2cnc(-n3cnc4ccccc43)nc2n1C1CCOc2c(F)cccc21
705,N#CC1CC(O)CCC1n1cc(C(N)=O)c(Nc2ccc(C(F)(F)F)cc2)n1
1547,N#CC1CC(O)CCC1n1cc(C(N)=O)c(Nc2ccc(OC(F)(F)F)cc2)n1
899,COC(C)(C)CNC1CCC(n2cc(C(N)=O)c(Nc3ccc(Cl)cc3)n2)C(C#N)C1
1257,COCCN(C)C1CCC(n2cc(C(N)=O)c(Nc3ccc(S(=O)(=O)C(F)(F)F)cc3)n2)C(C#N)C1
319,CC(C)NC(=O)c1cnn2ccc(N3CC(O)CC3c3cccc(F)c3)nc12
531,CN(CCC(F)(F)F)C1CCC(n2cc(C(N)=O)c(Nc3ccc(S(=O)(=O)C(F)(F)F)cc3)n2)C(C#N)C1
1849,CSc1ncc(-c2cnc3[nH]ccc3n2)c(NC2CCCN(S(C)(=O)=O)C2)n1
574,CN1CCN(c2ccc(Nc3nc4c(NCc5cccc(N(C)S(C)(=O)=O)c5)cccn4n3)cc2)CC1
1850,CN(C)c1ncc(-c2cnc3[nH]ccc3n2)c(NC2CCCN(S(C)(=O)=O)C2)n1
1281,N#CC1CCCCC1n1cc(C(N)=O)c(Nc2cnc3cc(F)ccc3c2)n1
707,[C-]#[N+]C1CC(N2CCC2)CCC1n1cc(Nc2ccc(OC(F)F)nc2)c(C(N)=O)c1
1582,CC1(O)CCC(n2cc(C(N)=O)c(Nc3ccc(C(C)(O)C(F)(F)F)cc3)n2)C(C#N)C1
40,CNC(=O)c1ccc(-c2cccn3nc(Nc4ccccc4OC)nc23)cc1
1767,CCn1c(C(=O)N(C2CC2)C2CC2)cc2c3c(ncn3C)c(Nc3nc(C)c(C(=O)NC)s3)nc21
1426,Clc1cnc2nc1NCc1cccc(c1)OCCOc1cccc(c1)N2
1006,Cc1cccc(Nc2sc(-c3ccccc3F)cc2C(N)=O)n1
845,CC(C)Oc1ccccc1-c1cccn2nc(Nc3ccc4c(c3)CCNCC4)nc12
362,O=C(NC1CC1)c1cnn2ccc(N3CCCC3c3cc(F)ccc3CO)nc12
500,Oc1ccc(C2Nc3ccccc3-c3ncnc4[nH]cc2c34)c(F)c1
1875,COc1ncc(-c2cnc3[nH]ccc3n2)c(NC2CCCN(S(C)(=O)=O)C2)n1
1553,N#CC1CC(NCC(F)F)CCC1n1cc(C(N)=O)c(Nc2ccc(S(=O)(=O)C(F)F)cc2)n1
973,CC1(C)CN(C2CCC(n3cc(C(N)=O)c(Nc4ccccc4)n3)C(C#N)C2)C1
180,CN(c1[nH]cnc2nccc1-2)C1CC(NS(=O)(=O)C2CC(CC#N)C2)C1
1361,N#CC1CCCCC1n1cc(C(N)=O)c(Nc2ccc(Br)cc2)n1
1051,CC(C)C(C)NC(=O)c1c[nH]c2ncc(C3CC3)nc12
738,COc1ccc(C(F)(F)F)cc1-c1cccn2nc(Nc3ccc(C4CCNCC4)cc3)nc12
217,CC(C)COc1ccc(C(F)(F)F)cc1-c1cccn2nc(Nc3ccc4c(c3)CCNCC4)nc12
1704,CC(O)CN1CCN(c2ccc(Nc3ncc4ccc(-c5ccccc5N(C)S(C)(=O)=O)n4n3)cc2)CC1
1858,CN(C)S(=O)(=O)N1CCCC(Nc2ncccc2-c2cnc3[nH]ccc3n2)C1
86,CN(C)c1cccc(Nc2nc(N)n(C(=O)c3c(F)cccc3F)n2)c1
1897,CS(=O)(=O)N1CCC(Nc2ncccc2-c2cnc3[nH]ccc3n2)C1
383,CC(C)c1cc(-c2cccn3nc(Nc4ccc(C(=O)O)cc4)nc23)ccn1
344,CC1CCN(C(=O)CO)CC1N(C)c1[nH]cnc2nccc1-2
365,CC1(C)CCN1C1CCC(n2cc(C(N)=O)c(Nc3ccc(C(F)(F)F)cc3)n2)C(C#N)C1
1286,CC(=O)NCC1CCCN(S(=O)(=O)CC2CCC(N(C)c3[nH]cnc4nccc3-4)CC2)C1
274,O=C(CCCCCCN1CC=CCCOc2cccc(c2)-c2ccnc(n2)Nc2cccc(c2)C1)NO
1339,Cc1ccc(NC(=O)CC2CCCC2)cc1N1CCc2nc(Nc3ccc(OCCN4CCCC4)cc3)ncc2C1
129,CN1CCC(CNc2c(Cl)c[nH]c3nc(-c4ccc(S(C)(=O)=O)cc4)nc2-3)CC1
1717,CC(C)CS(=O)(=O)N1CCCC(Nc2ncccc2-c2cnc3n[nH]cc3n2)C1
1481,COc1cccc(-c2cccn3nc(Nc4ccc5c(c4)CNC5)nc23)c1
1695,O=C(CCCCCCOc1ccc2cc1COCC=CCOCc1cccc(c1)-c1ccnc(n1)N2)NO
673,CS(=O)(=O)N1CCCC(NC(=O)Nc2cnc3[nH]ccc3n2)C1
194,Cc1ccc(Cl)cc1-c1[nH]c(-c2ccncn2)cc1C(N)=O
368,CN(c1[nH]cnc2nccc1-2)C1CC(NS(=O)(=O)CC2CC(F)(F)C2)C1
788,N#CC1CC(NC(C2CC2)C(F)(F)F)CCC1n1cc(C(N)=O)c(Nc2ccc(C(F)(F)F)cc2)n1
1100,CC1(C)CCC(C)(C)c2cc(Nc3nc4c(-c5ccc(S(C)(=O)=O)cc5)cccn4n3)ccc21
1030,CC1(C)C[N+](C)(C2CCC(n3cc(C(N)=O)c(Nc4ccc(Cl)cc4)n3)C(C#N)C2)C1
402,CC(NC(=O)c1c[nH]c2ncc(C3CC3)nc12)C(=O)N1CCC1
1450,COc1cc(C(F)(F)F)ccc1-c1cccc2nc(Nc3ccc4c(c3)CCNCC4)nn12
441,O=C(NC1CCC(O)CC1)c1cnn2ccc(N3CCCC3c3cccc(F)c3)nc12
421,CC(C)C(C)n1cc(-c2ccn(C)n2)c2n[nH]c(N)c2c1=O
370,CC(Nc1cccn2nc(Nc3ccc(N4CCN(C)CC4)cc3)nc12)c1ccccc1N(C)S(C)(=O)=O
779,CCOc1ccccc1-c1cccn2nc(Nc3ccc4c(c3)CCN(CCS(C)(=O)=O)CC4)nc12
1685,CCN1CCP(=O)(c2ccc(Nc3nc4c(-c5ccc(S(C)(=O)=O)cc5)cccn4n3)cc2)CC1
440,CCOC(=O)c1c[nH]c2ncnc(-c3ccc4cn(C)nc4c3)c12
1387,N#CC1CC(O)CCC1n1cc(C(N)=O)c(Nc2ccc(C(F)F)nc2)n1
1810,COc1ccc(-c2ccc3cnc(Nc4ccc(N5CCN(C)CC5)c(F)c4)nn23)cn1
241,CC(C)CN(CC1CC1)C1CCC(n2cc(C(N)=O)c(Nc3ccc(C(F)(F)F)cc3)n2)C(C#N)C1
1628,N#CC1CC(O)CCC1n1cc(C(N)=O)c(Nc2ccc(S(=O)(=O)C(F)F)cc2)n1
1063,O=C(O)c1ccc(Nc2nc3c(-c4cnn(C5CCCCC5)c4)cccn3n2)cc1
1028,N#CC1CC(NCC(F)(F)F)CCC1n1cc(C(N)=O)c(Nc2ccc(Cl)cc2)n1
408,Clc1cnc2nc1NCCc1cccc(c1)OCc1cccc(c1)N2
1727,COc1ccc(-c2cc(C(N)=O)c3[nH]c4ccc(C(=O)N5CCC(O)CC5)cc4c3c2)cc1F
696,CCC(O)C1CCN(S(=O)(=O)CC2CCC(N(C)c3[nH]cnc4nccc3-4)CC2)CC1
1558,O=C(CCCOc1ccc2cc1COCC=CCOCc1cccc(c1)-c1ccnc(n1)N2)NO
1191,CC1(NC2CCC(n3cc(C(N)=O)c(Nc4ccc(Cl)cc4)n3)C(C#N)C2)CC1
1123,c1cncc(-c2cccn3nc(Nc4ccc(N5CCOCC5)cc4)nc23)c1
799,N#CC1CC(NCC2CC2)CCC1n1cc(C(N)=O)c(Nc2ccc(C(F)(F)F)cc2)n1
377,O=c1[nH]c2cnc(-n3cnc4ccc(Cl)cc43)nc2n1C1CCOCC1
1418,CCNC(=O)OC1CCC(n2cc(C(N)=O)c(Nc3ccc(F)cc3)n2)C(C#N)C1
55,COc1cccc(CNc2cccn3nc(Nc4ccc(OC)nc4)nc23)c1
648,COc1ccc(-c2cc(C(N)=O)c3[nH]c4cc(C(=O)O)ccc4c3c2)cc1F
763,CCOC(=O)c1c[nH]c2ncnc(-c3cccc(OCC(F)(F)F)c3)c12
83,OC1CCN(c2cc(-c3cnc4ccc(N5CCCC5c5cccc(F)c5)nn34)ccn2)CC1
1591,CN(C)c1cccc(-c2cccn3nc(Nc4ccc(C5CCNCC5)cc4)nc23)c1
803,CCNC(C)C1CCN(S(=O)(=O)CC2CCC(N(C)c3[nH]cnc4nccc3-4)CC2)C1
448,COCCNC(=O)c1cc(-c2ccnc(N)n2)[nH]c1-c1cc(Cl)ccc1C
687,COC1CCN(c2nccc(Nc3cc4nc(-c5cn[nH]c5)cc-4c[nH]3)n2)CC1
818,O=c1cc(-c2nc(-c3ccc(-c4nnn[nH]4)cc3)[nH]c2-c2ccc(F)cc2)cc[nH]1
1056,CN(c1[nH]cnc2nccc1-2)C1CCC(CS(=O)(=O)N2CCCC(COc3ccc(F)cc3)C2)CC1
778,Cc1ccc(NC(=O)c2cc(C(F)(F)F)ccn2)cc1N1CCc2nc(Nc3ccc(C(=O)N4CCN(C)CC4)cc3)ncc2C1=O
913,COc1cccc(-c2cccn3nc(Nc4ccc(C5CCN(CC(=O)N(C)C)CC5)cc4)nc23)c1OC
341,CN1CCN(c2ccc(Nc3ncc4ccc(-c5ccccc5N(C)S(C)(=O)=O)n4n3)c(Cl)c2)CC1
1671,CC(O)(c1ccc(Nc2nn(C3CCC(O)CC3C#N)cc2C(N)=O)cc1)C(F)(F)F
57,O=C1NC(=O)C(c2c[nH]c3ccccc23)=C1Nc1ccc(OCCNc2ccnc(F)c2)cc1
604,CC1(C)C(O)CCC1Nc1c(C(N)=O)cnn2cccc12
276,Cc1cccc(Nc2sc(-c3cccc(C(F)(F)F)c3)cc2C(N)=O)n1
483,CN1CCN(c2cccc(Nc3nc4c(NCc5ccccc5CN(C)S(C)(=O)=O)cccn4n3)c2)CC1
303,O=C(CCCCCN1CC=CCOCc2cccc(c2)-c2ccnc(n2)Nc2cccc(c2)C1)NO
1564,CCOC1CCCN(S(=O)(=O)CC2CCC(N(C)c3[nH]cnc4nccc3-4)CC2)C1
565,CCCOC(=O)c1c[nH]c2ncnc(-c3ccc4cn(C)nc4c3)c12
1749,CCc1ccc(Cl)cc1-n1cc(-c2ncnc3[nH]ccc23)cc1C(N)=O
1602,N#CC1CC(O)CCC1n1cc(C(N)=O)c(Nc2ccc(S(=O)(=O)C(F)(F)F)cc2)n1
447,CC(NC1CCC(n2cc(C(N)=O)c(Nc3ccc(C(F)(F)F)cc3)n2)C(C#N)C1)C1CC1
1143,NC(=O)c1cc(-c2ccnc(N)n2)[nH]c1-c1cc(OC(F)(F)F)ccc1Cl
989,N#CC1CC(C(=O)NCC(F)(F)F)CCC1n1cc(C(N)=O)c(Nc2ccc(Cl)cc2)n1
1206,N#CC1CC(O)CCC1n1cc(C(N)=O)c(Nc2ccc(Cl)nc2)n1
243,O=c1cc(-c2nc(-c3ccc(O)cc3)[nH]c2-c2ccc(F)cc2)cc[nH]1
558,O=C(NC1CC2CCC1C2)c1cnn2ccc(N3CCCC3c3cc(F)ccc3F)nc12
1569,Cc1csc2c(Nc3cn(C)cn3)nc(NC(C)c3ncc(F)cn3)nc12
982,N#CC1CCCCC1n1cc(C(N)=O)c(Nc2ccc(OC(F)F)nc2)n1
1277,CNC1CCC(n2cc(C(N)=O)c(Nc3ccc(Cl)cc3)n2)C(C#N)C1
958,CN(c1[nH]cnc2nccc1-2)C1CCC(CS(=O)(=O)N2CCC(c3ccccc3)C2)CC1
1881,CC(C)CS(=O)(=O)N1CCCC(Nc2ncncc2-c2cnc3[nH]ccc3n2)C1
1112,N#CC1CC(N2CC3(CCC3)C2)CCC1n1cc(C(N)=O)c(Nc2ccc(C(O)C(F)(F)F)cc2)n1
1649,CS(=O)(=O)c1ccc(-c2cccc3nc(Nc4ccc(OCCN5CCCC5)cc4)nn23)cc1
1318,N#CC1CC(N2CC(F)C2)CCC1n1cc(C(N)=O)c(Nc2ccc(S(=O)(=O)C(F)(F)F)cc2)n1
1396,CN(c1[nH]cnc2nccc1-2)C1CCC(CS(=O)(=O)N2CC(S(=O)(=O)c3ccccc3)C2)CC1
1008,CCN(CC)C(=O)COC1CCN(S(=O)(=O)CC2CCC(N(C)c3[nH]cnc4nccc3-4)CC2)C1
1690,CS(=O)(=O)c1ccc(Nc2nc3cccc(-c4ccc(S(C)(=O)=O)cc4)n3n2)cc1
35,COc1ccc(-c2nc3[nH]cc(Cl)c(OCC4CCNCC4)c-3n2)cc1
780,Cc1ccccc1-c1nn(C)cc1NC(=O)c1cnn2ccc(N)nc12
200,CN1CCN(c2ccc(Nc3ncc4nc(Nc5ccccc5)n(C5CCCC5)c4n3)cc2)CC1
265,O=C(NC1CCC(O)C1)c1cnn2ccc(N3CCCC3c3cc(F)ccc3F)nc12
518,N#CC1CC(NC2(C(F)(F)F)CC2)CCC1n1cc(C(N)=O)c(Nc2ccc(Cl)cc2)n1
850,CCCS(=O)(=O)CC1CCCN(S(=O)(=O)CC2CCC(N(C)c3[nH]cnc4nccc3-4)CC2)C1
1612,CC(C)CS(=O)(=O)N1CCCC(Nc2ncccc2-c2c[nH]c3ncnc-3n2)C1
1510,NC(=O)c1cc(-c2ccc(CO)nc2)nc2c1[nH]c1cc(N3CCOCC3)ccc12
1087,CN(CC(F)F)C1CCC(n2cc(C(N)=O)c(Nc3ccc(S(=O)(=O)C(F)(F)F)cc3)n2)C(C#N)C1
1353,CN1CCN(c2ccc(Nc3nc4c(Nc5cccnc5N(C)S(C)(=O)=O)cccn4n3)cc2)CC1
1846,CS(=O)(=O)N1CCCC(Nc2nc(NC3CCC(C#N)CC3)ncc2-c2cnc3[nH]ccc3n2)C1
520,COc1ccccc1-c1c[nH]c2ncnc(-c3ccccc3)c12
1159,CC(C)(C)NC1CCC(n2cc(C(N)=O)c(Nc3ccc(C(O)C(F)(F)F)cc3)n2)C(C#N)C1
837,N#CC1CC(C(=O)NC(C2CC2)C(F)(F)F)CCC1n1cc(C(N)=O)c(Nc2ccc(Cl)cc2)n1
226,CC(=O)NC1CCc2ccc(Oc3cnc4[nH]cc(C(=O)NC(C)C)c4n3)cc21
1848,CCOc1ncc(-c2cnc3[nH]ccc3n2)c(NC2CCCN(S(C)(=O)=O)C2)n1
1086,CC(Nc1cc(-c2ccoc2)nc(-n2cnc3ccc(C#N)cc32)n1)c1ccccc1
1014,CN(c1[nH]cnc2nccc1-2)C1CCC(CS(=O)(=O)N2CC(O)C2)CC1
971,CN1CCC(c2ccc(Nc3nc4c(Nc5ccccc5CS(C)(=O)=O)cccn4n3)cc2)CC1
1333,CNC(=O)c1cnc(N)c2cc(-c3ccc(OC(F)(F)F)cc3)sc12
364,NC(=O)c1cnc2[nH]ccc2c1NC1CCCN(Cc2ccccc2)C1
207,COc1ccc(C(F)(F)F)cc1-c1cccn2nc(Nc3ccc4c(c3)CCN(C(=O)OC(C)(C)C)C4)nc12
44,CN1CCN(c2nc3c(NCc4cccc([N+](=O)[O-])c4)cccn3n2)CC1
258,COc1cccc(CNc2cccn3nc(Nc4cccnc4)nc23)c1
1165,COCC1CCN(S(=O)(=O)CC2CCC(N(C)c3[nH]cnc4nccc3-4)CC2)C1
1107,CN(c1[nH]cnc2nccc1-2)C1CCC(CS(=O)(=O)N2CCC(S(C)(=O)=O)C2)CC1
921,CN(c1[nH]cnc2nccc1-2)C1CCC(CS(=O)(=O)N2CCS(=O)(=O)CC2)CC1
744,CC(Nc1cc(-c2cnn(C)c2)nc(-n2cnc3ccncc32)n1)c1ccccc1
487,Cc1ccc(Cl)cc1-c1cn(-c2ccnc(N)n2)cc1C(N)=O
602,FC(F)COc1ccccc1-c1cccn2nc(Nc3ccc4c(c3)CCNCC4)nc12
1625,N#CC1CC(O)CCC1n1cc(C(N)=O)c(Nc2ccc(C(O)C(F)(F)F)cc2)n1
798,Cc1ccc(C)c(-c2nn(C)cc2NC(=O)c2cnn3cccnc23)c1
1246,CN(c1ncccc1CNc1cccn2nc(Nc3ccc(S(C)(=O)=O)cc3)nc12)S(C)(=O)=O
717,CC1CCN(S(=O)(=O)CC2CCC(N(C)c3[nH]cnc4nccc3-4)CC2)CC1
922,Cc1ccc(NC(=O)c2cccc(C(C)(C)C)c2)cc1N1CCc2nc(Nc3ccc(N4CCN(C)CC4)cc3)ncc2C1=O
1378,CN(c1[nH]cnc2nccc1-2)C1CCC(CS(=O)(=O)N2CC(c3nnn[nH]3)C2)CC1
136,Cc1ccc(-c2nc3cc(C(N)=O)ccc3n2CCN)cc1
914,COc1ccccc1CNc1cccn2nc(Nc3cccc(N4CCN(C)CC4)c3)nc12
376,Cc1ccnc(Nc2sc(-c3ccccc3)cc2C(N)=O)c1
732,N#CC1CC(O)CCC1n1cc(C(N)=O)c(Nc2ccc(OC(F)F)nc2)n1
1603,N#Cc1ccc(Nc2nn(C3CCC(O)CC3C#N)cc2C(N)=O)cc1
939,COc1ccc(Nc2nc3c(NCc4ccccc4OC)cccn3n2)cn1
542,COCC(C)(C)NC1CCC(n2cc(C(N)=O)c(Nc3ccccc3)n2)C(C#N)C1
791,CN(c1[nH]cnc2nccc1-2)C1CCC(CS(=O)(=O)N2CCC(c3nc(CS(C)(=O)=O)no3)CC2)CC1
1518,N#CC1CC(N2CCOCC2)CCC1n1cc(C(N)=O)c(Nc2ccc(S(=O)(=O)C(F)(F)F)cc2)n1
401,CCOC(=O)c1c[nH]c2ncnc(-c3ccc(N4CCS(=O)(=O)CC4)cc3)c12
1771,CC(C)CCS(=O)(=O)N1CCC(Nc2ncccc2-c2cnc3[nH]ccc3n2)C1
11,CS(=O)(=O)Nc1cccc(-c2cnc3ccccc3n2)c1
1456,CC(Nc1cc(N(C)C)nc(-n2cnc3ccncc32)n1)c1ccccc1
250,Oc1ccc(C2Nc3ccccc3-c3ccnc4[nH]cc2c34)cc1F
122,COc1ccc(-c2nc3[nH]cc(Cl)c(NCC4CCNCC4)c-3n2)c(C)c1
1282,N#CC1CCCCC1n1cc(C(N)=O)c(Nc2ccc(-c3cn[nH]c3)nc2)n1
115,Oc1cccn2nc(Nc3ccc(C(F)(F)F)cc3)nc12
43,c1ccc(-c2cccc3nc(Nc4ccc(OCCN5CCCC5)cc4)nn23)cc1
537,CN(c1[nH]cnc2nccc1-2)C1CC(NS(=O)(=O)N2CC(C#N)C2)C1
1429,Fc1ccc(-c2cccn3nc(Nc4ccc(C5CCNCC5)cc4)nc23)cc1
683,O=c1[nH]c2cnc3[nH]ccc3c2n1C1CCCC1
943,Cn1cc(NC(=O)c2cnn3cccnc23)c(-c2cc(Cl)ccc2Cl)n1
1837,COc1ccccc1-c1ccc2cnc(Nc3ccc(C(=O)N4CCOCC4)cc3)nn12
1753,CC1(O)CCC(n2cc(C(N)=O)c(Nc3ccc(C(C)(O)C(F)(F)F)cc3)n2)C(C#N)C1
853,COc1ccccc1CNc1cccn2nc(Nc3ccncc3)nc12
1576,CC1(O)CCC(n2cc(C(N)=O)c(Nc3ccc(C(C)(O)C(F)(F)F)cc3)n2)C(C#N)C1
1769,CS(=O)(=O)N1CCCC(Nc2ncccc2-c2cnc3n[nH]cc3n2)C1
1203,N#CC1CC(O)CCC1n1cc(C(N)=O)c(Nc2ccc(Cl)c(Cl)c2)n1
1496,COc1ccc(-c2cc(C(N)=O)c3[nH]c4cc(C(=O)N5CCN(C)CC5)ccc4c3c2)cc1F
1469,O=C(Nc1cnc2[nH]ccc2n1)NC1CCCN(CC(F)(F)F)C1
797,CC(NC1CCC(n2cc(C(N)=O)c(Nc3ccc(OC(F)(F)F)cc3)n2)C(C#N)C1)C1CC1
1216,CC(Nc1cc(N2CCN(C)CC2)nc(-n2cnc3ccncc32)n1)c1ccccc1
1497,CN1CCN(C(=O)c2ccc3c(c2)[nH]c2c(C(N)=O)cc(-c4ccccc4)cc23)CC1
285,Cn1cc(F)cc(C2CCCN2c2ccn3ncc(C(=O)NC4CCC4)c3n2)c1=O
469,N#CC1CCC2(CC1n1cc(C(N)=O)c(Nc3ccccc3)n1)OCCO2
976,CN(c1[nH]cnc2nccc1-2)C1CCC(CS(=O)(=O)N2CCC2)CC1
110,c1cc(-c2ccncc2)c2nc(Nc3ccc(OCCN4CCCC4)cc3)nn2c1
1260,N#CC1CCCCC1n1cc(C(N)=O)c(Nc2ccc(S(=O)(=O)C(F)(F)F)cc2)n1
397,CC1CC(C)N1C1CCC(n2cc(C(N)=O)c(Nc3ccc(C(F)(F)F)cc3)n2)C(C#N)C1
1242,Cc1cc(Nc2nn(C3CCCCC3C#N)cc2C(N)=O)cnc1C#N
1615,CCc1ccc(Cl)cc1-c1cc(-c2ncnc3[nH]ccc23)[nH]c1C(N)=O
1621,N#CC1CCCCC1n1cc(C(N)=O)c(Nc2ccc(C=O)cc2)n1
5,O=C(Nc1cccc(-c2cnc3ccccc3n2)c1)C1CC1
430,Cc1c[nH]c2c(Nc3nc(NC4CCCCC4N)cc4cc[nH]c(=O)c34)cccc12
1349,CC(Nc1nc2nccc-2c(Nc2cn(C)cn2)[nH]1)c1ncc(F)cn1
1236,C=CC(=O)Nc1cccc(CNc2nc(Nc3ccc(N4CCOCC4)cc3)ncc2Cl)c1
1587,CC(O)(c1ccc(Nc2nn(C3CCC(O)CC3C#N)cc2C(N)=O)cc1)C(F)(F)F
79,CC(C)c1ccc(-c2nc3cc(C(N)=O)ccc3n2CCN)cc1
1642,O=C(O)CCCCCCC(=O)Nc1ccc(NCCOc2ccc3cc2COCC=CCOCc2cccc(c2)-c2ccnc(n2)N3)cc1
1122,Cc1cnc(Nc2ccc(N3CCOCC3)cc2)nc1-c1cc2cc(COCC(F)(F)F)ccc2o1
199,CC(C)Oc1ccc(C(F)(F)F)cc1-c1cccn2nc(Nc3ccc4c(c3)CCN(CC(=O)N(C)C)CC4)nc12
176,CN1CCN(c2cccc(Nc3nc4c(NCc5ccc(F)cc5)cccn4n3)c2)CC1
254,CCC(C(C)C)n1cc(-c2ccn(C)n2)c2n[nH]c(N)c2c1=O
1003,CNC1CCC(n2cc(C(N)=O)c(Nc3ccc(Cl)cc3)n2)C(C#N)C1
1114,N#CC1CC(O)CCC1n1cc(C(N)=O)c(Nc2ccc(Cl)c(F)c2)n1
908,O=C(O)CCCOc1ccc2cc1COCC=CCOCc1cccc(c1)-c1ccnc(n1)N2
1138,COc1ccc2c(Nc3cn(C)cn3)nc(NC(C)c3ncc(F)cn3)nc2c1
21,COc1ccc(-c2nc3[nH]cc(Cl)c(NCC4CCNC4)c-3n2)cc1
678,CC(NC1CCC(n2cc(C(N)=O)c(Nc3ccc(Cl)c(F)c3)n2)C(C#N)C1)C1CC1
14,O=C(CN1CCN(c2ccccc2)CC1)Nc1cccc(-c2cnc3ccccc3n2)c1
153,CS(=O)(=O)c1ccc(-c2cccn3nc(NCCc4cccnc4)nc23)cc1
164,CN1CCN(c2cccc(Nc3nc4c(Oc5ccc(S(C)(=O)=O)cc5)cccn4n3)c2)CC1
1545,N#CC1CC(N2CCC2)CCC1n1cc(C(N)=O)c(Nc2ccc(S(=O)(=O)C(F)(F)F)cc2)n1
890,N#Cc1ccc(N2CCC(Nc3c(C(N)=O)cnc4[nH]ccc34)CC2)cc1
1847,CC1CC(Nc2ncccc2-c2cnc3[nH]ccc3n2)CN(S(C)(=O)=O)C1
173,COc1cnc(-c2cccn3nc(Nc4ccc(C5CCN(C(=O)OC(C)(C)C)CC5)cc4)nc23)cn1
1088,N#CC1CC(N2CCCC2CF)CCC1n1cc(C(N)=O)c(Nc2ccc(S(=O)(=O)C(F)(F)F)cc2)n1
1633,CCn1cc(Nc2nc3c(-c4ccc(C(F)(F)F)cc4)cccn3n2)cn1
1291,COc1cccc(Nc2nc3cccc(-c4cccc(S(C)(=O)=O)c4)n3n2)c1
1094,N#CC1CC(O)CCC1n1cc(C(N)=O)c(Nc2ccc(C(F)(F)F)c(F)c2)n1
559,COC1CCN(c2nccc(Nc3cc4c(cn3)cc(-c3cn[nH]c3)n4C(C)C)n2)CC1
1696,CC(C)(C)OC(=O)N1CCC(c2cccc(Nc3nc4c(-c5ccc(S(C)(=O)=O)cc5)cccn4n3)c2)C(O)C1
1399,COc1ccc(-c2cccn3nc(Nc4ccc(C5CCNCC5)cc4)nc23)c(F)c1
650,N#CC1CC(N2CCC2)CCC1n1cc(C(N)=O)c(Nc2ccc(Cl)cc2)n1
898,N#CC1CC(NCC2(O)CC2)CCC1n1cc(C(N)=O)c(Nc2ccc(C(F)(F)F)cc2)n1
712,CC1CN(C2CCC(n3cc(C(N)=O)c(Nc4ccc(Cl)cc4)n3)C(C#N)C2)C1
986,CN1CCC(c2ccc(Nc3nc4c(NCc5ccccc5N(C)S(C)(=O)=O)cccn4n3)cc2)CC1
150,Nc1nc(Nc2ccc(C(=O)O)cc2)nn1C(=O)c1c(F)cccc1F
1367,N#CC1CC(NCCO)CCC1n1cc(C(N)=O)c(Nc2ccc(S(=O)(=O)C(F)(F)F)cc2)n1
1212,N#CC1CC(OCC2CC2)CCC1n1cc(C(N)=O)c(Nc2ccc(C(O)C(F)(F)F)cc2)n1
1526,CS(=O)(=O)c1cccc(-c2cccn3nc(Nc4cccc(N5CCOCC5)c4)nc23)c1
962,N#Cc1cnc(N2CCC(Nc3c(C(N)=O)cnc4[nH]ccc34)CC2)cn1
573,CCOC(=O)c1c[nH]c2ncnc(-c3cccc(C)c3)c12
13,N#CCC(=O)Nc1cccc(-c2cnc3ccccc3n2)c1
1901,CS(=O)(=O)N1CCCC(Nc2nc(N3CCC(CC(N)=O)CC3)ncc2-c2cnc3[nH]ccc3n2)C1
1746,COC(=O)N1CCN(C(=O)c2ccc3c(c2)[nH]c2c(C(N)=O)cc(-c4ccc(OC)c(F)c4)cc23)CC1
1672,Cn1ccc2ncc(-c3cccnc3NC3CCCN(S(C)(=O)=O)C3)nc21
1787,CS(=O)(=O)N1CCCC(Nc2nc(C#N)ncc2-c2cnc3[nH]ccc3n2)C1
1271,CS(=O)(=O)N1Cc2cccc(-c3ccc4cnc(Nc5ccc(C6CCN(CC(N)=O)CC6)cc5)nn34)c2C1
391,NC(=O)c1cnc2[nH]ccc2c1NC1CCN(c2ccc(C(F)(F)F)cn2)CC1
629,Clc1cnc2nc1NCCCc1cccc(c1)OCc1cccc(c1)N2
613,N#CC1CC(N2CC3(CCC3)C2)CCC1n1cc(C(N)=O)c(Nc2ccnc(F)c2)n1
1054,N#CC1CC(OCC2CC2)CCC1n1cc(C(N)=O)c(Nc2ccc(C(O)C(F)(F)F)cc2)n1
1293,CN1CCN(c2ccc(Nc3nc4c(OCc5ccccc5N(C)S(C)(=O)=O)cccn4n3)cc2)CC1
1755,CC1(C)CN(C2CCC(n3cc(C(N)=O)c(Nc4ccc(C(C)(O)C(F)(F)F)cc4)n3)C(C#N)C2)C1
1193,CN(c1[nH]cnc2nccc1-2)C1CCC(CS(=O)(=O)N2CCCC(C(N)=O)C2)CC1
1670,N#CC1CCCCC1n1cc(C(N)=O)c(Nc2ccc(S(=O)(=O)CF)cc2)n1
1170,COc1ccc(Cl)cc1-c1nn(C)cc1NC(=O)c1cnn2cccnc12
403,C=CC(=O)Nc1cccc(CNc2nc(Nc3cc(F)c(N4CCOCC4)c(F)c3)ncc2Cl)c1
1422,CN1CCN(c2ccc(Nc3ncc4c(n3)CCN(c3cc(NC(=O)c5cccc(C(F)(F)F)c5)ccc3Cl)C4)cc2)CC1
608,Cc1cc(Nc2nccc(Nc3cccc(S(N)(=O)=O)c3)n2)ccc1N1CCN(C)CC1
1194,CC(NC(=O)c1c[nH]c2ncc(-c3nn(C)c4ccccc34)nc12)C(=O)N1CC(C#N)C1
894,CN(c1[nH]cnc2nccc1-2)C1CCC(CS(=O)(=O)N2CCC(NC(=O)OC(C)(C)C)C2)CC1
824,CN1CCN(c2cccc(Nc3nc4c(Nc5cccnc5N(C)S(C)(=O)=O)cccn4n3)c2)CC1
1037,CCn1c(C(=O)N(C2CC2)C2CC2)cc2c3c(ncn3C)c(Nc3nc(C)n(C)n3)nc21
1283,O=C(Nc1nc2cccc(-c3ccc(CN4CCC(F)(F)CC4)cc3)n2n1)C1CC1
1347,N#CC1CC(N2CC(O)(C(F)(F)F)C2)CCC1n1cc(C(N)=O)c(Nc2ccc(Cl)cc2)n1
949,CN(c1ncccc1CNc1cccn2nc(Nc3ccc(OCCN4CCCC4)cc3)nc12)S(C)(=O)=O
1232,Cc1ccc(NC(=O)c2cccc(C(F)(F)F)c2)cc1N1CCc2nc(Nc3ccc(C(=O)NC4CC4)nc3)ncc2C1
1240,CN(C)C1CCC(n2cc(C(N)=O)c(Nc3ccc(OC(F)(F)F)cc3)n2)C(C#N)C1
281,O=C(CCCCCCC(=O)N1CC=CCOCc2cccc(c2)-c2ccnc(n2)Nc2cccc(c2)C1)NO
1305,N#CC1CCCCC1n1cc(C(N)=O)c(Nc2cnc3ccc(F)cc3c2)n1
1334,CC(Nc1nc(Nc2cn(C)cn2)c2ccncc2n1)c1ncc(F)cn1
1832,COc1cc(Nc2ncc3ccc(-c4ccccc4)n3n2)cc(OC)c1OC
1398,FC(F)(F)c1ccc(-c2cccn3nc(Nc4cnn(CCN5CCCC5)c4)nc23)cc1
1360,CC(C)(c1ccc(Nc2nn(C3CCCCC3C#N)cc2C(N)=O)cc1F)C(O)C(F)(F)F
1629,N#CC1CCCCC1n1cc(C(N)=O)c(Nc2ccc(S(=O)(=O)N3CCC4(CC3)OCCO4)cc2)n1
423,CN1CCN(c2cccc(Nc3nc4cncc(-c5ccc(S(C)(=O)=O)cc5)n4n3)c2)CC1
1288,Cc1ccc(NC(=O)c2cccc(C(F)(F)F)c2)cc1N1CCc2nc(Nc3ccc(N4CCN(C)CC4)cc3)ncc2C1=O
1758,N#CC1CC(NCC(=O)O)CCC1n1cc(C(N)=O)c(Nc2ccc(S(=O)(=O)C(F)(F)F)cc2)n1
29,O=C1NC(=O)C(c2ccccc2)=C1Nc1cccc(OCCNc2ccnc(F)c2)c1
952,CC1(C)C(O)CCC1Nc1c(C(N)=O)cnn2cccc12
1435,CN1CCN(c2ccc(Nc3nc4c(-c5cccc(CN(C)S(C)(=O)=O)c5)cccn4n3)cc2)CC1
1199,CCc1ccc(Cl)cc1-n1cc(-c2ncnn3cccc23)cc1C(N)=O
1447,COc1cccc(-c2cccn3nc(Nc4ccc(C5CCNCC5)cc4)nc23)c1
304,CC(C)NC(=O)c1c[nH]c2ncc(Oc3ccc4c(c3)CCC4)nc12
1218,CC(C)NC1CCC(n2cc(C(N)=O)c(Nc3ccc(S(=O)(=O)C(F)(F)F)cc3)n2)C(C#N)C1
1571,Cc1cc(Nc2nc(NC(C)c3ccc(F)cn3)c(F)c(N3CCNCC3)n2)[nH]n1
569,[C-]#[N+]C1CC(OCC2CC2)CCC1n1cc(C(N)=O)c(Nc2ccnc(F)c2)n1
390,COc1ccc(Nc2nc3c(NC4CCN(S(C)(=O)=O)CC4)cccn3n2)cc1
979,N#CC1CCCCC1n1cc(C(N)=O)c(Nc2cncc(Cl)c2)n1
1168,CN1CCC(c2ccc(Nc3nc4c(NCc5ccccc5S(C)(=O)=O)cccn4n3)cc2)CC1
556,COc1cccc(-c2cc(C(N)=O)c3[nH]c4cc(NC(=O)OC(C)(C)C)ccc4c3c2)c1
942,CCN(C(=O)c1cc2c3c(ncn3C)c(NC)nc2n1CC(O)CO)C(C)C
1528,c1cc(-c2ccncc2)c2nc(Nc3ccc(N4CCOCC4)cc3)nn2c1
170,CN1CCN(c2ccc(NC(=O)Nc3nc4cccc(-c5ccc(S(C)(=O)=O)cc5)n4n3)cc2)CC1
85,Oc1ccc(C2Nc3ccccc3-c3ccnc4[nH]cc2c34)cc1Br
1261,COC(=O)c1ncc(Nc2nn(C3CCCCC3C#N)cc2C(N)=O)cc1C
844,CN(c1[nH]cnc2nccc1-2)C1CCC(CS(=O)(=O)N2CC(C)(CO)C(C)(CO)C2)CC1
1217,CC(C)NC(=O)OC1CCC(n2cc(C(N)=O)c(Nc3ccc(F)cc3)n2)C(C#N)C1
1716,N#CC1CCCCC1n1cc(C(N)=O)c(Nc2ccc(S(=O)(=O)NCCN3CCOCC3)cc2)n1
216,CN(c1[nH]cnc2nccc1-2)C1CC(NS(=O)(=O)N2Cc3cn(C)nc3C2)C1
33,O=C1NC(=O)C(c2c[nH]c3ccccc23)=C1Nc1cccc(OC2CN(c3ccnc(F)c3)C2)c1
1507,COCCN1CCN(Cc2ccc(-c3cc(C(N)=O)c4[nH]c5cc(N6CCOCC6)ccc5c4n3)s2)CC1
661,O=C1Nc2cccc(c2)CNc2nc(ncc2Cl)Nc2cccc1c2
564,CC(C)n1cc(-c2cccn3nc(Nc4ccc(C(=O)O)cc4)nc23)cn1
1638,O=C(O)CCCCCCOc1ccc2cc1COCC=CCOCc1cccc(c1)-c1ccnc(n1)N2
1169,CC(NC(=O)c1c[nH]c2ncc(C3CC3)nc12)C1CC1
1516,CC(C)(CF)c1ccc(Nc2nn(C3CCC(O)CC3C#N)cc2C(N)=O)cc1
65,O=C(O)Cc1cnc(Nc2[nH]nc3ccc(-c4ncccc4Cl)cc23)s1
1812,CN(C)c1ncc(-c2cnc3[nH]cc(C#N)c3n2)c(NC2CCCN(S(C)(=O)=O)C2)n1
1294,CN1CCN(c2ccc(Nc3nc4c(OCc5ccccc5C#N)cccn4n3)cc2)CC1
1205,COCCN(C)C1CCC(n2cc(C(N)=O)c(Nc3ccc(Cl)cc3)n2)C(C#N)C1
980,N#CC1CC(N2CCC2)CCC1n1cc(C(N)=O)c(Nc2ccccc2)n1
1408,CN1CCC(c2cccc(Nc3nc4c(-c5cccc(N(C)S(C)(=O)=O)c5)cccn4n3)c2)CC1
517,Cc1ccc(Cl)c(-c2[nH]c(-c3ccnc(N)n3)cc2C(N)=O)c1
1031,NC(=O)c1cc(-c2ccccc2F)sc1Nc1cccc(CN2CCOCC2)n1
617,N#CC1CCCCC1n1cc(C(N)=O)c(Nc2ccnc(C(F)(F)F)c2)n1
1095,N#CC1CC(F)CCC1n1cc(C(N)=O)c(Nc2ccccc2)n1
1735,COc1ccc(-c2cc(C(N)=O)c3[nH]c4cc(N5CCOCC5)ccc4c3n2)cc1F
534,COc1ccc(-c2cccc3nc(Nc4ccnc(C)c4)nn23)cc1
1607,Cc1cc(Nc2nc(NC(C)c3ncc(F)cn3)c(F)c(N3CCOCC3)n2)[nH]n1
776,CC(C)C(C)n1cc(-c2ccn(C)n2)c2n[nH]c(N)c2c1=O
222,CN1CCN(C(=O)c2ccc3c(c2)[nH]c2c(C(N)=O)ccc(-c4cccc(NC(=O)c5ccc(N(C)C)cc5)c4F)c23)CC1
676,O=c1[nH]c2cnc(-n3cnc4ccccc43)nc2n1C1CCOc2cccc(F)c21
1854,CN(c1[nH]cnc2nccc1-2)C1CCC(CS(=O)(=O)N2CCCC(OC(=O)C(C)(C)C)C2)CC1
1074,CC1CCCCC1Nc1c(C(N)=O)cnc2[nH]ccc12
689,COC(=O)Cc1ccc(OC)c(-c2c[nH]c3ncnc(-c4ccccc4)c23)c1
1423,CN(c1[nH]cnc2nccc1-2)C1CCC(CS(=O)(=O)N2CC(O)C(O)C2)CC1
324,CCC(=O)Nc1ccc(-c2ncnc3c2cc(C(=O)OCc2ccccc2)n3C)cc1
1754,COCCNS(=O)(=O)c1ccc(Nc2nn(C3CCCCC3C#N)cc2C(N)=O)cc1
751,N#CC1CCCCC1n1cc(C(N)=O)c(Nc2ccc(F)cc2)n1
1304,CC1CN(c2ccc(C#N)cn2)CCC1Nc1c(C(N)=O)cnc2[nH]ccc12
1610,Cc1ccc(NC(=O)c2cccc(C(F)(F)F)c2)cc1N1CCc2nc(Nc3ccc(C(=O)N4CCN(C)CC4)nc3)ncc2C1
1505,COCCOc1ccc(-c2cc(C(N)=O)c3[nH]c4cc(N5CCOCC5)ccc4c3n2)cc1Cl
23,COc1ccc(F)c(-c2nc3[nH]cc(Cl)c(NCC4CCNCC4)c-3n2)c1
187,NCCn1c(-c2ccc(O)cc2)nc2cc(C(N)=O)ccc21
269,O=C(NC1CCNCC1F)c1cnn2ccc(N3CCCC3c3cc(F)ccc3F)nc12
969,Cc1ccc(NC(=O)N2CCCCC2)cc1N1CCc2nc(Nc3ccc(OCCN4CCCC4)cc3)ncc2C1
1720,COc1ccc(-c2cc(C(N)=O)c3[nH]c4cc(N5CCN(C)CC5)ccc4c3n2)cc1F
1365,CCNC1CCC(n2cc(C(N)=O)c(Nc3ccc(S(=O)(=O)C(F)(F)F)cc3)n2)C(C#N)C1
1750,NC(=O)c1cc(-c2ncnc3[nH]ccc23)cn1-c1cc(C(F)(F)F)ccc1Cl
1400,CC1(O)CCC(n2cc(C(N)=O)c(Nc3ccc(Cl)cc3)n2)C(C#N)C1
1040,N#CC1CC(NCC(F)F)CCC1n1cc(C(N)=O)c(Nc2ccnc(F)c2)n1
1275,CC1(C)CCCC1Nc1c(C(N)=O)cnn2cccc12
1369,CC(NC1CCC(n2cc(C(N)=O)c(Nc3ccc(S(=O)(=O)C(F)(F)F)cc3)n2)C(C#N)C1)C1CC1
239,Cn1c(C(N)=O)cc2c(-c3ccc(NC(=O)c4ccccc4)cc3)ncnc21
235,O=c1[nH]cnc2cc(NC3CCCNC3)nc(Nc3cccc4cc[nH]c34)c12
1675,COc1ccc(Nc2nc3cccc(-c4ccc(S(C)(=O)=O)cc4)n3n2)cc1
577,Cc1noc(C)c1-c1cc(C(N)=O)c2[nH]c3cc(C(=O)N4CCOCC4)ccc3c2n1
1137,CC1(C)CN(C2CCC(n3cc(C(N)=O)c(Nc4ccc(C(C)(O)C(F)(F)F)cc4)n3)C(C#N)C2)C1
1012,CCOC(=O)c1c[nH]c2ncnc(-c3ccc4c(c3)CCN4)c12
197,COc1ccccc1Nc1nc2cccc(-c3cccc(S(C)(=O)=O)c3)n2n1
1301,CN(C)C1CCC(n2cc(C(N)=O)c(Nc3ccc(C(F)(F)F)cc3)n2)C(C#N)C1
821,[C-]#[N+]C1CC(O)CCC1n1cc(C(N)=O)c(Nc2ccc(OC(F)(F)F)cc2)n1
152,CN(c1[nH]cnc2nccc1-2)C1CC(NS(=O)(=O)C2CC(C)(CC#N)C2)C1
147,CC(C)(C)OC(=O)N1CCc2ccc(Nc3nc4c(-c5cccc6c5OC(F)(F)O6)cccn4n3)cc2CC1
529,Cc1cccc(Nc2sc(-c3ccc(F)cc3F)cc2C(N)=O)n1
272,N#CC1CCCC1n1cc(C(N)=O)c(Nc2ccccc2)n1
186,CN1CCN(c2cccc(Nc3nc4c(Nc5cccc(S(C)(=O)=O)c5)cccn4n3)c2)CC1
357,COc1ncc(F)cc1C1CCCN1c1ccn2ncc(C(=O)NC3CCN(S(C)(=O)=O)CC3)c2n1
133,O=C(O)CN1CCN(c2cc(-c3cnc4ccc(N5CCCC5c5cccc(F)c5)nn34)ccn2)CC1
695,CCOC(=O)c1c[nH]c2ncnc(-c3ccc4c(c3)NCC4)c12
907,N#CC1CC(N2CCC2)CCC1n1cc(C(N)=O)c(Nc2ccc(C(F)F)nc2)n1
338,CN(CCOc1cccc(NC2=C(c3c[nH]c4ccccc34)C(=O)NC2=O)c1)c1ccnc(F)c1
848,N#CC1CCC(NCc2ccccc2)CC1n1cc(C(N)=O)c(Nc2ccc(F)cc2)n1
887,CC(C)(O)C1CN(C2CCC(n3cc(C(N)=O)c(Nc4ccc(C(F)(F)F)cc4)n3)C(C#N)C2)C1
923,CN1CCN(c2cccc(Nc3nc4c(-c5ccc(N6CCC(N7CCN(C)CC7)CC6)cc5)cccn4n3)c2)CC1
455,CN(C)C1CCC(n2cc(C(N)=O)c(Nc3ccnc(F)c3)n2)C(C#N)C1
130,CS(=O)(=O)c1ccc(-c2cccn3nc(NCc4cccnc4)nc23)cc1
1476,N#CC1CC(N2CC3(CCC3)C2)CCC1n1cc(C(N)=O)c(Nc2ccc(C(O)C(F)(F)F)cc2)n1
1535,CC(C)(C)NS(=O)(=O)c1ccc(-c2cc3c(N)ncc(C(=O)NCCCN4CCOCC4)c3s2)cc1
96,O=C1NC(=O)C(c2cn(CCCn3ccnc3)c3ccccc23)=C1Nc1ccccc1
581,CC(C)C(C)n1cc(-c2ccc(N3CCOCC3)cn2)c2n[nH]c(N)c2c1=O
1052,CN(C)C1CCC(n2cc(C(N)=O)c(Nc3ccccc3)n2)C(C#N)C1
1039,N#CC1CC(OCC2CC2)CCC1n1cc(C(N)=O)c(Nc2ccc(F)cc2)n1
1581,N#CC1CC(N2CCC23COC3)CCC1n1cc(C(N)=O)c(Nc2ccc(Cl)cc2)n1
1784,CS(=O)(=O)c1ccc(-c2cccc3nc(Nc4ccc(CN5CCS(=O)(=O)CC5)cc4)nn23)cc1
27,COc1ccc(-c2nc3[nH]cc(Cl)c(NCC4CCNCC4)c-3n2)c(F)c1
1358,NC(=O)c1nc(-c2ccccc2)cc2c1[nH]c1cc(C(=O)N3CCOCC3)ccc12
158,CN(c1ccnc2[nH]ccc12)C1CCCCC1
1733,NC(=O)c1cc(-c2ccc(CN3CCOCC3)cc2)nc2c1[nH]c1cc(N3CCS(=O)(=O)CC3)ccc12
822,CN(c1[nH]cnc2nccc1-2)C1CCC(CS(=O)(=O)N2CCC(COCC3CC3)CC2)CC1
626,NC1CCCCC1Nc1cc2nc[nH]c(=O)c2c(Nc2cccc(-n3nccn3)c2)n1
572,CCOC(=O)c1c[nH]c2ncnc(-c3cccc(Cl)c3)c12
1495,CN(C)CCNC(=O)c1ccc2[nH]c3c(C(N)=O)cc(-c4ccc(Cl)c(Cl)c4)cc3c2c1
1066,CN(CCC(F)(F)F)C1CCC(n2cc(C(N)=O)c(Nc3ccc(S(=O)(=O)C(F)(F)F)cc3)n2)C(C#N)C1
733,Cn1c(C(=O)NCCCN2CCOCC2)cc2c(-c3ccc(NC(=O)c4ccc(C#N)cc4)cc3)ncnc21
1466,NC(=O)c1cc(-c2ccc(OC3CCNCC3)c(Cl)c2)nc2c1[nH]c1cc(N3CCOCC3)ccc12
405,CC1CC(C)N1C1CCC(n2cc(C(N)=O)c(Nc3ccc(C(F)(F)F)cc3)n2)C(C#N)C1
210,Oc1ccc(C2Nc3ccccc3-c3ccnc4[nH]cc2c34)cc1
154,NC1CCCCC1Nc1cc2nc[nH]c(=O)c2c(Nc2cccc3c(Cl)c[nH]c23)n1
594,CCOc1ccc(C(F)(F)F)cc1-c1cccn2nc(Nc3ccc4c(c3)CCNCC4)nc12
1815,COc1ccccc1-c1ccc2cnc(Nc3ccc(N4CCN(C)CC4)c(F)c3)nn12
201,N#CC1CC(N(CC2CC2)C2COC2)CCC1n1cc(C(N)=O)c(Nc2ccc(C(F)(F)F)cc2)n1
1251,CS(=O)(=O)CCN1CCc2ccc(Nc3nc4c(-c5cc(C(F)(F)F)ccc5Cl)cccn4n3)cc2CC1
1600,CN1CCN(c2ccc(Nc3nc4c(-c5ccc(C(F)(F)F)cc5)cccn4n3)cc2)CC1
708,COc1ccc(-c2cccn3nc(Nc4cnn(C5CCOCC5)c4)nc23)cc1
1502,COc1ccc(-c2cc(C(N)=O)c3[nH]c4ccc(C(=O)N5CCOCC5)cc4c3c2)cc1OC
1661,N#CC1CC(O)CCC1n1cc(C(N)=O)c(Nc2ccc(C(O)C(F)(F)F)cc2)n1
1811,COc1ccc(-c2ccc3cnc(Nc4ccc(N5CCN(C)CC5)c(Cl)c4)nn23)cn1
127,NCCn1c(-c2ccccc2)nc2cc(C(N)=O)ccc21
679,CCOC(=O)c1c[nH]c2ncnc(-c3ccc4n[nH]cc4c3)c12
920,CNC(=O)C1CCN(S(=O)(=O)CC2CCC(N(C)c3[nH]cnc4nccc3-4)CC2)CC1
413,CCOC(=O)COc1ccc(Nc2ncc(C)c(-c3cc4ccccc4o3)n2)cc1
1298,CC(O)(c1ccc(Nc2nn(C3CCCCC3C#N)cc2C(N)=O)cn1)C(F)(F)F
17,COc1cccc(-c2nc3[nH]cc(Cl)c(NCC4CCN(C)CC4)c-3n2)c1
896,COCc1ccccc1-c1cccc2nc(Nc3ccc4c(c3)CCN(CC(=O)N(C)C)CC4)nn12
545,CP(C)(=O)c1ccc(-c2cccn3nc(Nc4cccc(C5CCN(CCS(C)(=O)=O)CC5)c4)nc23)cc1
335,O=c1cc(-c2nc(-c3ccc(-c4cn(CCO)nn4)cc3)[nH]c2-c2ccc(F)cc2)cc[nH]1
386,CC1(CO)CCCC1Nc1c(C(N)=O)cnn2cccc12
1309,N#CC1CCCCC1n1cc(C(N)=O)c(Nc2ccc(S(=O)(=O)C(F)F)c(CO)c2)n1
1092,Cc1ccc(NC(=O)c2cccc(C(F)(F)F)c2)cc1N1CCc2nc(Nc3cccc(CN4CCN(C)CC4)c3)ncc2C1
1723,COc1ccc(Nc2nc3cccc(-c4ccc(CN5CCS(=O)(=O)CC5)cc4)n3n2)cc1
1741,NC(=O)c1cc(-c2ccc3sccc3c2)nc2c1[nH]c1cc(C(=O)N3CCOCC3)ccc12
107,Cc1ccc(Cl)cc1-c1[nH]c(-c2ccnc(N)n2)cc1C(=O)N(C)C
2,NC(=O)c1ccc2c(c1)nc(C1CCC(O)CC1)n2CCCO
1574,Cc1ccc(NC(=O)NC2CCCC2)cc1N1CCc2nc(Nc3ccc(OCCN4CCCC4)cc3)ncc2C1
1691,CN1CCN(Cc2cccc(Nc3nc4cccc(-c5ccc(S(C)(=O)=O)cc5)n4n3)c2)CC1
1269,N#CC1CC(N2CCC2)CCC1n1cc(C(N)=O)c(Nc2ccc(C=O)cc2)n1
872,CN1CCN(c2ccc(Nc3nc4c(N(C)Cc5ccccc5N(C)S(C)(=O)=O)cccn4n3)cc2)CC1
1099,CN(c1[nH]cnc2nccc1-2)C1CCC(CS(=O)(=O)N2CCC(CC#N)C2)CC1
1592,CN1CCN(c2ccc(Nc3ncc4ccc(-c5ccccc5N(C)S(C)(=O)=O)n4n3)cc2F)CC1
1705,CC(O)CN1CCN(c2cccc(Nc3nc4c(-c5ccc(S(C)(=O)=O)cc5)cccn4n3)c2)CC1
1136,N#CC1CC(NCC2CC2)CCC1n1cc(C(N)=O)c(Nc2ccc(S(=O)(=O)C(F)(F)F)cc2)n1
1276,N#CC1CC(N(C2CC2)C2CC2)CCC1n1cc(C(N)=O)c(Nc2ccc(S(=O)(=O)C(F)(F)F)cc2)n1
1454,CN(C1CCC(n2cc(C(N)=O)c(Nc3ccc(Cl)cc3)n2)C(C#N)C1)C1(C)COC1
869,CN(c1[nH]cnc2nccc1-2)C1CCC(CS(=O)(=O)N2CCCC(CS(=O)(=O)N(C)C)C2)CC1
811,Cc1ccc(NC(=O)c2cccc(C(F)(F)F)c2)cc1N1CCc2nc(Nc3ccc(CC(=O)N4CCN(C)CC4)cc3)ncc2C1=O
933,CN(c1[nH]cnc2nccc1-2)C1CCC(CS(=O)(=O)N2CCC(CO)CC2)CC1
295,NC(=O)c1cc(-c2ccnc(N)n2)[nH]c1-c1ccccc1Cl
273,Cc1ccc(Cl)cc1-c1cc(-c2cc(N)ncn2)[nH]c1C(N)=O
411,CN1CCN(c2ccc(Nc3nc4c(Nc5cccc(S(C)(=O)=O)c5)cccn4n3)cc2)CC1
1651,COc1ccc(-c2cc(C(N)=O)c3[nH]c4ccc(C(=O)N5CCCC(O)C5)cc4c3c2)cc1F
318,Nc1[nH]nc2c(-c3ccccn3)cn(-c3ccccc3Cl)c(=O)c12
1306,N#CC1CC(OCC2CC2)CCC1n1cc(C(N)=O)c(Nc2ccc(C(O)C(F)(F)F)cc2)n1
1211,N#CC1CC2(CCC1n1cc(C(N)=O)c(Nc3ccnc(F)c3)n1)CC2
312,CC1CC(C)N1C1CCC(n2cc(C(N)=O)c(Nc3ccc(C(F)(F)F)cc3)n2)C(C#N)C1
793,CN1CCN(c2cccc(Nc3nc4c(NCc5ccccc5N(C)S(C)(=O)=O)cccn4n3)c2)CC1
149,CS(=O)(=O)c1cccc(-c2cccn3nc(N)nc23)c1
373,Cc1cccc(Oc2cnc3[nH]cc(C(=O)NC(C)C)c3n2)c1
770,COc1ccc(F)cc1-c1c[nH]c2ncnc(-c3ccccc3)c12
16,CN1CCC(CNc2c(Cl)c[nH]c3nc(-c4cccc(F)c4)nc2-3)CC1
1618,N#CC1CC(NC2COC2)CCC1n1cc(C(N)=O)c(Nc2ccc(S(=O)(=O)C(F)(F)F)cc2)n1
876,N#CC1CC(NCC(F)(F)F)CCC1n1cc(C(N)=O)c(Nc2ccc(Cl)cc2)n1
1894,FC(F)(F)CN1CCCC(Nc2ncccc2-c2cnc3[nH]ccc3n2)C1
30,O=C1Nc2ccc3c(oc4ccccc43)c2C1=NNc1ccncc1
605,CC1(C)C(N)CCC1Nc1c(C(N)=O)cnn2cccc12
236,CN(c1[nH]cnc2nccc1-2)C1CC(NS(=O)(=O)CC2COC2)C1
499,N#CC1CN(C(=O)C(NC(=O)c2c[nH]c3ncc(C4CC4)nc23)C2CC2)C1
275,Cc1ccccc1-c1[nH]c(-c2ccnc(N)n2)cc1C(N)=O
68,Nc1ncc(-c2cnn(CC(=O)N3CCOCC3)c2)c2scc(-c3ccc(Oc4ccccc4)cc3)c12
1540,Cc1ccc(NC(=O)c2cc(C(F)(F)F)ccn2)cc1N1CCc2nc(Nc3ccc(N4CCN(C)CC4)cc3)ncc2C1
237,CN1CCN(c2ccc(Nc3nc4c(-c5ccc(S(C)(=O)=O)cc5)cc(C(F)(F)F)cn4n3)cn2)CC1
268,COC1CCN(c2nccc(Nc3cc4c(ccn4C(C)C)cn3)n2)CC1
1538,Clc1cnc2nc1NCc1cc(Br)cc(c1)OCCCc1cccc(c1)N2
1284,CC(Nc1nc(Nc2cn(C)cn2)c2cnn(C)c2n1)c1ncc(F)cn1
975,CN(c1[nH]cnc2nccc1-2)C1CCC(CS(=O)(=O)N2CCC(C)(O)C2)CC1
1145,CC1(NC2CCC(n3cc(C(N)=O)c(Nc4ccccc4)n3)C(C#N)C2)CC1
1373,CN1CCN(c2cccc(Nc3nc4c(-c5ccc(P(C)(C)=O)cc5)cccn4n3)c2)C(=O)C1
490,CC(NC1CCC(n2cc(C(N)=O)c(Nc3ccc(Cl)cc3)n2)C(C#N)C1)C1CC1
591,CCOC(=O)c1c[nH]c2ncnc(-c3ccc(O)cc3)c12
852,COc1ccc(C(F)(F)F)cc1-c1cccn2nc(Nc3ccc4c(c3)CCN(CC(=O)N(C)C)CC4)nc12
1411,N#Cc1ccc(Nc2nn(C3CCC(NCC(F)F)CC3C#N)cc2C(N)=O)cc1
1643,N#CCC(=O)N1CCC12CCCN(c1[nH]cnc3nccc1-3)C2
263,Cn1c(C(=O)OCc2ccccc2)cc2c(-c3ccc(NC(=O)C(C)(C)C)cc3)ncnc21
728,CC(NC1CCC(n2cc(C(N)=O)c(Nc3ccc(S(=O)(=O)C(F)(F)F)cc3)n2)C(C#N)C1)C1CC1
804,COCC(C)(C)N(C)C1CCC(n2cc(C(N)=O)c(Nc3ccc(Cl)cc3)n2)C(C#N)C1
301,CC(C)(C)OC(=O)N1CCc2ccc(Nc3nc4c(-c5cc(C(F)(F)F)ccc5F)cccn4n3)cc2CC1
193,CNC(=O)c1cc(-c2ccc(OC)cc2)nc2c1[nH]c1cc(OC)ccc12
1210,CCOC(=O)COc1cccc(Nc2ncc(C)c(-c3cc4ccccc4o3)n2)c1
1351,CN1CCN(Cc2ccc(Nc3nc4cccc(-c5cccc(S(C)(=O)=O)c5)n4n3)cc2)CC1
162,CC(=O)NC1CCc2ccc(Oc3cnc4[nH]cc(C(=O)NC(C)C)c4n3)cc21
1544,CNC1CCC(n2cc(C(N)=O)c(Nc3ccc(S(=O)(=O)C(F)(F)F)cc3)n2)C(C#N)C1
525,CCC(C)n1cc(-c2ccn(C)n2)c2n[nH]c(N)c2c1=O
1407,CN1CCN(c2ccc(Nc3ncc4c(n3)CCN(c3cc(NC(=O)c5cc(F)cc(C(F)(F)F)c5)ccc3Cl)C4=O)cc2)CC1
1605,CC(Nc1nc(Nc2cn(C)cn2)c2ccccc2n1)c1ncc(F)cn1
1585,N#CC1CCCCC1n1cc(C(N)=O)c(Nc2ccc(S(=O)(=O)NCc3ccc(Cl)cc3)cc2)n1
1907,CN1CCN(c2ncc(-c3cnc4[nH]ccc4n3)c(NC3CCCN(S(=O)(=O)CCC(C)(C)C)C3)n2)CC1
767,N#CC1CC(O)(C2CC2)CCC1n1cc(C(N)=O)c(Nc2ccc(Cl)cc2)n1
1111,CC(=O)Nc1cccc(-c2cc(C(N)=O)c3[nH]c4cc(C(=O)N5CCN(C)CC5)ccc4c3c2)c1
1263,CN(c1[nH]cnc2nccc1-2)C1CCC(CS(=O)(=O)N2CCC(F)C2)CC1
112,COc1cc(N2CCN(C)CC2)ccc1Nc1nc2c(NCc3cccnc3N(C)S(C)(=O)=O)cccn2n1
951,COc1ccc(C(F)(F)F)cc1-c1cccn2nc(Nc3ccc4c(c3)CCN(CC(=O)N(C)C)C4)nc12
1869,CC(C)CS(=O)(=O)N1CC(C)CC(Nc2nc(N3CCN(C)CC3)ncc2-c2cnc3[nH]ccc3n2)C1
697,CN(c1[nH]cnc2nccc1-2)C1CCC(CS(=O)(=O)N2CCCC(CS(C)(=O)=O)C2)CC1
1279,N#CC1CC(NCC(F)(F)F)CCC1n1cc(C(N)=O)c(Nc2ccnc(F)c2)n1
874,CNC1CCC(n2cc(C(N)=O)c(Nc3ccc(S(=O)(=O)C(F)(F)F)cc3)n2)C(C#N)C1
1033,CC(Nc1nc(Nc2cn(C)cn2)c2cccnc2n1)c1ncc(F)cn1
306,CCCS(=O)(=O)NC1CCC(N(C)c2[nH]cnc3nccc2-3)C1
740,Cc1cccc(Nc2sc(-c3cccc(F)c3F)cc2C(N)=O)n1
1148,CN(c1[nH]cnc2nccc1-2)C1CCC(CS(=O)(=O)N2CCC(Oc3ccccc3C#N)C2)CC1
1022,C[N+]1(C2CCC(n3cc(C(N)=O)c(Nc4ccc(Cl)cc4)n3)C(C#N)C2)CCC1
213,c1ccc(Nc2nc3ccccn3n2)cc1
1164,N#CC1CC(N2CC3(COC3)C2)CCC1n1cc(C(N)=O)c(Nc2ccc(C(F)(F)F)cc2)n1
1522,CC(C)(CF)c1ccc(Nc2nn(C3CCC(O)CC3C#N)cc2C(N)=O)cc1
462,Cc1ccc(Cl)cc1-c1[nH]c(-c2ccnc(N)n2)cc1C(=O)Nc1ccccc1
639,c1ccc(-c2cccn3nc(Nc4ccc5c(c4)CCNCC5)nc23)c(OCC2CC2)c1
789,CCOC(=O)c1c[nH]c2ncnc(-c3ccc4c(c3)OCO4)c12
1348,N#CC1CC(N2CCC2)CCC1n1cc(C(N)=O)c(Nc2ccc(C(O)C(F)(F)F)cc2)n1
1303,Cc1ccc(NC(=O)c2cccc(C(F)(F)F)c2)cc1N1CCc2nc(Nc3ccc(C(=O)N4CCCC4)cc3)ncc2C1
863,CN(c1[nH]cnc2nccc1-2)C1CCC(CS(=O)(=O)N2CCC(CC#N)C2)CC1
651,CCNC(=O)c1cc(-c2ccnc(N)n2)[nH]c1-c1cc(Cl)ccc1C
1458,Cc1ccc(NC(=O)c2cccc(C(F)(F)F)c2)cc1N1CCc2nc(Nc3ccc(C(=O)NCCO)cc3)ncc2C1
861,N#CC1CC(NCC(F)F)CCC1n1cc(C(N)=O)c(Nc2ccnc(F)c2)n1
1861,CN1CCC(Nc2ncc(-c3cnc4[nH]ccc4n3)c(NC3CCCN(S(C)(=O)=O)C3)n2)CC1
551,Oc1ccc(-c2nc3ccccc3c3ncnc4[nH]cc2c43)c(Cl)c1
715,CS(=O)(=O)c1ccc(Nc2nn(C3CCCCC3C#N)cc2C(N)=O)cc1
45,O=[N+]([O-])c1cccc(CNc2cccn3nc(N4CCOCC4)nc23)c1
294,O=C(CCCCCCN1CC=CCOCc2cccc(c2)-c2ccnc(n2)Nc2cccc(c2)C1)NO
903,Cc1cc(CCC2(O)CCN(S(=O)(=O)CC3CCC(N(C)c4[nH]cnc5nccc4-5)CC3)C2)on1
864,CN(c1[nH]cnc2nccc1-2)C1CC(NS(=O)(=O)N2CCC(c3ccn[nH]3)CC2)C1
1009,CN(c1[nH]cnc2nccc1-2)C1CCC(CS(=O)(=O)N2CCC(O)(c3ccccn3)C2)CC1
1519,CC1(C)CN(C2CCC(n3cc(C(N)=O)c(Nc4ccc(C(C)(O)C(F)(F)F)cc4)n3)C(C#N)C2)C1
1521,CN(CC(F)(F)F)C1CCC(n2cc(C(N)=O)c(Nc3ccnc(F)c3)n2)C(C#N)C1
1614,COc1ccc(Nc2nc3c(-c4cnn(S(C)(=O)=O)c4)cccn3n2)cc1
505,N#CCC(=O)N1CCC(Nc2c(C(N)=O)cnc3[nH]ccc23)CC1
1189,N#CC1CCCCC1n1cc(C(N)=O)c(Nc2cnc3cc(Cl)ccc3c2)n1
91,CN(C(=O)NC1CCCN(S(C)(=O)=O)C1)c1cnc2[nH]ccc2n1
225,COc1cc(OC)cc(Oc2cnc3[nH]cc(C(=O)NC(C)C)c3n2)c1
379,CS(=O)(=O)N1CCC(NC(=O)c2cnn3ccc(N4CCCC4c4cc(F)ccc4F)nc23)CC1
834,CNC(=O)c1cnc(N)c2cc(-c3ccccc3)sc12
762,Nc1ncc(C(=O)Nc2ccccc2)c2sc(-c3ccc(N4CCOCC4)cc3)cc12
1055,CN(c1[nH]cnc2nccc1-2)C1CCC(CS(=O)(=O)N2CCC(O)C(O)C2)CC1
381,COc1ccc(CNc2nccc(-c3cc(C(N)=O)c(-c4cc(Cl)ccc4C)[nH]3)n2)cc1
1045,COC(=O)NC1CN(S(=O)(=O)CC2CCC(N(C)c3[nH]cnc4nccc3-4)CC2)C1
89,NCCn1c(-c2cccnc2N)nc2cc(C(N)=O)ccc21
1824,N#CCC(N1CCCC(Nc2ncccc2-c2cnc3[nH]ccc3n2)C1)C(F)(F)F
1506,NC(=O)c1cc(-c2ccc(OCCN3CCCOCC3)c(Cl)c2)nc2c1[nH]c1cc(N3CCOCC3)ccc12
998,[C-]#[N+]C1CCCCC1n1cc(C(N)=O)c(Nc2ccccc2)n1
1803,COc1ccccc1-c1ccc2cnc(Nc3ccc(N4CCN(C)CC4)c(Cl)c3)nn12
1230,CC1CC(CS(=O)(=O)N2CCC(CO)C2)CCC1N(C)c1[nH]cnc2nccc1-2
764,CC1CCCN(S(=O)(=O)CC2CCC(N(C)c3[nH]cnc4nccc3-4)CC2)C1
1402,CS(=O)(=O)c1ccc(Nc2nn(C3CCCCC3C#N)cc2C(N)=O)cc1
1821,CS(=O)(=O)N1CCCC(Nc2nc(N3CCS(=O)(=O)CC3)ncc2-c2cnc3[nH]ccc3n2)C1
1062,CNC(=O)c1cnc(N)c2cc(-c3ccc(N4CCOCC4)cc3)sc12
1436,CC1(C#N)CCC(F)CC1n1cc(C(N)=O)c(Nc2ccc(F)cc2)n1
242,NC(=O)c1cc(-c2ccc(CN3CCOCC3)c(Cl)c2)cc2c1[nH]c1cc(-c3ccc(N4CCOCC4)nc3)ccc12
466,COc1ccc(N(C(=O)Oc2c(C)cccc2C)c2ccnc(Nc3cc(OC)c(OCCCN4CCN(C)CC4)c(OC)c3)n2)c(OC)c1
1091,CC(NC(=O)c1c[nH]c2ncc(-c3nn(C)c4ccc(Cl)cc34)nc12)C(=O)N1CC(C#N)C1
807,CCOC(=O)c1c[nH]c2ncnc(-c3cccc(OCc4ccccc4)c3)c12
1041,N#CC1CCCCC1n1cc(C(N)=O)c(Nc2ccc(S(=O)(=O)Nc3ccc4cccnc4c3)cc2)n1
452,NC(=O)c1cc(N2CCC(N3CCOCC3)CC2)[nH]c2c3ccc(C(=O)N4CCOCC4)cc3nc1-2
1527,CN1CCN(c2cccc(Nc3nc4c(-c5cnn(-c6ccc(F)cc6)c5)cccn4n3)c2)CC1
366,CC(C)(C)NC(=O)C1CCC(n2cc(C(N)=O)c(Nc3ccc(Cl)cc3)n2)C(C#N)C1
1462,COc1cccc(-c2cc(C(N)=O)c3[nH]c4cc(C(=O)N5CCN(C(=O)C6CC6)CC5)ccc4c3c2)c1
117,CC(C)COc1ccc(C(F)(F)F)cc1-c1cccn2nc(Nc3ccc4c(c3)CCN(CC(=O)N(C)C)CC4)nc12
244,Fc1cccc(Cl)c1-c1nc2c3ccccc3c3ccccc3c2[nH]1
1320,CC(C)C(C)n1cc(-c2cc(N3CCS(=O)(=O)CC3)n(C)n2)c2n[nH]c(N)c2c1=O
1498,COc1cccc(-c2cc(C(N)=O)c3[nH]c4cc(C(=O)N5CCN(Cc6cccnc6)CC5)ccc4c3c2)c1
1385,Cc1ccc(C(F)(F)F)cc1-c1[nH]c(-c2ccnc(N)n2)cc1C(N)=O
937,CN(c1[nH]cnc2nccc1-2)C1CCC(CS(=O)(=O)N2CCN(c3ncccc3C(=O)NC3CC3)CC2)CC1
131,COc1ccc(-c2nc3[nH]cc(Cl)c(NCC4CCN(C)CC4)c-3n2)c(C)c1
843,COCC1CCCN1S(=O)(=O)CC1CCC(N(C)c2[nH]cnc3nccc2-3)CC1
1065,CC1(C#N)CCCC1Nc1c(C(N)=O)cnn2cccc12
1248,CN1CCN(c2cc(Oc3ccccc3Cl)nc(-n3cnc4ccncc43)n2)CC1
1885,COC(=O)N1CCC(Nc2ncccc2-c2cnc3[nH]ccc3n2)CC1
1130,N#CC1CC(O)CCC1n1cc(C(N)=O)c(Nc2ccc(C3CC3)cc2)n1
671,NC(=O)c1cnc2[nH]ccc2c1NC1CCN(c2ccc(CO)cn2)CC1
1156,CC1CCCC(n2c(=O)[nH]c3cnc4[nH]ccc4c32)C1
24,NC(=O)c1cnc(NC2CCC(N)CC2)c2nc(-c3ccc(Cl)cc3)cn12
463,CN(C1CCC1)C1CCC(n2cc(C(N)=O)c(Nc3ccc(C(F)(F)F)cc3)n2)C(C#N)C1
934,CC(NC1CCC(n2cc(C(N)=O)c(Nc3ccc(S(=O)(=O)C(F)(F)F)cc3)n2)C(C#N)C1)C1CC1
1639,O=C(CCCCOc1ccc2cc1COCC=CCOCc1cccc(c1)-c1ccnc(n1)N2)NO
71,O=c1cc(-c2nc(C3CCNCC3)[nH]c2-c2ccc(F)cc2)cc[nH]1
473,CCn1c(C(=O)N(C2CC2)C2CC2)cc2c3c(ncn3C)c(Nc3cc(C)nn3C)nc21
1376,CNC(=O)c1cnc(N)c2cc(-c3ccc(C(C)(C)C)cc3)sc12
1697,Cn1nc(-c2cnc3[nH]cc(C(=O)NC(C(=O)N4CC(C#N)C4)C(C)(C)C)c3n2)c2ccc(Cl)cc21
113,Cc1nn(C)c(C)c1Nc1nc2c(-c3ccc(S(C)(=O)=O)cc3)cccn2n1
1859,CS(=O)(=O)N1CCCC(Nc2nc(N3CCC(CC(=O)O)CC3)ncc2-c2cnc3[nH]ccc3n2)C1
1285,CC(NC(=O)c1c[nH]c2ncc(-c3nn(C)c4cc(C5CC5)ccc34)nc12)C(=O)N1CC(C#N)C1
266,CC(=O)Nc1ccc(-c2ncnc3c2cc(C(=O)OCc2ccccc2)n3C)cc1
1656,N#CC1CCCCC1n1cc(C(N)=O)c(Nc2ccc(C(O)C(F)(F)F)nc2)n1
1239,CC(Nc1cc(-c2ccc(C#N)cc2)nc(-n2cnc3ccncc32)n1)c1ccccc1
1273,Cc1ccc(Cl)cc1-c1cn(-c2ncnc3[nH]ccc23)cc1C(N)=O
247,NC(=O)c1cc(-c2ccc(F)c(Cl)c2)cc2c1[nH]c1cc(C(=O)N3CCOCC3)ccc12
1825,CC1CC(Nc2ncccc2-c2cnc3[nH]ccc3n2)CN(S(=O)(=O)C(C)C)C1
966,N#CC1CC(N2CCC2)CCC1n1cc(C(N)=O)c(Nc2ccc(Cl)cc2)n1
320,O=C(CCCCC(=O)N1CC=CCOCc2cccc(c2)-c2ccnc(n2)Nc2cccc(c2)C1)NO
139,CN1CCN(c2cccc(Nc3nc4c(-c5ccccc5S(C)(=O)=O)cccn4n3)c2)CC1
1827,CSc1ncc(-c2cnc3[nH]ccc3n2)c(NC2CCCN(C(=O)CC#N)C2)n1
578,N#Cc1ccc(Nc2sc(-c3ccccc3)cc2C(N)=O)nc1
1152,CCC(=O)Nc1ccc(-c2ncnc3c2cc(C(=O)NCCCN2CCOCC2)n3C)cc1
991,Cc1cncc(Nc2nn(C3CCCCC3C#N)cc2C(N)=O)c1
204,CN(C)C(=O)c1cnc(N)c2cc(-c3ccc(N4CCOCC4)cc3)sc12
1738,Cc1ccc(-c2cc(C(N)=O)c3[nH]c4ccc(C(=O)O)cc4c3c2)c(F)c1
1484,CN(c1[nH]cnc2nccc1-2)C1CCC(CS(=O)(=O)N2CCC(c3ccccn3)C2)CC1
1703,CCn1c(C(=O)N(C2CC2)C2CC2)cc2c3c(ncn3C)c(Nc3cc(C)n[nH]3)nc21
50,c1ccc2c(c1)CCCN2c1nc2cccc(N3CCCc4ccccc43)n2n1
1679,CN1CCN(C2CCN(c3ccc(Nc4nc5c(-c6ccc(S(C)(=O)=O)cc6)cccn5n4)cc3)CC2)CC1
503,CC(NC1CCC(n2cc(C(N)=O)c(Nc3ccc(OC(F)(F)F)cc3)n2)C(C#N)C1)C1CC1
41,CS(=O)(=O)c1ccc(-c2ccc3nc(Nc4ccc(N5CCOCC5)cc4)nn3c2)cc1
414,CN1CCC(c2ccc(Nc3nc4c(NCc5cccc(S(C)(=O)=O)c5)cccn4n3)cc2)CC1
1410,N#Cc1ccc(Nc2nn(C3CCCCC3C#N)cc2C(N)=O)cc1
1244,COc1ccccc1CS(=O)(=O)C1CCN(S(=O)(=O)CC2CCC(N(C)c3[nH]cnc4nccc3-4)CC2)C1
585,Cc1cccc(Nc2sc(-c3ccc(F)cc3)cc2C(N)=O)n1
1226,CS(=O)(=O)c1ccc(Nc2nn(C3CCCCC3C#N)cc2C(N)=O)cc1
1185,Cc1ccc(NC(=O)CCC(F)(F)F)cc1N1CCc2nc(Nc3ccc(OCCN4CCCC4)cc3)ncc2C1
1150,O=c1[nH]c2cnc3[nH]ccc3c2n1C1CCCCCC1
1617,N#CC1CC(O)CCC1n1cc(C(N)=O)c(Nc2ccc(C(O)C(F)(F)F)cc2)n1
484,CN1CCN(c2ccc(Nc3nc4c(CCc5ccccc5N(C)S(C)(=O)=O)cccn4n3)cc2)CC1
1880,CC(C)CS(=O)(=O)N1CCCC(Nc2nc(N3CCN(C)CC3)ncc2-c2cnc3[nH]ccc3n2)C1
1726,COc1ccc(-c2cc(C(N)=O)c3[nH]c4ccc(C(=O)N5CC6CC5CO6)cc4c3c2)cc1F
1379,CNC(=O)c1ccc(Nc2ncc3c(n2)CCN(c2cc(NC(=O)c4cc(F)cc(C(F)(F)F)c4)ccc2Cl)C3)cc1
720,COc1ccc(C(F)(F)F)cc1-c1cccn2nc(Nc3ccc(OCCN4CCOCC4)cc3)nc12
649,CC1(CO)CCCC1Nc1c(C(N)=O)cnn2cccc12
234,Cc1ccc(Cl)cc1-n1cc(-c2ccnc(N)n2)cn1
522,[C-]#[N+]C1CC(OC(C)=O)C(O)CC1n1cc(C(N)=O)c(Nc2ccc(C(F)(F)F)cc2)n1
1270,N#CC1CC(N2CCC2)CCC1n1cc(C(N)=O)c(Nc2ccc(CC(F)(F)F)cc2)n1
1345,CNC(=O)OC1CCC(n2cc(C(N)=O)c(Nc3ccc(F)cc3)n2)C(C#N)C1
283,Nc1[nH]nc2ccc(-c3ccccc3Cl)cc12
766,CCC1(NC(=O)OCc2ccccc2)CCCN(S(=O)(=O)CC2CCC(N(C)c3[nH]cnc4nccc3-4)CC2)C1
1882,CC(C)CS(=O)(=O)N1CCCC(Nc2nc(N(C)C)ncc2-c2cnc3[nH]ccc3n2)C1
1879,CC(C)CS(=O)(=O)N1CCCC(Nc2nc(S(C)(=O)=O)ncc2-c2cnc3[nH]ccc3n2)C1
374,CN1CCN(c2cccc(Nc3nc4c(NCc5cccc(S(C)(=O)=O)c5)cccn4n3)c2)CC1
372,C=CC(=O)Nc1cccc(CNc2nc(Nc3cnn(CCOCCOCCOCCNC(=O)CCCCC4SCC5NC(=O)NC54)c3)ncc2Cl)c1
909,CS(=O)(=O)c1ccc(-c2cccn3nc(N)nc23)cc1
1364,CC1(C)CN(C2CCC(n3cc(C(N)=O)c(Nc4ccc(C(O)C(F)(F)F)cc4)n3)C(C#N)C2)C1
288,COCc1ccccc1-c1cccc2nc(Nc3ccc4c(c3)CCN(C(=O)OC(C)(C)C)CC4)nn12
1667,N#CC1CCCCC1n1cc(C(N)=O)c(Nc2ccc(S(=O)(=O)NCCN3CCCC3)cc2)n1
1855,CS(=O)(=O)N1CCCC(Nc2ncccc2-c2cnc3[nH]cc(C#N)c3n2)C1
576,CN1CCN(c2cccc(Nc3nc4c(OCc5ccccc5C(N)=O)cccn4n3)c2)CC1
1836,CS(=O)(=O)N1CCCC(Nc2nc(N3CCN(c4ccccn4)CC3)ncc2-c2cnc3[nH]ccc3n2)C1
120,CN1CCN(c2ccc(Nc3nc4ccc(-c5ccc(S(C)(=O)=O)cc5)cn4n3)cc2)CC1
47,c1cncc(CNc2cccn3nc(NCCN4CCOCC4)nc23)c1
167,NCCn1c(-c2cncnc2)nc2cc(C(N)=O)ccc21
1503,Cc1ccc(-c2cc(C(N)=O)c3[nH]c4cc(N5CCC(F)(F)C5)ccc4c3n2)cn1
1075,CC(Nc1c(C(N)=O)cnn2cccc12)C(C)(C)C
1620,CCc1ccc(Cl)cc1-c1[nH]c(-c2ccnc(N)n2)cc1C(N)=O
950,COc1ccc(C(F)(F)F)cc1-c1cccn2nc(Nc3ccc4c(c3)CCNC4)nc12
418,CN(C)C(=O)CN1CCc2ccc(Nc3nc4c(-c5cc(C(F)(F)F)ccc5OCC(F)F)cccn4n3)cc2CC1
1644,CS(=O)(=O)c1ccc(-c2cccn3nc(Nc4ccc(CN5CCOCC5)cc4)nc23)cc1
493,CCOc1ccccc1-c1cccn2nc(Nc3ccc4c(c3)CCN(CC(=O)N(C)C)CC4)nc12
137,Cc1cccn2nc(Nc3ccc(S(C)(=O)=O)cc3)nc12
660,C=CC(=O)Nc1cccc(CNc2nc(Nc3cnn(C)c3)ncc2Cl)c1
1731,CN1CCC(Nc2ccc3c(c2)[nH]c2c(C(N)=O)cc(-c4cccc(C(F)(F)F)c4)nc23)CC1
1650,NC(=O)c1cc(-c2ccc(Cl)c(Cl)c2)cc2c1[nH]c1ccc(C(=O)N3CCOC(CO)C3)cc12
425,N#CC1CC(C(=O)NC(C2CC2)C(F)(F)F)CCC1n1cc(C(N)=O)c(Nc2ccc(Cl)cc2)n1
746,CN1CCN(c2cccc(Nc3nc4c(NCc5cccnc5N(C)S(C)(=O)=O)cccn4n3)c2)CC1
990,CN(C1CCC(n2cc(C(N)=O)c(Nc3ccc(Cl)cc3)n2)C(C#N)C1)C(C)(C)C1CC1
584,CS(=O)(=O)N1CCC(n2c(=O)[nH]c3cnc4[nH]ccc4c32)CC1
681,CN(Cc1ccccc1CNc1cccn2nc(Nc3ccc(OCCN4CCCC4)cc3)nc12)S(C)(=O)=O
494,CC(=O)Nc1cccc(-c2ccc(C(N)=O)c3[nH]c4cc(C(=O)N5CCN(C)CC5)ccc4c23)c1C
641,CN1CCN(c2cc(Nc3ccccc3Cl)nc(-n3cnc4ccncc43)n2)CC1
1050,COc1ccccc1CNc1cccn2nc(Nc3cccnc3)nc12
184,COc1cccc(CNc2cccn3nc(Nc4ccc(N5CCN(C)CC5)cc4)nc23)c1
765,Cc1ccc(Cl)cc1-n1cc(-c2cc(N)ncn2)cc1C(N)=O
1692,CS(=O)(=O)c1ccc(-c2cccn3nc(Nc4cccc(C5CCNCC5O)c4)nc23)cc1
1060,C=CC(=O)Nc1cccc(CNc2nc(Nc3cnn(CCO)c3)ncc2Cl)c1
1550,O=C(CCCCCCCOc1ccc2cc1COCC=CCOCc1cccc(c1)-c1ccnc(n1)N2)NO
1662,N#CC1CCCCC1n1cc(C(N)=O)c(Nc2ccc(S(=O)(=O)Nc3ccncc3)cc2)n1
1719,CCCS(=O)(=O)N1CCCC(Nc2ncccc2-c2c[nH]c3ncnc-3n2)C1
461,O=C(CCCCC(=O)N1CC=CCCOc2cccc(c2)-c2ccnc(n2)Nc2cccc(c2)C1)NO
607,CC(C)(C(=O)O)c1ccc(Nc2nn(C3CCC(N4CCC4)CC3C#N)cc2C(N)=O)cc1
3,NCCCn1c(C2CCNCC2)nc2cc(C(N)=O)ccc21
928,CN1CCN(c2ccc(Nc3nc4c(OCc5cccc(Cl)c5)cccn4n3)cc2)CC1
974,N#CC1CC(N2CCC2)CCC1n1cc(C(N)=O)c(Nc2ccc(OC(F)(F)F)cc2)n1
159,NC(=O)c1cnc(NC2CCCCC2N)nc1Nc1cccc(-n2nccn2)c1
36,C=Cc1nc(NC(=O)Nc2ccc(N3CCNCC3)cc2)nn1C(=C)c1ccc(S(C)(=O)=O)cc1
255,CCCOc1ccc(Cl)cc1-c1cccn2nc(Nc3ccc4c(c3)CCNCC4)nc12
1325,COc1ccc(C(F)(F)F)cc1-c1cccn2nc(Nc3ccc4c(c3)CCN(CCS(C)(=O)=O)CC4)nc12
931,CNCCNC(=O)c1cc(-c2ccnc(N)n2)[nH]c1-c1cc(Cl)ccc1C
506,NS(=O)(=O)N1CCC(NC(=O)c2cnn3ccc(N4CCCC4c4cc(F)ccc4F)nc23)CC1
1392,Cc1ccc(Cl)cc1-c1nn(C)cc1NC(=O)c1cnn2ccc(N)nc12
95,CC(C)N1CCC(S(=O)(=O)CC2CC(N(C)c3[nH]cnc4nccc3-4)C2)C1
603,CC1(C)CCCC1Nc1c(C(N)=O)cnn2cccc12
355,Cc1cc(Nc2nc3cccc(-c4cccc(S(C)(=O)=O)c4)n3n2)ccn1
1887,CCC(CO)Nc1ncc(-c2cnc3[nH]ccc3n2)c(NC2CCCN(S(C)(=O)=O)C2)n1
1752,N#CC1CCCCC1n1cc(C(N)=O)c(Nc2ccc(S(=O)(=O)NC3CCCCC3)cc2)n1
1133,Cc1cccc(CC2CCCN2S(=O)(=O)CC2CCC(N(C)c3[nH]cnc4nccc3-4)CC2)n1
172,O=C1NC(=O)C(c2c[nH]c3ccccc23)=C1Nc1cccc(OC2CCN(c3ccnc(F)c3)C2)c1
1817,CN1CCN(c2ccc(Nc3ncc4ccc(-c5cccc(S(=O)(=O)NC(C)(C)C)c5)n4n3)cc2)CC1
1299,CN(c1[nH]cnc2nccc1-2)C1CCC(CS(=O)(=O)N2CCC(CO)C2)CC1
1508,NC(=O)c1cc(-c2cc(CN3CCOCC3)co2)nc2c1[nH]c1cc(N3CCOCC3)ccc12
1514,N#CC1CC(NCC(F)(F)F)CCC1n1cc(C(N)=O)c(Nc2ccc(S(=O)(=O)C(F)(F)F)cc2)n1
1876,CN(C)C1CCN(c2ncc(-c3cnc4[nH]ccc4n3)c(NC3CCCN(S(C)(=O)=O)C3)n2)C1
587,N#Cc1ccc2oc(-c3nc(Nc4ccc(N5CCNCC5)cc4)ncc3C(F)(F)F)cc2c1
221,COc1cccc(CNc2cccn3nc(Nc4ccc(C)nc4)nc23)c1
1073,c1cc2c(ncc3onc(C4CCCCC4)c32)[nH]1
1728,CC(C)(C)N1CCN(Cc2ccc3c(c2)[nH]c2c(C(N)=O)cc(-c4cccc(Cl)c4)nc23)CC1
59,COc1cccc(NC(=O)c2cnc(N3CCN(c4ccccc4OC)CC3)c([N+](=O)[O-])c2)c1
1878,CS(=O)(=O)N1CCCC(Nc2nc(NCCO)ncc2-c2cnc3[nH]ccc3n2)C1
704,c1cc2c(ncc3nnc(C4CCCCC4)n32)[nH]1
827,N#CC1CCCC(F)C1n1cc(C(N)=O)c(Nc2ccccc2)n1
82,CN(c1[nH]cnc2nccc1-2)C1CC(NS(=O)(=O)c2cccc(C(C)(C)O)c2)C1
1079,CN(c1[nH]cnc2nccc1-2)C1CCC(CS(=O)(=O)N2CCC(OCC(=O)N3CCCC3)C2)CC1
1428,CN1CCN(c2ccc(Nc3nc4c(Nc5ccccc5S(C)(=O)=O)cccn4n3)cc2)CC1
727,Cc1ccc(NC(=O)c2cccc(C(F)(F)F)c2)cc1N1CCc2nc(Nc3ccc(OCCN4CCCC4)cc3)ncc2C1=O
433,O=c1[nH]c2cnc(-n3cnc4ccccc43)nc2n1C1CCOc2c(F)cccc21
1814,COc1ccccc1-c1ccc2cnc(Nc3cccc(N4CCOCC4)c3)nn12
1634,CC(C)(O)CN1CCN(c2cccc(Nc3nc4c(-c5ccc(S(C)(=O)=O)cc5)cccn4n3)c2)CC1
1043,CC1CN(S(=O)(=O)CC2CCC(N(C)c3[nH]cnc4nccc3-4)CC2)CC1S(C)(=O)=O
132,NCCn1c(Cc2ccccc2)nc2cc(C(N)=O)ccc21
485,N#CC1CC(C(=O)NCC(F)(F)F)CCC1n1cc(C(N)=O)c(Nc2ccc(Cl)cc2)n1
292,Cn1cc(F)cc(C2CCCN2c2ccn3ncc(C(=O)NC4(C)CC4)c3n2)c1=O
686,CP(C)(=O)c1ccc(-c2cccn3nc(N(CCS(C)(=O)=O)c4cccc(C5CCN(CCS(C)(=O)=O)CC5)c4)nc23)cc1
619,Clc1cnc2nc1NCCc1cccc(c1)OCCCc1cccc(c1)N2
116,COc1ccc(C(F)(F)F)cc1Nc1cccn2nc(Nc3cccc(N4CCN(C)CC4)c3)nc12
25,CCCCN(C)c1ncc(NS(=O)(=O)c2ccccc2C)cc1C(=O)O
1057,CNC(=O)c1ccc(Nc2ncc3c(n2)CCN(c2cc(NC(=O)c4cccc(C(F)(F)F)c4)ccc2C)C3)cn1
851,CCC1(CO)CCN(S(=O)(=O)CC2CCC(N(C)c3[nH]cnc4nccc3-4)CC2)C1
1083,CN1CCN(c2ccc(Nc3nc4c(NCc5ccccc5N(C)S(C)(=O)=O)cccn4n3)cc2)CC1
519,CC(=O)Nc1ccc(-c2ncnc3c2cc(C(N)=O)n3C)cc1
1635,CN1CCN(c2ccc(Nc3nc4c(C#Cc5ccccc5N(C)S(C)(=O)=O)cccn4n3)cc2)CC1
1776,CC(C)S(=O)(=O)N1CCCC(Nc2ncccc2-c2cnc3[nH]ccc3n2)C1
664,N#CC1CC(OCC2CC2)CCC1n1cc(C(N)=O)c(Nc2ccc(F)cc2)n1
1842,CCS(=O)(=O)N1CCCC(Nc2nc(C)ccc2-c2cnc3[nH]ccc3n2)C1
1565,Cc1ccc(-n2cc(-c3cccn4nc(Nc5ccc(C6CCNCC6)cc5)nc34)cn2)cc1
1884,CS(=O)(=O)N1CCCC(Nc2nc(N3CC(C#N)C3)ncc2-c2cnc3[nH]ccc3n2)C1
691,N#CC1CCCCC1n1cc(C(N)=O)c(Nc2ccc(Cl)c(Cl)c2)n1
289,CC(=O)N1CCC(Nc2c(C(N)=O)cnc3[nH]ccc23)CC1
1460,COc1cc(C(F)(F)F)ccc1-c1cccc2nc(Nc3ccc4c(c3)CCN(CCS(C)(=O)=O)CC4)nn12
1059,COc1ccc(C(F)(F)F)cc1-c1cccn2nc(Nc3ccc(N4CCN(C)CC4)cc3)nc12
478,CC(=O)N1CCC(NC(=O)Nc2cnc3[nH]ccc3n2)CC1
919,CN(c1[nH]cnc2nccc1-2)C1CCC(CS(=O)(=O)N2CCC(O)C2)CC1
895,Cc1ccc(NC(=O)c2cc(C(F)(F)F)ccn2)cc1N1CCc2nc(Nc3ccc(N4CCN(C)CC4)cc3)ncc2C1=O
672,N#Cc1cccc(C#N)c1-c1nc2c3ccccc3c3cc(Cl)ccc3c2[nH]1
1393,CN(c1[nH]cnc2nccc1-2)C1CCC(CS(=O)(=O)N2CCC(O)(Cn3cccn3)C2)CC1
1654,[C-]#[N+]C1CCCCC1n1cc(C(N)=O)c(Nc2ccc(C(C)=NOC)cc2)n1
563,CC(c1ccccc1)N(C)c1ccnc(-n2cnc3ccncc32)n1
790,O=C(Nc1nc2cccc(-c3ccc(C(=O)N4CCS(=O)(=O)CC4)cc3)n2n1)C1CC1
1118,CN(c1[nH]cnc2nccc1-2)C1CCC(CS(=O)(=O)N2CCC(O)(COc3cccc(F)c3)C2)CC1
1355,COc1ccc(F)cc1-c1cccn2nc(Nc3ccc4c(c3)CCN(CC(=O)N(C)C)CC4)nc12
1155,CC(NC1CCC(n2cc(C(N)=O)c(Nc3ccc(S(=O)(=O)C(F)(F)F)cc3)n2)C(C#N)C1)C1CC1
677,CNc1nc(Nc2cnn(C(CC(N)=O)C3CCCCC3)c2)ncc1C(F)(F)F
508,CN(C)C(=O)CN1CCc2ccc(Nc3nc4c(-c5ccccc5OCC(F)F)cccn4n3)cc2CC1
142,c1nc(-c2cn(CC3CO3)nn2)c2cc[nH]c2n1
945,COCC(C)(C)NC1CCC(n2cc(C(N)=O)c(Nc3ccc(Cl)cc3)n2)C(C#N)C1
726,CC(NC(=O)c1c[nH]c2ncc(-n3ncc4cc(Cl)ccc43)nc12)C(=O)N1CC(C#N)C1
1036,CCOc1ccc(Cl)cc1-c1cccn2nc(Nc3ccc4c(c3)CCNCC4)nc12
1762,O=C(NO)C1CCN(CCOc2ccc3cc2COCC=CCOCc2cccc(c2)-c2ccnc(n2)N3)CC1
646,COC(=O)c1cccc2[nH]c3c(C(N)=O)cc(-c4cccc(OC)c4)cc3c12
171,Cn1cc2c(Nc3nc(NC4CCOCC4N)cc4cc[nH]c(=O)c34)cccc2n1
1604,N#CC1CCCCC1n1cc(C(N)=O)c(Nc2ccc(C(O)C(F)F)nc2)n1
1160,CN(C)C1CCC(n2cc(C(N)=O)c(Nc3ccc(Cl)cc3)n2)C(C#N)C1
287,CN1CCN(c2cccc(Nc3nc4c(NCc5cccnc5)cccn4n3)c2)CC1
1809,CS(=O)(=O)c1ccc(-c2cccn3nc(Nc4cccc(C5CCN(CC(N)=O)CC5)c4)nc23)cc1
885,CN1CCN(C(=O)c2ccc3c(c2)[nH]c2c(C(N)=O)ccc(-c4ccccc4F)c23)CC1
1826,CC(C)(C)NS(=O)(=O)N1CCCC(Nc2ncccc2-c2cnc3[nH]ccc3n2)C1
926,CN(c1ccccc1CNc1cccn2nc(Nc3ccc(OCCN4CCCC4)cc3)nc12)S(C)(=O)=O
1533,N#Cc1ccc2ncn(-c3ncc4[nH]c(=O)n(C5CCOc6c(F)cccc65)c4n3)c2c1
1300,CS(=O)(=O)c1ccccc1Nc1cccn2nc(Nc3ccc(OCCN4CCCC4)cc3)nc12
19,COc1ccc(-c2nc3[nH]cc(Cl)c(NC4CCN(C)CC4)c-3n2)cc1
323,CC(C)CS(=O)(=O)NC1CC(N(C)c2[nH]cnc3nccc2-3)C1
1035,CN(c1ncccc1Nc1cccn2nc(Nc3ccc(OCCN4CCCC4)cc3)nc12)S(C)(=O)=O
1899,COC(=O)N1CCC(Nc2ncccc2-c2cnc3[nH]ccc3n2)C1
830,CC1(CNC(=O)C2CCC(n3cc(C(N)=O)c(Nc4ccc(Cl)cc4)n3)C(C#N)C2)COC1
111,COc1ccccc1Nc1nc2c(-c3cccc(C(F)(F)F)c3)cccn2n1
123,NCCc1nc2cc(C(N)=O)ccc2n1CCN
1575,CC1(c2ccc(Nc3nn(C4CCC(O)CC4C#N)cc3C(N)=O)cc2)COC1
190,O=C1NC(=O)C(c2c[nH]c3ccccc23)=C1Nc1cccc(OC2CCN(c3ccnc(F)c3)CC2)c1
611,CN(c1[nH]cnc2nccc1-2)C1CCC(CS(=O)(=O)N2CCCC(CN3CCCC3)C2)CC1
1681,CN1CCN(c2ccc(Nc3nc4c(-c5ccc(S(=O)(=O)N(C)C)cc5)cccn4n3)cc2)CC1
1640,CN1CCN(Cc2ccc(Nc3nc4c(-c5ccc(S(C)(=O)=O)cc5)cccn4n3)cc2)CC1
1154,[C-]#[N+]C1CC(N2CCC2)CCC1n1cc(C(N)=O)c(Nc2ccc(C(F)(F)F)cc2)n1
1415,N#CC1CC(OCC2CC2)CCC1n1cc(C(N)=O)c(Nc2ccc(C(O)C(F)(F)F)cc2)n1
20,C#Cc1ccc(-c2nc(-c3cc[nH]c(=O)c3)c(-c3ccc(F)cc3)[nH]2)cc1
1007,N#CC1CCCCC1n1cc(C(N)=O)c(Nc2cccnc2)n1
352,COc1cc(Nc2nc3cccc(-c4cccc5[nH]cnc45)c3o2)cc(OC)c1OC
353,Nc1ccc2cc1CCc1cncc(c1)Nc1ncc(Cl)c(n1)NC2
1666,CC(=O)c1ccc(Nc2nn(C3CCCCC3C#N)cc2C(N)=O)cc1
343,CC=CC(=O)Nc1cccc(-c2ncnc3[nH]cc(C(=O)OCC)c23)c1
1444,N#CC1CC(NCC2CC2)CCC1n1cc(C(N)=O)c(Nc2ccc(S(=O)(=O)C(F)(F)F)cc2)n1
1794,CC(C)CS(=O)(=O)N1CCCC(Nc2ncccc2-c2cnc3ccn(C)c3n2)C1
773,NC(=O)c1cc(-c2cc(N)ncn2)cn1-c1cc(C(F)(F)F)ccc1Cl
118,COc1ccc(CNc2cccn3nc(Nc4ccc(N5CCN(C)CC5)cc4)nc23)cc1
1555,CS(=O)(=O)c1cccc(-c2cccc3nc(Nc4ccc(CN5CCOCC5)cc4)nn23)c1
1321,CC(C)C(C)n1cc(-c2ccc(N3CCOCC3)cn2)c2n[nH]c(N)c2c1=O
1430,CS(=O)(=O)NC1CCC(n2cc(C(N)=O)c(Nc3ccc(Cl)cc3)n2)C(C#N)C1
