"T, K","?, kg/m3","T, K","?, kg/m3","T, K","?, kg/m3","T, K","?, kg/m3",,"T, K","?, kg/m3"
273.160*,999.793,352,972.479,432,908.571,512,814.982,592,,669.930
274,999.843,354,971.235,434,906.617,514,812.164,594,,664.974
276,999.914,356,969.972,436,904.645,516,809.318,596,,659.907
278,999.919,358,968.689,438,902.656,518,806.441,598,,654.722
280,999.862,360,967.386,440,900.649,520,803.535,600,,649.411
282,999.746,362,966.064,442,898.624,522,800.597,602,,643.97
284,999.575,364,964.723,444,896.580,524,797.629,604,,638.38
286,999.352,366,963.363,446,894.519,526,794.628,606,,632.64
288,999.079,368,961.984,448,892.439,528,791.594,608,,626.74
290,998.758,370,960.587,450,890.341,530,788.527,610,,620.65
292,998.392,372,959.171,452,888.225,532,785.425,612,,614.37
294,997.983,374,957.737,454,886.089,534,782.288,614,,607.88
296,997.532,376,956.285,456,883.935,536,779.115,616,,601.15
298,997.042,378,954.815,458,881.761,538,775.905,618,,594.16
300,996.513,380,953.327,460,879.569,540,772.657,620,,586.88
302,995.948,382,951.822,462,877.357,542,769.369,622,,579.26
304,995.346,384,950.298,464,875.125,544,766.042,624,,571.25
"T, K?, kg/mT, K?, kg/mT, K?, kg/mT, K?, kg/mT, K?, kg/m306994.711386948.758466872.873546762.674626562.81308994.042388947.199468870.601548759.263628553.84310993.342390945.624470868.310550755.808630544.25312992.610392944.030472865.997552752.308632533.92314991.848394942.420474863.664554748.762634522.71316991.056396940.793476861.310556745.169636510.42318990.235398939.148478858.934558741.525638496.82320989.387400937.486480856.537560737.831640481.53322988.512402935.807482854.118562734.084641473.01324987.610404934.111484851.678564730.283642463.67326986.682406932.398486849.214566726.425643453.14328985.728408930.668488846.728568722.508644440.73330984.750410928.921490844.219570718.530645425.05332983.747412927.157492841.686572714.489646402.96334982.721414925.375494839.130574710.382647357.34336981.671416923.577496836.549576706.206647.096†322338980.599418921.761498833.944578701.959340979.503420919.929500831.313580697.638342978.386422918.079502828.658582693.238344977.247424916.212504825.976584688.757346976.086426914.328506823.269586684.190348974.904428912.426508820.534588679.533350973.702430910.507510817.772590674.781*Triple point†Critical pointFrom Wagner, W., and Pruss, A., ""The IAPWS Formulation 1995 for the Thermodynamic Properties of Ordinary Water Substance forGeneral and Scientific Use,"" J. Phys. Chem. Ref. Data  31(2):387–535, 2002.","T, K","?, kg/m","T, K","?, kg/m","T, K","?, kg/m","T, K","?, kg/m","T, K","?, kg/m"
306,994.711,386,948.758,466,872.873,546,762.674,626,562.81,
308,994.042,388,947.199,468,870.601,548,759.263,628,553.84,
310,993.342,390,945.624,470,868.310,550,755.808,630,544.25,
312,992.610,392,944.030,472,865.997,552,752.308,632,533.92,
314,991.848,394,942.420,474,863.664,554,748.762,634,522.71,
316,991.056,396,940.793,476,861.310,556,745.169,636,510.42,
318,990.235,398,939.148,478,858.934,558,741.525,638,496.82,
320,989.387,400,937.486,480,856.537,560,737.831,640,481.53,
322,988.512,402,935.807,482,854.118,562,734.084,641,473.01,
324,987.610,404,934.111,484,851.678,564,730.283,642,463.67,
326,986.682,406,932.398,486,849.214,566,726.425,643,453.14,
328,985.728,408,930.668,488,846.728,568,722.508,644,440.73,
330,984.750,410,928.921,490,844.219,570,718.530,645,425.05,
332,983.747,412,927.157,492,841.686,572,714.489,646,402.96,
334,982.721,414,925.375,494,839.130,574,710.382,647,357.34,
336,981.671,416,923.577,496,836.549,576,706.206,647.096†,322,
338,980.599,418,921.761,498,833.944,578,701.959,,,
340,979.503,420,919.929,500,831.313,580,697.638,,,
342,978.386,422,918.079,502,828.658,582,693.238,,,
344,977.247,424,916.212,504,825.976,584,688.757,,,
346,976.086,426,914.328,506,823.269,586,684.190,,,
348,974.904,428,912.426,508,820.534,588,679.533,,,
350,973.702,430,910.507,510,817.772,590,674.781,,,
*Triple point,,,,,,,,,,
†Critical point,,,,,,,,,,
"From Wagner, W., and Pruss, A., ""The IAPWS Formulation 1995 for the Thermodynamic Properties of Ordinary Water Substance forGeneral and Scientific Use,"" J. Phys. Chem. Ref. Data  31(2):387–535, 2002.",,,,,,,,,,
Click here for the Natural Convection Heat Transfer Coefficients  spreadsheet calculator.
Click here for the Forced Convection Heat Transfer Coefficients spreadsheet calculator.
Click here for the Thermal Design of Double Pipe Heat Exchangers  spreadsheet calculator.
Click here for the Venturi Meter Liquid Flow Calculations  spreadsheet calculator.
Click here for the Incompressible Orifice Flow Meter Calculations  spreadsheet calculator.
Click here for the Incompressible Flow in Pipes and Channels spreadsheet calculator.
Click here for the Incompressible Annulus and Duct Flow Calculations  spreadsheet calculator.
Eqn,Cmp,Nam,For,CAS,Mol.,C1,C2,C3,C4,C5,C6,C7,"Tmin,",Den,"Tmax,",Den
"",d.,e,mul,,wt.,,,,,,,,K,sity,K,sity
"",no.,,a,,,,,,,,,,,at,,at
"",,,,,,,,,,,,,,Tmin,,Tmax
105,1,Ace,C2H,75-,44.0,1.71,0.26,466,0.28,,,,149.,21.4,466.,6.49
"",,tald,4O,07-0,525,136,355,,571,,,,78,23,00,35
"",,ehy,,,6,5,,,,,,,,,,
"",,de,,,,,,,,,,,,,,
105,2,Ace,C2H,60-,59.0,1.01,0.21,761,0.26,,,,353.,16.9,761.,4.65
"",,tami,5NO,35-5,672,6,845,,116,,,,33,36,00,09
"",,de,,,,,,,,,,,,,,
105,3,Ace,C2H,64-,60.0,1.44,0.25,591.,0.25,,,,289.,17.4,591.,5.59
"",,tic,4O2,19-7,52,86,892,95,29,,,,81,92,95,48
"",,acid,,,,,,,,,,,,,,
105,4,Ace,C4H,108-,102.,0.79,0.24,606,0.29,,,,200.,11.6,606.,3.29
"",,tic,6O3,24-7,088,388,119,,817,,,,15,26,00,15
"",,anh,,,64,,,,,,,,,,,
"",,ydri,,,,,,,,,,,,,,
"",,de,,,,,,,,,,,,,,
105,5,Ace,C3H,67-,58.0,1.23,0.25,508.,0.29,,,,178.,15.6,508.,4.76
"",,tone,6O,64-1,791,32,886,2,13,,,,45,83,20,40
"",,,,,4,,,,,,,,,,,
105,6,Ace,C2H,75-,41.0,1.06,0.20,545.,0.24,,,,229.,20.5,545.,5.17
"",,tonit,3N,05-8,519,93,656,5,699,,,,32,44,50,67
"",,rile,,,,,,,,,,,,,,
105,7,Ace,C2H,74-,26.0,2.45,0.27,308.,0.28,,,,192.,23.6,308.,8.92
"",,tyle,2,86-2,372,07,448,3,752,,,,40,92,30,85
"",,ne,,,8,,,,,,,,,,,
105,8,Acr,C3H,107-,56.0,1.32,0.26,506,0.24,,,,185.,16.8,506.,5.07
"",,olei,4O,02-8,632,61,124,,89,,,,45,22,00,62
"",,n,,,6,,,,,,,,,,,
105,9,Acry,C3H,79-,72.0,1.24,0.25,615,0.30,,,,286.,14.6,615.,4.80
"",,lic,4O2,10-7,626,14,822,,701,,,,15,93,00,75
"",,acid,,,6,,,,,,,,,,,
Eqn,Cmp,Nam,For,CAS,Mol.,C,C,C,C,C,C,C,"T ,",,Den,T,",",,Den
"",d.,e,mul,,wt.,,,,,,,,K,,sity,K,,,sity
"",no.,,a,,,,,,,,,,,,at,,,,at
"",,,,,,,,,,,,,,,T,,,,T
105,10,Acry,C3H,107-,53.0,1.03,0.22,540,0.28,,,,189.,,17.2,540.,,,4.62
"",,lonit,3N,13-1,626,79,465,,921,,,,63,,54,00,,,01
"",,rile,,,,,,,,,,,,,,,,,
105,11,Air,Mixt,132,28.9,2.89,0.26,132.,0.27,,,,59.1,,33.2,132.,,,10.8
"",,,ure,259-,6,63,733,45,341,,,,5,,79,45,,,340
"",,,,10-0,,,,,,,,,,,,,,,
105,12,Am,H3N,766,17.0,3.53,0.25,405.,0.28,,,,195.,,43.1,405.,,,13.9
"",,mon,,4-,305,83,443,65,88,,,,41,,41,65,,,070
"",,ia,,41-7,2,,,,,,,,,,,,,,
105,13,Anis,C7H,100-,108.,0.77,0.26,645.,0.28,,,,235.,,9.66,645.,,,2.96
"",,ole,8O,66-3,137,488,114,6,234,,,,65,,75,60,,,73
"",,,,,82,,,,,,,,,,,,,,
105,14,Arg,Ar,744,39.9,3.84,0.28,150.,0.29,,,,83.7,,35.4,150.,,,13.3
"",,on,,0-,48,69,81,86,783,,,,8,,91,86,,,530
"",,,,37-1,,,,,,,,,,,,,,,
105,15,Ben,C7H,55-,121.,0.73,0.25,824,0.28,,,,403.,,8.93,824.,,,2.89
"",,zam,7NO,21-0,136,71,487,,571,,,,00,,81,00,,,21
"",,ide,,,58,,,,,,,,,,,,,,
105,16,Ben,C6H,71-,78.1,1.02,0.26,562.,0.28,,,,278.,,11.4,562.,,,3.84
"",,zen,6,43-2,118,59,666,05,394,,,,68,,22,05,,,72
"",,e,,,4,,,,,,,,,,,,,,
105,17,Ben,C6H,108-,110.,0.83,0.26,689,0.30,,,,258.,,10.0,689.,,,3.17
"",,zen,6S,98-5,176,573,326,,798,,,,27,,74,00,,,45
"",,ethi,,,84,,,,,,,,,,,,,,
"",,ol,,,,,,,,,,,,,,,,,
105,18,Ben,C7H,65-,122.,0.71,0.24,751,0.28,,,,395.,,8.89,751.,,,2.88
"",,zoic,6O2,85-0,121,587,812,,57,,,,45,,35,00,,,52
"",,acid,,,34,,,,,,,,,,,,,,
105,19,Ben,C7H,100-,103.,0.72,0.24,702.,0.28,,,,260.,,10.0,702.,,,2.93
"",,zoni,5N,47-0,121,184,606,3,789,,,,28,,08,30,,,36
"",,trile,,,3,,,,,,,,,,,,,,
105,20,Ben,C13,119-,182.,0.43,0.24,830,0.27,,,,321.,,5.94,830.,,,1.76
"",,zop,H10,61-9,217,743,833,,555,,,,35,,96,00,,,15
"",,hen,O,,9,,,,,,,,,,,,,,
"",,one,,,,,,,,,,,,,,,,,
105,21,Ben,C7H,100-,108.,0.59,0.22,720.,0.23,,,,257.,,9.90,720.,,,2.62
"",,zyl,8O,51-6,137,867,849,15,567,,,,85,,51,15,,,01
"",,alco,,,82,,,,,,,,,,,,,,
"",,hol,,,,,,,,,,,,,,,,,
105,22,Ben,C9H,539-,136.,0.60,0.26,662,0.26,,,,275.,,7.06,662.,,,2.26
"",,zyl,12O,30-0,190,917,925,,32,,,,65,,51,00,,,25
"",,ethy,,,98,,,,,,,,,,,,,,
"",,l,,,,,,,,,,,,,,,,,
"",,ethe,,,,,,,,,,,,,,,,,
"",,r,,,,,,,,,,,,,,,,,
Eqn,Cmp,Nam,For,CAS,Mol.,C,C,C,C,C,C,C,"T ,",,Den,T,",",,Den
"",d.,e,mul,,wt.,,,,,,,,K,,sity,K,,,sity
"",no.,,a,,,,,,,,,,,,at,,,,at
"",,,,,,,,,,,,,,,T,,,,T
105,23,Ben,C7H,100-,124.,0.70,0.25,718,0.32,,,,243.,,8.86,718.,,,2.72
"",,zyl,8S,53-8,203,797,982,,144,,,,95,,23,00,,,48
"",,mer,,,42,,,,,,,,,,,,,,
"",,capt,,,,,,,,,,,,,,,,,
"",,an,,,,,,,,,,,,,,,,,
105,24,Biph,C12,92-,154.,0.52,0.25,773,0.27,,,,342.,,6.42,773.,,,2.02
"",,enyl,H10,52-4,207,257,833,,026,,,,20,,51,00,,,29
"",,,,,8,,,,,,,,,,,,,,
105,25,Bro,Br2,772,159.,2.18,0.29,584.,0.32,,,,265.,,20.1,584.,,,7.40
"",,min,,6-,808,72,527,15,95,,,,85,,09,15,,,75
"",,e,,95-6,,,,,,,,,,,,,,,
105,26,Bro,C6H,108-,157.,0.82,0.26,670.,0.28,,,,242.,,9.90,670.,,,3.08
"",,mob,5Br,86-1,007,26,632,15,21,,,,43,,87,15,,,88
"",,enz,,,9,,,,,,,,,,,,,,
"",,ene,,,,,,,,,,,,,,,,,
105,27,Bro,C2H,74-,108.,1.32,0.27,503.,0.30,,,,154.,,15.8,503.,,,4.90
"",,moe,5Br,96-4,965,85,08,8,12,,,,25,,09,80,,,58
"",,than,,,,,,,,,,,,,,,,,
"",,e,,,,,,,,,,,,,,,,,
105,28,Bro,CH3,74-,94.9,1.79,0.27,464,0.28,,,,173.,,20.7,464.,,,6.63
"",,mo,Br,83-9,385,6,065,,947,,,,00,,87,00,,,59
"",,met,,,2,,,,,,,,,,,,,,
"",,han,,,,,,,,,,,,,,,,,
"",,e,,,,,,,,,,,,,,,,,
105,29,"1,2-",C4H,590-,54.0,1.18,0.26,452,0.30,,,,136.,,15.1,452.,,,4.54
"",,But,6,19-2,904,7,114,,65,,,,95,,23,00,,,55
"",,adie,,,4,,,,,,,,,,,,,,
"",,ne,,,,,,,,,,,,,,,,,
105,30,"1,3-",C4H,106-,54.0,1.23,0.27,425,0.28,,,,164.,,14.0,425.,,,4.53
"",,But,6,99-0,904,46,216,,707,,,,25,,58,00,,,63
"",,adie,,,4,,,,,,,,,,,,,,
"",,ne,,,,,,,,,,,,,,,,,
105,31,But,C4H,106-,58.1,1.06,0.27,425.,0.28,,,,134.,,12.6,425.,,,3.92
"",,ane,10,97-8,222,77,188,12,688,,,,86,,2,12,,,71
105,32,"1,2-",C4H,584-,90.1,0.81,0.24,680,0.24,,,,220.,,11.7,680.,,,3.30
"",,But,10O2,03-2,21,696,755,,535,,,,00,,34,00,,,02
"",,ane,,,,,,,,,,,,,,,,,
"",,diol,,,,,,,,,,,,,,,,,
105,33,"1,3-",C4H,107-,90.1,0.81,0.24,676,0.22,,,,196.,,11.8,676.,,,3.27
"",,But,10O2,88-0,21,856,967,,023,,,,15,,72,00,,,86
"",,ane,,,,,,,,,,,,,,,,,
"",,diol,,,,,,,,,,,,,,,,,
105,34,1-,C4H,71-,74.1,0.98,0.26,563.,0.25,,,,183.,,12.0,563.,,,3.66
"",,But,10O,36-3,216,279,83,1,488,,,,85,,35,10,,,30
"",,anol,,,,,,,,,,,,,,,,,
Eqn,Cmp,Nam,For,CAS,Mol.,C,C,C,C,C,C,C,"T ,",,Den,T,",",,Den
"",d.,e,mul,,wt.,,,,,,,,K,,sity,K,,,sity
"",no.,,a,,,,,,,,,,,,at,,,,at
"",,,,,,,,,,,,,,,T,,,,T
105,35,2-,C4H,78-,74.1,0.97,0.26,535.,0.26,,,,158.,,12.4,535.,,,3.70
"",,But,10O,92-2,216,552,339,9,864,,,,45,,73,90,,,37
"",,anol,,,,,,,,,,,,,,,,,
105,36,1-,C4H,106-,56.1,1.08,0.26,419.,0.28,,,,87.8,,14.2,419.,,,4.11
"",,But,8,98-9,063,77,454,5,43,,,,0,,64,50,,,17
"",,ene,,,2,,,,,,,,,,,,,,
105,37,cis-,C4H,590-,56.1,1.15,0.27,435.,0.28,,,,134.,,13.8,435.,,,4.27
"",,2-,8,18-1,063,91,085,5,116,,,,26,,94,50,,,95
"",,But,,,2,,,,,,,,,,,,,,
"",,ene,,,,,,,,,,,,,,,,,
105,38,tran,C4H,624-,56.1,1.14,0.27,428.,0.28,,,,167.,,13.0,428.,,,4.21
"",,s-2-,8,64-6,063,48,154,6,419,,,,62,,8,60,,,60
"",,But,,,2,,,,,,,,,,,,,,
"",,ene,,,,,,,,,,,,,,,,,
105,39,Buty,C6H,123-,116.,0.67,0.26,575.,0.29,,,,199.,,8.33,575.,,,2.57
"",,l,12O2,86-4,158,794,37,4,318,,,,65,,65,40,,,09
"",,acet,,,28,,,,,,,,,,,,,,
"",,ate,,,,,,,,,,,,,,,,,
105,40,Buty,C10,104-,134.,0.50,0.25,660.,0.29,,,,185.,,7.02,660.,,,2.01
"",,lben,H14,51-8,218,812,238,5,373,,,,30,,64,50,,,33
"",,zen,,,16,,,,,,,,,,,,,,
"",,e,,,,,,,,,,,,,,,,,
105,41,Buty,C4H,109-,90.1,0.89,0.27,570.,0.28,,,,157.,,10.5,570.,,,3.25
"",,l,10S,79-5,872,458,463,1,512,,,,46,,85,10,,,74
"",,mer,,,,,,,,,,,,,,,,,
"",,capt,,,,,,,,,,,,,,,,,
"",,an,,,,,,,,,,,,,,,,,
105,42,sec-,C4H,513-,90.1,0.89,0.27,554,0.29,,,,133.,,10.7,554.,,,3.25
"",,Buty,10S,53-1,872,137,365,,53,,,,02,,61,00,,,73
"",,l,,,,,,,,,,,,,,,,,
"",,mer,,,,,,,,,,,,,,,,,
"",,capt,,,,,,,,,,,,,,,,,
"",,an,,,,,,,,,,,,,,,,,
105,43,1-,C4H,107-,54.0,1.34,0.27,440,0.29,,,,147.,,14.9,440.,,,4.80
"",,Buty,6,00-6,904,09,892,,661,,,,43,,01,00,,,75
"",,ne,,,4,,,,,,,,,,,,,,
105,44,Buty,C4H,123-,72.1,1.03,0.26,537.,0.28,,,,176.,,12.6,537.,,,3.87
"",,rald,8O,72-8,057,387,673,2,571,,,,80,,02,20,,,60
"",,ehy,,,2,3,9,,,,,,,,,,,,
"",,de,,,,,,,,,,,,,,,,,
105,45,Buty,C4H,107-,88.1,0.88,0.25,615.,0.24,,,,267.,,11.0,615.,,,3.42
"",,ric,8O2,92-6,051,443,828,7,8,,,,95,,87,70,,,43
"",,acid,,,,,,,,,,,,,,,,,
105,46,Buty,C4H,109-,69.1,0.79,0.23,585.,0.28,,,,161.,,13.0,585.,,,3.44
"",,roni,7N,74-0,051,716,168,4,071,,,,30,,87,40,,,08
"",,trile,,,,,,,,,,,,,,,,,
Eqn,Cmp,Nam,For,CAS,Mol.,C,C,C,C,C,C,C,"T ,",,Den,T,",",,Den
"",d.,e,mul,,wt.,,,,,,,,K,,sity,K,,,sity
"",no.,,a,,,,,,,,,,,,at,,,,at
"",,,,,,,,,,,,,,,T,,,,T
105,47,Car,CO2,124-,44.0,2.76,0.26,304.,0.29,,,,216.,,26.8,304.,,,10.5
"",,bon,,38-9,095,8,212,21,08,,,,58,,28,21,,,600
"",,diox,,,,,,,,,,,,,,,,,
"",,ide,,,,,,,,,,,,,,,,,
105,48,Car,CS2,75-,76.1,1.79,0.28,552,0.32,,,,161.,,19.0,552.,,,6.25
"",,bon,,15-0,407,68,749,,26,,,,11,,64,00,,,00
"",,disu,,,,,,,,,,,,,,,,,
"",,lfide,,,,,,,,,,,,,,,,,
105,49,Car,CO,630-,28.0,2.89,0.27,132.,0.28,,,,68.1,,30.1,132.,,,10.5
"",,bon,,08-0,101,7,532,92,13,,,,5,,8,92,,,220
"",,mon,,,,,,,,,,,,,,,,,
"",,oxid,,,,,,,,,,,,,,,,,
"",,e,,,,,,,,,,,,,,,,,
105,50,Car,CCl4,56-,153.,0.99,0.27,556.,0.28,,,,250.,,10.8,556.,,,3.64
"",,bon,,23-5,822,835,4,35,7,,,,33,,43,35,,,36
"",,tetr,,,7,,,,,,,,,,,,,,
"",,achl,,,,,,,,,,,,,,,,,
"",,orid,,,,,,,,,,,,,,,,,
"",,e,,,,,,,,,,,,,,,,,
105,51,Car,CF4,75-,88.0,1.95,0.27,227.,0.28,,,,89.5,,21.2,227.,,,7.01
"",,bon,,73-0,043,5,884,51,571,,,,6,,11,51,,,12
"",,tetr,,,,,,,,,,,,,,,,,
"",,aflu,,,,,,,,,,,,,,,,,
"",,orid,,,,,,,,,,,,,,,,,
"",,e,,,,,,,,,,,,,,,,,
105,52,Chlo,Cl2,778,70.9,2.23,0.27,417.,0.29,,,,172.,,24.2,417.,,,8.06
"",,rine,,2-,06,,645,15,26,,,,12,,42,15,,,66
"",,,,50-5,,,,,,,,,,,,,,,
105,53,Chlo,C6H,108-,112.,0.87,0.26,632.,0.27,,,,227.,,10.3,632.,,,3.24
"",,robe,5Cl,90-7,556,11,805,35,99,,,,95,,85,35,,,98
"",,nze,,,9,,,,,,,,,,,,,,
"",,ne,,,,,,,,,,,,,,,,,
105,54,Chlo,C2H,75-,64.5,1.39,0.26,460.,0.28,,,,136.,,17.0,460.,,,5.19
"",,roet,5Cl,00-3,141,625,867,35,571,,,,75,,55,35,,,69
"",,han,,,,,,,,,,,,,,,,,
"",,e,,,,,,,,,,,,,,,,,
105,55,Chlo,CHC,67-,119.,1.08,0.25,536.,0.27,,,,209.,,13.7,536.,,,4.20
"",,rofo,l3,66-3,377,41,81,4,41,,,,63,,02,40,,,03
"",,rm,,,64,,,,,,,,,,,,,,
105,56,Chlo,CH3,74-,50.4,1.86,0.26,416.,0.28,,,,175.,,22.2,416.,,,7.09
"",,rom,Cl,87-3,875,51,27,25,571,,,,43,,72,25,,,97
"",,etha,,,,,,,,,,,,,,,,,
"",,ne,,,,,,,,,,,,,,,,,
105,57,1-,C3H,540-,78.5,1.12,0.27,503.,0.28,,,,150.,,13.3,503.,,,4.12
"",,Chlo,7Cl,54-5,406,465,28,15,571,,,,35,,33,15,,,26
"",,ropr,,,8,,,,,,,,,,,,,,
"",,opa,,,,,,,,,,,,,,,,,
"",,ne,,,,,,,,,,,,,,,,,
Eqn,Cmp,Nam,For,CAS,Mol.,C,C,C,C,C,C,C,"T ,",,Den,T,",",,Den
"",d.,e,mul,,wt.,,,,,,,,K,,sity,K,,,sity
"",no.,,a,,,,,,,,,,,,at,,,,at
"",,,,,,,,,,,,,,,T,,,,T
105,58,2-,C3H,75-,78.5,1.12,0.27,489,0.27,,,,155.,,12.8,489.,,,4.04
"",,Chlo,7Cl,29-6,406,02,669,,646,,,,97,,55,00,,,86
"",,ropr,,,8,,,,,,,,,,,,,,
"",,opa,,,,,,,,,,,,,,,,,
"",,ne,,,,,,,,,,,,,,,,,
105,59,m-,C7H,108-,108.,0.90,0.28,705.,0.27,,,,285.,,9.61,705.,,,3.20
"",,Cre,8O,39-4,137,61,268,85,07,,,,39,,15,85,,,54
"",,sol,,,82,,,,,,,,,,,,,,
105,60,o-,C7H,95-,108.,0.95,0.28,697.,0.28,,,,304.,,9.57,697.,,,3.32
"",,Cre,8O,48-7,137,937,82,55,57,,,,19,,25,55,,,88
"",,sol,,,82,,,,,,,,,,,,,,
105,61,p-,C7H,106-,108.,1.15,0.31,704.,0.30,,,,307.,,9.44,704.,,,3.61
"",,Cre,8O,44-5,137,03,861,65,104,,,,93,,94,65,,,04
"",,sol,,,82,,,,,,,,,,,,,,
105,62,Cu,C9H,98-,120.,0.58,0.25,631,0.28,,,,177.,,7.93,631.,,,2.29
"",,men,12,82-8,191,711,583,,498,,,,14,,87,00,,,49
"",,e,,,58,,,,,,,,,,,,,,
105,63,Cya,C2N,460-,52.0,1.78,0.26,400.,0.26,,,,245.,,18.5,400.,,,6.63
"",,nog,2,19-5,348,05,846,15,079,,,,25,,17,15,,,23
"",,en,,,,,,,,,,,,,,,,,
105,64,Cycl,C4H,287-,56.1,1.39,0.29,459.,0.24,,,,182.,,14.0,459.,,,4.76
"",,obut,8,23-0,063,31,255,93,913,,,,48,,74,93,,,19
"",,ane,,,2,,,,,,,,,,,,,,
105,65,Cycl,C6H,110-,84.1,0.88,0.27,553.,0.28,,,,279.,,9.38,553.,,,3.25
"",,ohe,12,82-7,594,998,376,8,571,,,,69,,04,80,,,09
"",,xan,,,8,,,,,,,,,,,,,,
"",,e,,,,,,,,,,,,,,,,,
105,66,Cycl,C6H,108-,100.,0.82,0.26,650.,0.28,,,,296.,,9.46,650.,,,3.10
"",,ohe,12O,93-0,158,43,545,1,495,,,,60,,93,10,,,53
"",,xan,,,88,,,,,,,,,,,,,,
"",,ol,,,,,,,,,,,,,,,,,
105,67,Cycl,C6H,108-,98.1,0.86,0.26,653,0.29,,,,242.,,10.0,653.,,,3.21
"",,ohe,10O,94-1,43,464,888,,943,,,,00,,9,00,,,57
"",,xan,,,,,,,,,,,,,,,,,
"",,one,,,,,,,,,,,,,,,,,
105,68,Cycl,C6H,110-,82.1,0.92,0.27,560.,0.28,,,,169.,,11.1,560.,,,3.43
"",,ohe,10,83-8,436,997,056,4,943,,,,67,,6,40,,,72
"",,xen,,,,,,,,,,,,,,,,,
"",,e,,,,,,,,,,,,,,,,,
105,69,Cycl,C5H,287-,70.1,1.08,0.28,511.,0.25,,,,179.,,11.9,511.,,,3.84
"",,ope,10,92-3,329,97,356,7,142,,,,28,,06,70,,,29
"",,ntan,,,,,,,,,,,,,,,,,
"",,e,,,,,,,,,,,,,,,,,
Eqn,Cmp,Nam,For,CAS,Mol.,C,C,C,C,C,C,C,"T ,",,Den,T,",",,Den
"",d.,e,mul,,wt.,,,,,,,,K,,sity,K,,,sity
"",no.,,a,,,,,,,,,,,,at,,,,at
"",,,,,,,,,,,,,,,T,,,,T
105,70,Cycl,C5H,142-,68.1,1.10,0.27,507,0.28,,,,138.,,13.4,507.,,,4.08
"",,ope,8,29-0,170,35,035,,699,,,,13,,7,00,,,17
"",,nten,,,2,,,,,,,,,,,,,,
"",,e,,,,,,,,,,,,,,,,,
105,71,Cycl,C3H,75-,42.0,1.74,0.28,398,0.29,,,,145.,,18.6,398.,,,6.17
"",,opro,6,19-4,797,11,205,,598,,,,59,,58,00,,,30
"",,pan,,,4,,,,,,,,,,,,,,
"",,e,,,,,,,,,,,,,,,,,
105,72,Cycl,C6H,156,116.,0.78,0.27,664,0.31,,,,189.,,8.90,664.,,,2.81
"",,ohe,12S,9-,224,578,882,,067,,,,64,,48,00,,,82
"",,xyl,,69-3,48,,,,,,,,,,,,,,
"",,mer,,,,,,,,,,,,,,,,,
"",,capt,,,,,,,,,,,,,,,,,
"",,an,,,,,,,,,,,,,,,,,
105,73,Dec,C10,112-,156.,0.47,0.27,674,0.28,,,,285.,,5.23,674.,,,1.73
"",,anal,H20,31-2,265,854,516,,571,,,,00,,96,00,,,91
"",,,O,,2,2,2,,,,,,,,,,,,
105,74,Dec,C10,124-,142.,0.41,0.25,617.,0.28,,,,243.,,5.39,617.,,,1.63
"",,ane,H22,18-5,281,084,175,7,571,,,,51,,27,70,,,19
"",,,,,68,,,,,,,,,,,,,,
105,75,Dec,C10,334-,172.,0.39,0.24,722.,0.28,,,,304.,,5.18,722.,,,1.57
"",,anoi,H20,48-5,265,348,92,1,571,,,,55,,09,10,,,90
"",,c,O2,,,,,,,,,,,,,,,,
"",,acid,,,,,,,,,,,,,,,,,
105,76,1-,C10,112-,158.,0.38,0.24,688,0.26,,,,280.,,5.26,688.,,,1.55
"",,Dec,H22,30-1,281,208,645,,125,,,,05,,09,00,,,03
"",,anol,O,,08,,,,,,,,,,,,,,
105,77,1-,C10,872-,140.,0.43,0.25,616.,0.29,,,,206.,,5.73,616.,,,1.71
"",,Dec,H20,05-9,265,981,661,6,148,,,,89,,28,60,,,39
"",,ene,,,8,,,,,,,,,,,,,,
105,78,Dec,C10,143-,174.,0.44,0.27,696,0.27,,,,247.,,5.00,696.,,,1.60
"",,yl,H22,10-2,346,289,636,,668,,,,56,,48,00,,,26
"",,mer,S,,68,,,,,,,,,,,,,,
"",,capt,,,,,,,,,,,,,,,,,
"",,an,,,,,,,,,,,,,,,,,
105,79,1-,C10,764-,138.,0.46,0.25,619.,0.29,,,,229.,,5.89,619.,,,1.81
"",,Dec,H18,93-2,249,877,875,85,479,,,,15,,54,85,,,17
"",,yne,,,92,,,,,,,,,,,,,,
105,80,Deu,D2,778,4.03,5.21,0.31,38.3,0.28,,,,18.7,,42.9,38.3,,,16.5
"",,teriu,,2-,16,15,5,5,571,,,,3,,45,5,,,440
"",,m,,39-0,,,,,,,,,,,,,,,
105,81,"1,1-",C2H,557-,187.,0.95,0.26,628,0.29,,,,210.,,11.7,628.,,,3.62
"",,Dibr,4Br2,91-5,861,523,364,,825,,,,15,,99,00,,,32
"",,omo,,,16,,,,,,,,,,,,,,
"",,etha,,,,,,,,,,,,,,,,,
"",,ne,,,,,,,,,,,,,,,,,
Eqn,Cmp,Nam,For,CAS,Mol.,C,C,C,C,C,C,C,"T ,",,Den,T,",",,Den
"",d.,e,mul,,wt.,,,,,,,,K,,sity,K,,,sity
"",no.,,a,,,,,,,,,,,,at,,,,at
"",,,,,,,,,,,,,,,T,,,,T
105,82,"1,2-",C2H,106-,187.,1.01,0.26,650.,0.28,,,,282.,,11.7,650.,,,3.80
"",,Dibr,4Br2,93-4,861,32,634,15,571,,,,85,,04,15,,,42
"",,omo,,,16,,,,,,,,,,,,,,
"",,etha,,,,,,,,,,,,,,,,,
"",,ne,,,,,,,,,,,,,,,,,
105,83,Dibr,CH2,74-,173.,1.11,0.24,611,0.27,,,,220.,,15.3,611.,,,4.48
"",,omo,Br2,95-3,834,36,834,,583,,,,60,,58,00,,,42
"",,met,,,58,,,,,,,,,,,,,,
"",,han,,,,,,,,,,,,,,,,,
"",,e,,,,,,,,,,,,,,,,,
105,84,Dibu,C8H,142-,130.,0.55,0.27,584.,0.29,,,,175.,,6.60,584.,,,2.05
"",,tyl,18O,96-1,227,941,243,1,932,,,,30,,71,10,,,34
"",,ethe,,,92,,,,,,,,,,,,,,
"",,r,,,,,,,,,,,,,,,,,
105,85,m-,C6H,541-,147.,0.74,0.26,683.,0.31,,,,248.,,9.12,683.,,,2.84
"",,Dich,4Cl2,73-1,001,495,147,95,526,,,,39,,07,95,,,91
"",,loro,,,96,,,,,,,,,,,,,,
"",,ben,,,,,,,,,,,,,,,,,
"",,zen,,,,,,,,,,,,,,,,,
"",,e,,,,,,,,,,,,,,,,,
105,86,o-,C6H,95-,147.,0.74,0.26,705,0.30,,,,256.,,9.16,705.,,,2.84
"",,Dich,4Cl2,50-1,001,404,112,,815,,,,15,,58,00,,,94
"",,loro,,,96,,,,,,,,,,,,,,
"",,ben,,,,,,,,,,,,,,,,,
"",,zen,,,,,,,,,,,,,,,,,
"",,e,,,,,,,,,,,,,,,,,
105,87,p-,C6H,106-,147.,0.74,0.26,684.,0.30,,,,326.,,8.51,684.,,,2.84
"",,Dich,4Cl2,46-7,001,858,276,75,788,,,,14,,75,75,,,89
"",,loro,,,96,,,,,,,,,,,,,,
"",,ben,,,,,,,,,,,,,,,,,
"",,zen,,,,,,,,,,,,,,,,,
"",,e,,,,,,,,,,,,,,,,,
105,88,"1,1-",C2H,75-,98.9,1.10,0.26,523,0.28,,,,176.,,13.5,523.,,,4.16
"",,Dich,4Cl2,34-3,591,55,533,,7,,,,19,,49,00,,,65
"",,loro,,,6,,,,,,,,,,,,,,
"",,etha,,,,,,,,,,,,,,,,,
"",,ne,,,,,,,,,,,,,,,,,
105,89,"1,2-",C2H,107-,98.9,1.25,0.27,561.,0.30,,,,237.,,13.4,561.,,,4.54
"",,Dich,4Cl2,06-2,591,91,698,6,492,,,,49,,62,60,,,58
"",,loro,,,6,,,,,,,,,,,,,,
"",,etha,,,,,,,,,,,,,,,,,
"",,ne,,,,,,,,,,,,,,,,,
105,90,Dich,CH2,75-,84.9,1.38,0.25,510,0.29,,,,178.,,17.9,510.,,,5.41
"",,loro,Cl2,09-2,325,97,678,,02,,,,01,,74,00,,,20
"",,met,,,8,,,,,,,,,,,,,,
"",,han,,,,,,,,,,,,,,,,,
"",,e,,,,,,,,,,,,,,,,,
Eqn,Cmp,Nam,For,CAS,Mol.,C,C,C,C,C,C,C,"T ,",,Den,T,",",,Den
"",d.,e,mul,,wt.,,,,,,,,K,,sity,K,,,sity
"",no.,,a,,,,,,,,,,,,at,,,,at
"",,,,,,,,,,,,,,,T,,,,T
105,91,"1,1-",C3H,78-,112.,0.95,0.27,560,0.24,,,,192.,,10.9,560.,,,3.43
"",,Dich,6Cl2,99-9,985,51,794,,132,,,,50,,25,00,,,64
"",,loro,,,74,,,,,,,,,,,,,,
"",,prop,,,,,,,,,,,,,,,,,
"",,ane,,,,,,,,,,,,,,,,,
105,92,"1,2-",C3H,78-,112.,0.89,0.26,572,0.28,,,,172.,,11.5,572.,,,3.43
"",,Dich,6Cl2,87-5,985,833,142,,68,,,,71,,26,00,,,63
"",,loro,,,74,,,,,,,,,,,,,,
"",,prop,,,,,,,,,,,,,,,,,
"",,ane,,,,,,,,,,,,,,,,,
105,93,Diet,C4H,111-,105.,0.68,0.23,736.,0.20,,,,301.,,10.3,736.,,,2.86
"",,han,11N,42-2,135,184,796,6,62,,,,15,,9,60,,,54
"",,ol,O2,,64,,,,,,,,,,,,,,
"",,ami,,,,,,,,,,,,,,,,,
"",,ne,,,,,,,,,,,,,,,,,
105,94,Diet,C4H,109-,73.1,0.85,0.25,496.,0.27,,,,223.,,10.5,496.,,,3.32
"",,hyl,11N,89-7,368,379,675,6,027,,,,35,,75,60,,,54
"",,ami,,,4,,,,,,,,,,,,,,
"",,ne,,,,,,,,,,,,,,,,,
105,95,Diet,C4H,60-,74.1,0.95,0.26,466.,0.28,,,,156.,,11.4,466.,,,3.55
"",,hyl,10O,29-7,216,54,847,7,14,,,,85,,87,70,,,87
"",,ethe,,,,,,,,,,,,,,,,,
"",,r,,,,,,,,,,,,,,,,,
105,96,Diet,C4H,352-,90.1,0.82,0.26,557.,0.27,,,,169.,,10.4,557.,,,3.12
"",,hyl,10S,93-2,872,227,314,15,369,,,,20,,7,15,,,48
"",,sulfi,,,,,,,,,,,,,,,,,
"",,de,,,,,,,,,,,,,,,,,
105,97,"1,1-",C2H,75-,66.0,1.43,0.25,386.,0.28,,,,154.,,18.0,386.,,,5.56
"",,Difl,4F2,37-6,499,45,774,44,178,,,,56,,06,44,,,57
"",,uoro,,,7,,,,,,,,,,,,,,
"",,etha,,,,,,,,,,,,,,,,,
"",,ne,,,,,,,,,,,,,,,,,
105,98,"1,2-",C2H,624-,66.0,1.17,0.22,445,0.28,,,,179.,,18.3,445.,,,5.13
"",,Difl,4F2,72-6,499,3,856,,571,,,,60,,36,00,,,21
"",,uoro,,,7,,,,,,,,,,,,,,
"",,etha,,,,,,,,,,,,,,,,,
"",,ne,,,,,,,,,,,,,,,,,
105,99,Difl,CH2,75-,52.0,1.99,0.24,351.,0.28,,,,136.,,27.3,351.,,,8.10
"",,uoro,F2,10-5,233,73,653,26,153,,,,95,,99,26,,,17
"",,met,,,9,,,,,,,,,,,,,,
"",,han,,,,,,,,,,,,,,,,,
"",,e,,,,,,,,,,,,,,,,,
105,100,Di–,C6H,108-,101.,0.61,0.25,523.,0.27,,,,176.,,8.05,523.,,,2.39
"",,sopr,15N,18-9,19,81,786,1,1,,,,85,,41,10,,,70
"",,opyl,,,,,,,,,,,,,,,,,
"",,ami,,,,,,,,,,,,,,,,,
"",,ne,,,,,,,,,,,,,,,,,
Eqn,Cmp,Nam,For,CAS,Mol.,C,C,C,C,C,C,C,"T ,",,Den,T,",",,Den
"",d.,e,mul,,wt.,,,,,,,,K,,sity,K,,,sity
"",no.,,a,,,,,,,,,,,,at,,,,at
"",,,,,,,,,,,,,,,T,,,,T
105,101,Di–,C6H,108-,102.,0.69,0.26,500.,0.28,,,,187.,,8.06,500.,,,2.56
"",,sopr,14O,20-3,174,213,974,05,571,,,,65,,73,05,,,59
"",,opyl,,,76,,,,,,,,,,,,,,
"",,ethe,,,,,,,,,,,,,,,,,
"",,r,,,,,,,,,,,,,,,,,
105,102,Di–,C7H,565-,114.,0.64,0.26,576,0.28,,,,204.,,7.67,576.,,,2.40
"",,sopr,14O,80-0,185,619,881,,036,,,,81,,96,00,,,39
"",,opyl,,,46,,,,,,,,,,,,,,
"",,keto,,,,,,,,,,,,,,,,,
"",,ne,,,,,,,,,,,,,,,,,
105,103,"1,1-",C4H,534-,90.1,0.89,0.26,507.,0.28,,,,159.,,11.0,507.,,,3.35
"",,Dim,10O2,15-6,21,368,599,8,571,,,,95,,29,80,,,98
"",,etho,,,,,,,,,,,,,,,,,
"",,xyet,,,,,,,,,,,,,,,,,
"",,han,,,,,,,,,,,,,,,,,
"",,e,,,,,,,,,,,,,,,,,
105,104,"1,2-",C5H,777,104.,0.76,0.26,543,0.28,,,,226.,,8.84,543.,,,2.85
"",,Dim,12O2,8-,147,327,742,,571,,,,10,,31,00,,,42
"",,etho,,85-0,58,,,,,,,,,,,,,,
"",,xypr,,,,,,,,,,,,,,,,,
"",,opa,,,,,,,,,,,,,,,,,
"",,ne,,,,,,,,,,,,,,,,,
105,105,Dim,C4H,503-,54.0,1.17,0.25,473.,0.27,,,,240.,,13.7,473.,,,4.52
"",,ethy,6,17-3,904,17,895,2,289,,,,91,,67,20,,,48
"",,l,,,4,,,,,,,,,,,,,,
"",,acet,,,,,,,,,,,,,,,,,
"",,ylen,,,,,,,,,,,,,,,,,
"",,e,,,,,,,,,,,,,,,,,
105,106,Dim,C2H,124-,45.0,1.54,0.27,437.,0.25,,,,180.,,16.9,437.,,,5.55
"",,ethy,7N,40-3,836,36,784,2,72,,,,96,,64,20,,,57
"",,l,,,8,,,,,,,,,,,,,,
"",,ami,,,,,,,,,,,,,,,,,
"",,ne,,,,,,,,,,,,,,,,,
105,107,"2,3-",C6H,79-,86.1,0.75,0.27,500,0.27,,,,145.,,9.03,500.,,,2.77
"",,Dim,14,29-8,753,65,305,,408,,,,19,,1,00,,,06
"",,ethy,,,6,,,,,,,,,,,,,,
"",,lbut,,,,,,,,,,,,,,,,,
"",,ane,,,,,,,,,,,,,,,,,
105,108,"1,1-",C8H,590-,112.,0.55,0.25,591.,0.27,,,,239.,,7.34,591.,,,2.22
"",,Dim,16,66-9,212,873,143,15,758,,,,66,,17,15,,,22
"",,ethy,,,64,,,,,,,,,,,,,,
"",,lcycl,,,,,,,,,,,,,,,,,
"",,ohe,,,,,,,,,,,,,,,,,
"",,xan,,,,,,,,,,,,,,,,,
"",,e,,,,,,,,,,,,,,,,,
105,109,cis-,C8H,220,112.,0.52,0.24,606.,0.26,,,,223.,,7.57,606.,,,2.17
"",,"1,2-",16,7-,212,953,358,15,809,,,,16,,83,15,,,39
"",,Dim,,01-4,64,,,,,,,,,,,,,,
"",,ethy,,,,,,,,,,,,,,,,,
"",,lcycl,,,,,,,,,,,,,,,,,
"",,ohe,,,,,,,,,,,,,,,,,
"",,xan,,,,,,,,,,,,,,,,,
"",,e,,,,,,,,,,,,,,,,,
Eqn,Cmp,Nam,For,CAS,Mol.,C,C,C,C,C,C,C,"T ,",,Den,T,",",,Den
"",d.,e,mul,,wt.,,,,,,,,K,,sity,K,,,sity
"",no.,,a,,,,,,,,,,,,at,,,,at
"",,,,,,,,,,,,,,,T,,,,T
105,110,tran,C8H,687,112.,0.54,0.25,596.,0.26,,,,184.,,7.62,596.,,,2.17
"",,s-,16,6-,212,405,026,15,58,,,,99,,58,15,,,39
"",,"1,2-",,23-9,64,,,,,,,,,,,,,,
"",,Dim,,,,,,,,,,,,,,,,,
"",,ethy,,,,,,,,,,,,,,,,,
"",,lcycl,,,,,,,,,,,,,,,,,
"",,ohe,,,,,,,,,,,,,,,,,
"",,xan,,,,,,,,,,,,,,,,,
"",,e,,,,,,,,,,,,,,,,,
105,111,Dim,C2H,624-,94.1,1.10,0.27,615,0.31,,,,188.,,12.4,615.,,,3.96
"",,ethy,6S2,92-0,990,58,866,,082,,,,44,,13,00,,,83
"",,l,,,4,,,,,,,,,,,,,,
"",,disu,,,,,,,,,,,,,,,,,
"",,lfide,,,,,,,,,,,,,,,,,
105,112,Dim,C2H,115-,46.0,1.56,0.26,400.,0.28,,,,131.,,18.9,400.,,,5.85
"",,ethy,6O,10-6,684,93,79,1,82,,,,65,,5,10,,,78
"",,l,,,4,,,,,,,,,,,,,,
"",,ethe,,,,,,,,,,,,,,,,,
"",,r,,,,,,,,,,,,,,,,,
105,113,"N,N-",C3H,68-,73.0,0.89,0.23,649.,0.28,,,,212.,,13.9,649.,,,3.81
"",,Dim,7NO,12-2,937,615,478,6,091,,,,72,,54,60,,,70
"",,ethy,,,8,,,,,,,,,,,,,,
"",,l,,,,,,,,,,,,,,,,,
"",,for,,,,,,,,,,,,,,,,,
"",,ma,,,,,,,,,,,,,,,,,
"",,mid,,,,,,,,,,,,,,,,,
"",,e,,,,,,,,,,,,,,,,,
105,114,"2,3-",C7H,565-,100.,0.72,0.28,537.,0.27,,,,141.,,7.99,537.,,,2.52
"",,Dim,16,59-3,201,352,629,3,121,,,,23,,32,30,,,72
"",,ethy,,,94,,,,,,,,,,,,,,
"",,lpen,,,,,,,,,,,,,,,,,
"",,tane,,,,,,,,,,,,,,,,,
105,115,Dim,C10,131-,194.,0.47,0.25,766,0.30,,,,274.,,6.23,766.,,,1.88
"",,ethy,H10,11-3,184,977,428,,722,,,,18,,34,00,,,68
"",,l,O4,,,,,,,,,,,,,,,,
"",,phth,,,,,,,,,,,,,,,,,
"",,alat,,,,,,,,,,,,,,,,,
"",,e,,,,,,,,,,,,,,,,,
105,116,Dim,C2H,111,60.1,1.02,0.26,402,0.28,,,,122.,,12.8,402.,,,3.87
"",,ethy,8Si,1-,704,14,351,,421,,,,93,,98,00,,,61
"",,lsila,,74-6,2,,,,,,,,,,,,,,
"",,ne,,,,,,,,,,,,,,,,,
105,117,Dim,C2H,75-,62.1,1.40,0.27,503.,0.27,,,,174.,,15.5,503.,,,5.01
"",,ethy,6S,18-3,34,29,991,04,41,,,,88,,56,04,,,20
"",,l,,,,,,,,,,,,,,,,,
"",,sulfi,,,,,,,,,,,,,,,,,
"",,de,,,,,,,,,,,,,,,,,
Eqn,Cmp,Nam,For,CAS,Mol.,C,C,C,C,C,C,C,"T ,",,Den,T,",",,Den
"",d.,e,mul,,wt.,,,,,,,,K,,sity,K,,,sity
"",no.,,a,,,,,,,,,,,,at,,,,at
"",,,,,,,,,,,,,,,T,,,,T
105,118,Dim,C2H,67-,78.1,1.10,0.25,729,0.33,,,,291.,,14.1,729.,,,4.40
"",,ethy,6OS,68-5,334,96,189,,11,,,,67,,11,00,,,51
"",,l,,,4,,,,,,,,,,,,,,
"",,sulf,,,,,,,,,,,,,,,,,
"",,oxid,,,,,,,,,,,,,,,,,
"",,e,,,,,,,,,,,,,,,,,
105,119,Dim,C10,120-,194.,0.48,0.25,777.,0.28,,,,413.,,5.63,777.,,,1.89
"",,ethy,H10,61-6,184,611,715,4,571,,,,79,,97,40,,,04
"",,l,O4,,,,,,,,,,,,,,,,
"",,tere,,,,,,,,,,,,,,,,,
"",,phth,,,,,,,,,,,,,,,,,
"",,alat,,,,,,,,,,,,,,,,,
"",,e,,,,,,,,,,,,,,,,,
105,120,"1,4-",C4H,123-,88.1,1.18,0.28,587,0.30,,,,284.,,11.8,587.,,,4.20
"",,Diox,8O2,91-1,051,19,13,,47,,,,95,,38,00,,,16
"",,ane,,,2,,,,,,,,,,,,,,
105,121,Diph,C12,101-,170.,0.52,0.26,766.,0.31,,,,300.,,6.26,766.,,,1.98
"",,enyl,H10,84-8,207,133,218,8,033,,,,03,,48,80,,,84
"",,ethe,O,,2,,,,,,,,,,,,,,
"",,r,,,,,,,,,,,,,,,,,
105,122,Dipr,C6H,142-,101.,0.65,0.26,550,0.27,,,,210.,,7.99,550.,,,2.49
"",,opyl,15N,84-7,19,9,428,,66,,,,15,,29,00,,,36
"",,ami,,,,,,,,,,,,,,,,,
"",,ne,,,,,,,,,,,,,,,,,
105,123,Dod,C12,112-,170.,0.33,0.24,658,0.28,,,,263.,,4.52,658.,,,1.34
"",,eca,H26,40-3,334,267,664,,571,,,,57,,05,00,,,88
"",,ne,,,84,,,,,,,,,,,,,,
105,124,Eico,C20,112-,282.,0.18,0.23,768,0.28,,,,309.,,2.72,768.,,,0.77
"",,san,H42,95-8,547,166,351,,571,,,,58,,93,00,,,80
"",,e,,,48,,,,,,,,,,,,,,
105,125,Etha,C2H,74-,30.0,1.91,0.27,305.,0.29,,,,90.3,,21.6,305.,,,6.84
"",,ne,6,84-0,69,22,937,32,187,,,,5,,4,32,,,47
105,126,Etha,C2H,64-,46.0,1.62,0.27,514,0.23,,,,159.,,19.4,514.,,,5.92
"",,nol,6O,17-5,684,88,469,,178,,,,05,,1,00,,,96
"",,,,,4,,,,,,,,,,,,,,
105,127,Ethy,C4H,141-,88.1,0.89,0.25,523.,0.27,,,,189.,,11.4,523.,,,3.47
"",,l,8O2,78-6,051,96,856,3,8,,,,60,,78,30,,,93
"",,acet,,,2,,,,,,,,,,,,,,
"",,ate,,,,,,,,,,,,,,,,,
105,128,Ethy,C2H,75-,45.0,1.09,0.22,456.,0.25,,,,192.,,17.5,456.,,,4.83
"",,l,7N,04-7,836,36,636,15,522,,,,15,,88,15,,,12
"",,ami,,,8,,,,,,,,,,,,,,
"",,ne,,,,,,,,,,,,,,,,,
105,129,Ethy,C8H,100-,106.,0.70,0.26,617.,0.28,,,,178.,,9.04,617.,,,2.67
"",,lben,10,41-4,165,041,162,15,454,,,,20,,07,15,,,72
"",,zen,,,,,,,,,,,,,,,,,
"",,e,,,,,,,,,,,,,,,,,
Eqn,Cmp,Nam,For,CAS,Mol.,C,C,C,C,C,C,C,"T ,",,Den,T,",",,Den
"",d.,e,mul,,wt.,,,,,,,,K,,sity,K,,,sity
"",no.,,a,,,,,,,,,,,,at,,,,at
"",,,,,,,,,,,,,,,T,,,,T
105,130,Ethy,C9H,93-,150.,0.48,0.23,698,0.28,,,,238.,,7.29,698.,,,2.04
"",,l,10O2,89-0,174,864,894,,421,,,,45,,08,00,,,50
"",,ben,,,5,,,,,,,,,,,,,,
"",,zoat,,,,,,,,,,,,,,,,,
"",,e,,,,,,,,,,,,,,,,,
105,131,2-,C6H,88-,116.,0.66,0.25,655,0.31,,,,258.,,8.21,655.,,,2.57
"",,Ethy,12O2,09-5,158,085,707,,103,,,,15,,98,00,,,07
"",,l,,,28,,,,,,,,,,,,,,
"",,buta,,,,,,,,,,,,,,,,,
"",,noic,,,,,,,,,,,,,,,,,
"",,acid,,,,,,,,,,,,,,,,,
105,132,Ethy,C6H,105-,116.,0.63,0.25,571,0.27,,,,175.,,8.49,571.,,,2.48
"",,l,12O2,54-4,158,566,613,,829,,,,15,,12,00,,,18
"",,buty,,,28,,,,,,,,,,,,,,
"",,rate,,,,,,,,,,,,,,,,,
105,133,Ethy,C8H,167,112.,0.61,0.26,609.,0.28,,,,161.,,7.86,609.,,,2.32
"",,lcycl,16,8-,212,587,477,15,054,,,,84,,79,15,,,61
"",,ohe,,91-7,64,,,,,,,,,,,,,,
"",,xan,,,,,,,,,,,,,,,,,
"",,e,,,,,,,,,,,,,,,,,
105,134,Ethy,C7H,164,98.1,0.71,0.26,569.,0.27,,,,134.,,9.01,569.,,,2.66
"",,lcycl,14,0-,860,751,903,5,733,,,,71,,79,50,,,70
"",,ope,,89-7,6,,,,,,,,,,,,,,
"",,ntan,,,,,,,,,,,,,,,,,
"",,e,,,,,,,,,,,,,,,,,
105,135,Ethy,C2H,74-,28.0,2.09,0.27,282.,0.29,,,,104.,,23.3,282.,,,7.57
"",,lene,4,85-1,531,61,657,34,147,,,,00,,26,34,,,89
"",,,,,6,,,,,,,,,,,,,,
105,136,Ethy,C2H,107-,60.0,0.78,0.20,593,0.20,,,,284.,,15.0,593.,,,3.78
"",,lene,8N2,15-3,983,42,702,,254,,,,29,,55,00,,,80
"",,dia,,,2,,,,,,,,,,,,,,
"",,min,,,,,,,,,,,,,,,,,
"",,e,,,,,,,,,,,,,,,,,
105,137,Ethy,C2H,107-,62.0,1.31,0.25,720,0.21,,,,260.,,18.3,720.,,,5.23
"",,lene,6O2,21-1,678,5,125,,868,,,,15,,1,00,,,38
"",,glyc,,,4,,,,,,,,,,,,,,
"",,ol,,,,,,,,,,,,,,,,,
105,138,Ethy,C2H,151-,43.0,1.34,0.23,537,0.23,,,,195.,,21.4,537.,,,5.78
"",,lene,5N,56-4,678,62,289,,357,,,,20,,5,00,,,04
"",,imin,,,,,,,,,,,,,,,,,
"",,e,,,,,,,,,,,,,,,,,
105,139,Ethy,C2H,75-,44.0,1.83,0.26,469.,0.26,,,,160.,,23.4,469.,,,7.05
"",,lene,4O,21-8,525,6,024,15,96,,,,65,,77,15,,,50
"",,oxid,,,6,,,,,,,,,,,,,,
"",,e,,,,,,,,,,,,,,,,,
105,140,Ethy,C3H,109-,74.0,1.13,0.26,508.,0.27,,,,193.,,14.0,508.,,,4.33
"",,l,6O2,94-4,785,43,168,4,91,,,,55,,06,40,,,47
"",,for,,,4,,,,,,,,,,,,,,
"",,mat,,,,,,,,,,,,,,,,,
"",,e,,,,,,,,,,,,,,,,,
Eqn,Cmp,Nam,For,CAS,Mol.,C,C,C,C,C,C,C,"T ,",,Den,T,",",,Den
"",d.,e,mul,,wt.,,,,,,,,K,,sity,K,,,sity
"",no.,,a,,,,,,,,,,,,at,,,,at
"",,,,,,,,,,,,,,,T,,,,T
105,141,2-,C8H,149-,144.,0.47,0.25,674.,0.25,,,,155.,,6.92,674.,,,1.89
"",,Ethy,16O2,57-5,211,428,028,6,442,,,,15,,6,60,,,50
"",,l,,,,,,,,,,,,,,,,,
"",,hex,,,,,,,,,,,,,,,,,
"",,anoi,,,,,,,,,,,,,,,,,
"",,c,,,,,,,,,,,,,,,,,
"",,acid,,,,,,,,,,,,,,,,,
105,142,Ethy,C8H,575,130.,0.55,0.27,583,0.29,,,,180.,,6.61,583.,,,2.05
"",,lhex,18O,6-,227,729,14,,538,,,,00,,2,00,,,34
"",,yl,,43-4,92,,,,,,,,,,,,,,
"",,ethe,,,,,,,,,,,,,,,,,
"",,r,,,,,,,,,,,,,,,,,
105,143,Ethy,C5H,625-,88.1,0.81,0.26,489,0.30,,,,140.,,9.92,489.,,,3.03
"",,liso,12O,54-7,481,85,929,,621,,,,00,,36,00,,,95
"",,prop,,,8,,,,,,,,,,,,,,
"",,yl,,,,,,,,,,,,,,,,,
"",,ethe,,,,,,,,,,,,,,,,,
"",,r,,,,,,,,,,,,,,,,,
105,144,Ethy,C6H,565-,100.,0.68,0.25,567,0.31,,,,204.,,8.97,567.,,,2.71
"",,liso,12O,69-5,158,162,152,,82,,,,15,,49,00,,,00
"",,prop,,,88,,,,,,,,,,,,,,
"",,yl,,,,,,,,,,,,,,,,,
"",,keto,,,,,,,,,,,,,,,,,
"",,ne,,,,,,,,,,,,,,,,,
105,145,Ethy,C2H,75-,62.1,1.30,0.26,499.,0.27,,,,125.,,16.2,499.,,,4.84
"",,l,6S,08-1,340,47,94,15,866,,,,26,,42,15,,,30
"",,mer,,,4,,,,,,,,,,,,,,
"",,capt,,,,,,,,,,,,,,,,,
"",,an,,,,,,,,,,,,,,,,,
105,146,Ethy,C5H,105-,102.,0.74,0.25,546,0.27,,,,199.,,9.63,546.,,,2.89
"",,l,10O2,37-3,131,05,563,,95,,,,25,,17,00,,,68
"",,prop,,,7,,,,,,,,,,,,,,
"",,iona,,,,,,,,,,,,,,,,,
"",,te,,,,,,,,,,,,,,,,,
105,147,Ethy,C5H,628-,88.1,0.79,0.26,500.,0.29,,,,145.,,9.84,500.,,,2.97
"",,lpro,12O,32-0,481,08,6,23,2,,,,65,,74,23,,,29
"",,pyl,,,8,,,,,,,,,,,,,,
"",,ethe,,,,,,,,,,,,,,,,,
"",,r,,,,,,,,,,,,,,,,,
105,148,Ethy,C2H,115-,163.,0.61,0.24,559.,0.30,,,,167.,,8.69,559.,,,2.48
"",,ltric,5Cl3,21-9,506,243,681,95,858,,,,55,,34,95,,,14
"",,hlor,Si,,,,,,,,,,,,,,,,
"",,osil,,,,,,,,,,,,,,,,,
"",,ane,,,,,,,,,,,,,,,,,
105,149,Fluo,F2,778,37.9,4.28,0.28,144.,0.28,,,,53.4,,44.8,144.,,,15.0
"",,rine,,2-,968,95,587,12,776,,,,8,,88,12,,,050
"",,,,41-4,064,,,,,,,,,,,,,,
105,150,Fluo,C6H,462-,96.1,1.01,0.27,560.,0.28,,,,230.,,11.3,560.,,,3.71
"",,robe,5F,06-6,023,46,277,09,291,,,,94,,74,09,,,96
"",,nze,,,032,,,,,,,,,,,,,,
"",,ne,,,,,,,,,,,,,,,,,
Eqn,Cmp,Nam,For,CAS,Mol.,C,C,C,C,C,C,C,"T ,",,Den,T,",",,Den
"",d.,e,mul,,wt.,,,,,,,,K,,sity,K,,,sity
"",no.,,a,,,,,,,,,,,,at,,,,at
"",,,,,,,,,,,,,,,T,,,,T
105,151,Fluo,C2H,353-,48.0,1.69,0.26,375.,0.28,,,,129.,,20.0,375.,,,6.28
"",,roet,5F,36-6,595,385,932,31,571,,,,95,,99,31,,,93
"",,han,,,,8,3,,,,,,,,,,,,
"",,e,,,,,,,,,,,,,,,,,
105,152,Fluo,CH3,593-,34.0,2.22,0.25,317.,0.27,,,,131.,,29.3,317.,,,8.87
"",,rom,F,53-3,329,61,072,42,343,,,,35,,45,42,,,88
"",,etha,,,2,,,,,,,,,,,,,,
"",,ne,,,,,,,,,,,,,,,,,
105,153,For,CH2,50-,30.0,3.89,0.33,420,0.28,,,,155.,,30.9,420.,,,11.7
"",,mal,O,00-0,259,701,163,,571,,,,15,,2,00,,,510
"",,deh,,,8,1,6,,,,,,,,,,,,
"",,yde,,,,,,,,,,,,,,,,,
105,154,For,CH3,75-,45.0,1.24,0.20,771,0.25,,,,275.,,25.4,771.,,,6.13
"",,ma,NO,12-7,406,86,352,,178,,,,60,,88,00,,,50
"",,mid,,,2,,,,,,,,,,,,,,
"",,e,,,,,,,,,,,,,,,,,
105,155,For,CH2,64-,46.0,1.93,0.24,588,0.24,,,,281.,,26.8,588.,,,8.00
"",,mic,O2,18-6,257,8,225,,435,,,,45,,06,00,,,00
"",,acid,,,,,,,,,,,,,,,,,
105,156,Fura,C4H,110-,68.0,1.13,0.24,490.,0.26,,,,187.,,15.7,490.,,,4.58
"",,n,4O,00-9,739,39,741,15,12,,,,55,,02,15,,,31
"",,,,,6,,,,,,,,,,,,,,
105,157,Heli,He,744,4.00,7.24,0.41,5.2,0.24,,,,2.20,,37.1,5.20,,,17.3
"",,um-,,0-,26,75,865,,096,,,,,,15,,,,120
"",,4,,59-7,,,,,,,,,,,,,,,
105,158,Hep,C17,629-,240.,0.21,0.23,736,0.28,,,,295.,,3.21,736.,,,0.92
"",,tade,H36,78-7,467,897,642,,571,,,,13,,89,00,,,62
"",,can,,,74,,,,,,,,,,,,,,
"",,e,,,,,,,,,,,,,,,,,
105,159,Hep,C7H,111-,114.,0.57,0.25,620,0.28,,,,229.,,7.74,620.,,,2.30
"",,tana,14O,71-7,185,736,057,,571,,,,80,,62,00,,,41
"",,l,,,46,2,5,,,,,,,,,,,,
105,160,Hep,C7H,142-,100.,0.61,0.26,540.,0.28,,,,182.,,7.69,540.,,,2.33
"",,tane,16,82-5,201,259,211,2,141,,,,57,,98,20,,,71
"",,,,,94,,,,,,,,,,,,,,
105,161,Hep,C7H,111-,130.,0.53,0.24,677.,0.28,,,,265.,,7.22,677.,,,2.14
"",,tano,14O2,14-8,185,066,729,3,289,,,,83,,12,30,,,59
"",,ic,,,,,,,,,,,,,,,,,
"",,acid,,,,,,,,,,,,,,,,,
105,162,1-,C7H,111-,116.,0.55,0.24,632.,0.31,,,,239.,,7.50,632.,,,2.25
"",,Hep,16O,70-6,201,687,725,3,471,,,,15,,22,30,,,23
"",,tano,,,34,,,,,,,,,,,,,,
"",,l,,,,,,,,,,,,,,,,,
Eqn,Cmp,Nam,For,CAS,Mol.,C,C,C,C,C,C,C,"T ,",,Den,T,",",,Den
"",d.,e,mul,,wt.,,,,,,,,K,,sity,K,,,sity
"",no.,,a,,,,,,,,,,,,at,,,,at
"",,,,,,,,,,,,,,,T,,,,T
105,163,2-,C7H,543-,116.,0.59,0.26,608.,0.26,,,,220.,,7.51,608.,,,2.28
"",,Hep,16O,49-7,201,339,02,3,968,,,,00,,73,30,,,05
"",,tano,,,34,,,,,,,,,,,,,,
"",,l,,,,,,,,,,,,,,,,,
105,164,3-,C7H,106-,114.,0.59,0.25,606.,0.27,,,,234.,,7.57,606.,,,2.30
"",,Hep,14O,35-4,185,268,663,6,766,,,,15,,51,60,,,95
"",,tano,,,46,,,,,,,,,,,,,,
"",,ne,,,,,,,,,,,,,,,,,
105,165,2-,C7H,110-,114.,0.58,0.25,611.,0.29,,,,238.,,7.55,611.,,,2.30
"",,Hep,14O,43-0,185,247,279,4,818,,,,15,,14,40,,,42
"",,tano,,,46,,,,,,,,,,,,,,
"",,ne,,,,,,,,,,,,,,,,,
105,166,1-,C7H,592-,98.1,0.66,0.26,537.,0.28,,,,154.,,8.22,537.,,,2.47
"",,Hep,14,76-7,860,016,657,4,571,,,,12,,57,40,,,65
"",,tene,,,6,,,,,,,,,,,,,,
105,167,Hep,C7H,163,132.,0.58,0.27,645,0.29,,,,229.,,6.72,645.,,,2.15
"",,tyl,16S,9-,266,622,26,,644,,,,92,,77,00,,,05
"",,mer,,09-4,94,,,,,,,,,,,,,,
"",,capt,,,,,,,,,,,,,,,,,
"",,an,,,,,,,,,,,,,,,,,
105,168,1-,C7H,628-,96.1,0.67,0.26,547,0.28,,,,192.,,8.49,547.,,,2.58
"",,Hep,12,71-7,701,304,045,,388,,,,22,,22,00,,,41
"",,tyne,,,8,,,,,,,,,,,,,,
105,169,Hex,C16,544-,226.,0.23,0.23,723,0.28,,,,291.,,3.41,723.,,,0.98
"",,ade,H34,76-3,441,289,659,,571,,,,31,,5,00,,,44
"",,can,,,16,,,,,,,,,,,,,,
"",,e,,,,,,,,,,,,,,,,,
105,170,Hex,C6H,66-,100.,0.66,0.25,594,0.28,,,,214.,,8.87,594.,,,2.64
"",,anal,12O,25-1,158,850,269,,571,,,,93,,08,00,,,55
"",,,,,88,4,5,,,,,,,,,,,,
105,171,Hex,C6H,110-,86.1,0.70,0.26,507.,0.27,,,,177.,,8.74,507.,,,2.68
"",,ane,14,54-3,753,824,411,6,537,,,,83,,7,60,,,16
"",,,,,6,,,,,,,,,,,,,,
105,172,Hex,C6H,142-,116.,0.62,0.25,660.,0.25,,,,269.,,8.09,660.,,,2.45
"",,anoi,12O2,62-1,158,833,598,2,304,,,,25,,64,20,,,46
"",,c,,,,,,,,,,,,,,,,,
"",,acid,,,,,,,,,,,,,,,,,
105,173,1-,C6H,111-,102.,0.70,0.26,611.,0.24,,,,228.,,8.45,611.,,,2.61
"",,Hex,14O,27-3,174,093,776,3,919,,,,55,,6,30,,,78
"",,anol,,,76,,,,,,,,,,,,,,
105,174,2-,C6H,626-,102.,0.67,0.25,585.,0.26,,,,223.,,8.51,585.,,,2.59
"",,Hex,14O,93-7,175,393,948,3,552,,,,00,,81,30,,,72
"",,anol,,,,,,,,,,,,,,,,,
Eqn,Cmp,Nam,For,CAS,Mol.,C,C,C,C,C,C,C,"T ,",,Den,T,",",,Den
"",d.,e,mul,,wt.,,,,,,,,K,,sity,K,,,sity
"",no.,,a,,,,,,,,,,,,at,,,,at
"",,,,,,,,,,,,,,,T,,,,T
105,175,2-,C6H,591-,100.,0.67,0.25,587.,0.28,,,,217.,,8.73,587.,,,2.64
"",,Hex,12O,78-6,158,816,634,61,365,,,,35,,19,61,,,55
"",,ano,,,88,,,,,,,,,,,,,,
"",,ne,,,,,,,,,,,,,,,,,
105,176,3-,C6H,589-,100.,0.67,0.25,582.,0.27,,,,217.,,8.76,582.,,,2.64
"",,Hex,12O,38-8,158,666,578,82,746,,,,50,,31,82,,,55
"",,ano,,,88,,,,,,,,,,,,,,
"",,ne,,,,,,,,,,,,,,,,,
105,177,1-,C6H,592-,84.1,0.76,0.26,504,0.28,,,,133.,,9.58,504.,,,2.86
"",,Hex,12,41-6,594,925,809,,571,,,,39,,15,00,,,94
"",,ene,,,8,,,,,,,,,,,,,,
105,178,3-,C6H,928-,82.1,0.78,0.26,544,0.28,,,,170.,,10.0,544.,,,2.99
"",,Hex,10,49-4,436,045,065,,571,,,,05,,21,00,,,42
"",,yne,,,,,,,,,,,,,,,,,
105,179,Hex,C6H,111-,118.,0.66,0.27,623,0.29,,,,192.,,7.77,623.,,,2.42
"",,yl,14S,31-9,240,372,345,,185,,,,62,,33,00,,,72
"",,mer,,,36,,,,,,,,,,,,,,
"",,capt,,,,,,,,,,,,,,,,,
"",,an,,,,,,,,,,,,,,,,,
105,180,1-,C6H,693-,82.1,0.84,0.27,516.,0.27,,,,141.,,10.2,516.,,,3.10
"",,Hex,10,02-7,436,427,185,2,71,,,,25,,3,20,,,56
"",,yne,,,,,,,,,,,,,,,,,
105,181,2-,C6H,764-,82.1,0.76,0.25,549,0.31,,,,183.,,10.1,549.,,,3.02
"",,Hex,10,35-2,436,277,248,,611,,,,65,,33,00,,,11
"",,yne,,,,,,,,,,,,,,,,,
105,182,Hyd,H4N,302-,32.0,1.05,0.16,653.,0.18,,,,274.,,31.9,653.,,,6.33
"",,razi,2,01-2,451,16,613,15,98,,,,69,,34,15,,,00
"",,ne,,,6,,,,,,,,,,,,,,
105,183,Hyd,H2,133,2.01,5.41,0.34,33.1,0.27,,,,13.9,,38.4,33.1,,,15.5
"",,roge,,3-,588,4,893,9,06,,,,5,,87,9,,,160
"",,n,,74-0,,,,,,,,,,,,,,,
105,184,Hyd,BrH,100,80.9,2.83,0.28,363.,0.28,,,,185.,,27.9,363.,,,10.0
"",,roge,,35-,119,2,32,15,571,,,,15,,85,15,,,000
"",,n,,10-6,4,,,,,,,,,,,,,,
"",,bro,,,,,,,,,,,,,,,,,
"",,mid,,,,,,,,,,,,,,,,,
"",,e,,,,,,,,,,,,,,,,,
105,185,Hyd,ClH,764,36.4,3.34,0.27,324.,0.32,,,,158.,,34.8,324.,,,12.2
"",,roge,,7-,609,2,29,65,17,,,,97,,54,65,,,460
"",,n,,01-0,4,,,,,,,,,,,,,,
"",,chlo,,,,,,,,,,,,,,,,,
"",,ride,,,,,,,,,,,,,,,,,
Eqn,Cmp,Nam,For,CAS,Mol.,C,C,C,C,C,C,C,"T ,",,Den,T,",",,Den
"",d.,e,mul,,wt.,,,,,,,,K,,sity,K,,,sity
"",no.,,a,,,,,,,,,,,,at,,,,at
"",,,,,,,,,,,,,,,T,,,,T
105,186,Hyd,CH,74-,27.0,1.34,0.18,456.,0.28,,,,259.,,27.2,456.,,,7.21
"",,roge,N,90-8,253,13,589,65,206,,,,83,,02,65,,,56
"",,n,,,4,,,,,,,,,,,,,,
"",,cya,,,,,,,,,,,,,,,,,
"",,nide,,,,,,,,,,,,,,,,,
105,187,Hyd,FH,766,20.0,2.80,0.19,461.,0.29,,,,189.,,58.8,461.,,,14.4
"",,roge,,4-,063,61,362,15,847,,,,79,,61,15,,,930
"",,n,,39-3,432,,,,,,,,,,,,,,
"",,fluo,,,,,,,,,,,,,,,,,
"",,ride,,,,,,,,,,,,,,,,,
105,188,Hyd,H2S,778,34.0,2.76,0.27,373.,0.29,,,,187.,,29.1,373.,,,10.1
"",,roge,,3-,808,72,369,53,015,,,,68,,3,53,,,110
"",,n,,06-4,8,,,,,,,,,,,,,,
"",,sulfi,,,,,,,,,,,,,,,,,
"",,de,,,,,,,,,,,,,,,,,
105,189,Isob,C4H,79-,88.1,0.88,0.25,605,0.26,,,,227.,,11.4,605.,,,3.44
"",,utyri,8O2,31-2,051,575,736,,265,,,,15,,2,00,,,17
"",,c,,,2,,,,,,,,,,,,,,
"",,acid,,,,,,,,,,,,,,,,,
105,190,Isop,C3H,75-,59.1,1.28,0.28,471.,0.29,,,,177.,,13.5,471.,,,4.52
"",,ropy,9N,31-0,102,01,28,85,72,,,,95,,61,85,,,65
"",,l,,,6,,,,,,,,,,,,,,
"",,ami,,,,,,,,,,,,,,,,,
"",,ne,,,,,,,,,,,,,,,,,
105,191,Mal,C3H,141-,104.,0.87,0.24,834,0.28,,,,409.,,11.4,834.,,,3.58
"",,onic,4O4,82-2,061,969,543,,571,,,,15,,17,00,,,43
"",,acid,,,46,,,,,,,,,,,,,,
105,192,Met,C4H,79-,86.0,0.87,0.24,662,0.28,,,,288.,,11.8,662.,,,3.56
"",,hacr,6O2,41-4,892,025,383,,571,,,,15,,34,00,,,91
"",,ylic,,,4,,,,,,,,,,,,,,
"",,acid,,,,,,,,,,,,,,,,,
105,193,Met,CH4,74-,16.0,2.92,0.28,190.,0.28,,,,90.6,,28.1,190.,,,10.0
"",,han,,82-8,425,14,976,56,881,,,,9,,8,56,,,820
"",,e,,,,,,,,,,,,,,,,,
105,194,Met,CH4,67-,32.0,2.32,0.27,512.,0.24,,,,175.,,27.9,512.,,,8.59
"",,han,O,56-1,418,67,073,5,713,,,,47,,15,50,,,42
"",,ol,,,6,,,,,,,,,,,,,,
105,195,N-,C3H,79-,73.0,0.88,0.23,718,0.27,,,,301.,,13.0,718.,,,3.74
"",,Met,7NO,16-3,937,268,568,,379,,,,15,,12,00,,,52
"",,hyl,,,8,,,,,,,,,,,,,,
"",,acet,,,,,,,,,,,,,,,,,
"",,ami,,,,,,,,,,,,,,,,,
"",,de,,,,,,,,,,,,,,,,,
105,196,Met,C3H,79-,74.0,1.13,0.25,506.,0.27,,,,175.,,14.4,506.,,,4.35
"",,hyl,6O2,20-9,785,,93,55,64,,,,15,,75,55,,,79
"",,acet,,,4,,,,,,,,,,,,,,
"",,ate,,,,,,,,,,,,,,,,,
Eqn,Cmp,Nam,For,CAS,Mol.,C,C,C,C,C,C,C,"T ,",,Den,T,",",,Den
"",d.,e,mul,,wt.,,,,,,,,K,,sity,K,,,sity
"",no.,,a,,,,,,,,,,,,at,,,,at
"",,,,,,,,,,,,,,,T,,,,T
105,197,Met,C3H,74-,40.0,1.60,0.26,402.,0.27,,,,170.,,19.0,402.,,,6.08
"",,hyl,4,99-7,638,85,436,4,987,,,,45,,31,40,,,45
"",,acet,,,6,,,,,,,,,,,,,,
"",,ylen,,,,,,,,,,,,,,,,,
"",,e,,,,,,,,,,,,,,,,,
105,198,Met,C4H,96-,86.0,0.97,0.26,536,0.25,,,,196.,,12.2,536.,,,3.70
"",,hyl,6O2,33-3,892,286,267,,08,,,,32,,03,00,,,37
"",,acry,,,4,,,,,,,,,,,,,,
"",,late,,,,,,,,,,,,,,,,,
105,199,Met,CH5,74-,31.0,1.39,0.21,430.,0.22,,,,179.,,25.3,430.,,,6.49
"",,hyl,N,89-5,571,,405,05,75,,,,69,,78,05,,,38
"",,ami,,,,,,,,,,,,,,,,,
"",,ne,,,,,,,,,,,,,,,,,
105,200,Met,C8H,93-,136.,0.53,0.23,693,0.28,,,,260.,,8.22,693.,,,2.29
"",,hyl,8O2,58-3,147,382,274,,147,,,,75,,02,00,,,36
"",,ben,,,92,,,,,,,,,,,,,,
"",,zoat,,,,,,,,,,,,,,,,,
"",,e,,,,,,,,,,,,,,,,,
105,201,3-,C5H,598-,68.1,0.84,0.24,490,0.29,,,,159.,,11.9,490.,,,3.43
"",,Met,8,25-4,170,623,625,,041,,,,53,,94,00,,,65
"",,hyl-,,,2,,,,,,,,,,,,,,
"",,"1,2-",,,,,,,,,,,,,,,,,
"",,buta,,,,,,,,,,,,,,,,,
"",,dien,,,,,,,,,,,,,,,,,
"",,e,,,,,,,,,,,,,,,,,
105,202,2-,C5H,78-,72.1,0.91,0.27,460.,0.28,,,,113.,,10.7,460.,,,3.30
"",,Met,12,78-4,487,991,815,4,667,,,,25,,64,40,,,72
"",,hylb,,,8,,,,,,,,,,,,,,
"",,utan,,,,,,,,,,,,,,,,,
"",,e,,,,,,,,,,,,,,,,,
105,203,2-,C5H,116-,102.,0.72,0.25,643,0.28,,,,193.,,9.99,643.,,,2.88
"",,Met,10O2,53-0,131,762,244,,571,,,,00,,15,00,,,23
"",,hylb,,,7,,,,,,,,,,,,,,
"",,utan,,,,,,,,,,,,,,,,,
"",,oic,,,,,,,,,,,,,,,,,
"",,acid,,,,,,,,,,,,,,,,,
105,204,3-,C5H,123-,88.1,0.81,0.26,577.,0.23,,,,155.,,10.2,577.,,,3.03
"",,Met,12O,51-3,482,89,974,2,573,,,,95,,48,20,,,59
"",,hyl-,,,,,,,,,,,,,,,,,
"",,1-,,,,,,,,,,,,,,,,,
"",,buta,,,,,,,,,,,,,,,,,
"",,nol,,,,,,,,,,,,,,,,,
105,205,2-,C5H,563-,70.1,0.91,0.26,465,0.28,,,,135.,,11.3,465.,,,3.42
"",,Met,10,46-2,329,619,752,,164,,,,58,,32,00,,,48
"",,hyl-,,,,,,,,,,,,,,,,,
"",,1-,,,,,,,,,,,,,,,,,
"",,bute,,,,,,,,,,,,,,,,,
"",,ne,,,,,,,,,,,,,,,,,
Eqn,Cmp,Nam,For,CAS,Mol.,C,C,C,C,C,C,C,"T ,",,Den,T,",",,Den
"",d.,e,mul,,wt.,,,,,,,,K,,sity,K,,,sity
"",no.,,a,,,,,,,,,,,,at,,,,at
"",,,,,,,,,,,,,,,T,,,,T
105,206,2-,C5H,513-,70.1,0.93,0.27,470,0.25,,,,139.,,11.2,470.,,,3.42
"",,Met,10,35-9,329,391,275,,78,,,,39,,16,00,,,41
"",,hyl-,,,,,,,,,,,,,,,,,
"",,2-,,,,,,,,,,,,,,,,,
"",,bute,,,,,,,,,,,,,,,,,
"",,ne,,,,,,,,,,,,,,,,,
105,207,2-,C5H,78-,66.1,1.11,0.27,492,0.30,,,,160.,,12.5,492.,,,4.03
"",,Met,6,80-8,011,57,671,,821,,,,15,,81,00,,,20
"",,hyl-,,,4,,,,,,,,,,,,,,
"",,1-,,,,,,,,,,,,,,,,,
"",,bute,,,,,,,,,,,,,,,,,
"",,ne-,,,,,,,,,,,,,,,,,
"",,3-,,,,,,,,,,,,,,,,,
"",,yne,,,,,,,,,,,,,,,,,
105,208,Met,C5H,628-,88.1,0.83,0.27,512.,0.27,,,,157.,,9.75,512.,,,3.03
"",,hylb,12O,28-4,481,63,514,74,553,,,,48,,81,74,,,95
"",,utyl,,,8,,,,,,,,,,,,,,
"",,ethe,,,,,,,,,,,,,,,,,
"",,r,,,,,,,,,,,,,,,,,
105,209,Met,C5H,628-,104.,0.75,0.27,593,0.29,,,,175.,,9.00,593.,,,2.77
"",,hylb,12S,29-5,214,509,183,,127,,,,30,,56,00,,,78
"",,utyl,,,,,,,,,,,,,,,,,
"",,sulfi,,,,,,,,,,,,,,,,,
"",,de,,,,,,,,,,,,,,,,,
105,210,3-,C5H,598-,68.1,0.94,0.26,463.,0.30,,,,183.,,11.5,463.,,,3.63
"",,Met,8,23-2,170,575,008,2,807,,,,45,,19,20,,,64
"",,hyl-,,,2,,,,,,,,,,,,,,
"",,1-,,,,,,,,,,,,,,,,,
"",,buty,,,,,,,,,,,,,,,,,
"",,ne,,,,,,,,,,,,,,,,,
105,211,Met,C5H,623-,102.,0.76,0.26,554.,0.26,,,,187.,,9.76,554.,,,2.94
"",,hyl,10O2,42-7,131,983,173,5,879,,,,35,,38,50,,,13
"",,buty,,,7,,,,,,,,,,,,,,
"",,rate,,,,,,,,,,,,,,,,,
105,212,Met,CH5,993-,80.5,1.06,0.26,442,0.26,,,,139.,,13.6,442.,,,4.06
"",,hylc,ClSi,00-0,889,74,257,,569,,,,05,,26,00,,,52
"",,hlor,,,,,,,,,,,,,,,,,
"",,osil,,,,,,,,,,,,,,,,,
"",,ane,,,,,,,,,,,,,,,,,
105,213,Met,C7H,108-,98.1,0.73,0.26,572.,0.29,,,,146.,,9.01,572.,,,2.71
"",,hylc,14,87-2,860,109,971,1,185,,,,58,,73,10,,,07
"",,yclo,,,6,,,,,,,,,,,,,,
"",,hex,,,,,,,,,,,,,,,,,
"",,ane,,,,,,,,,,,,,,,,,
105,214,1-,C7H,590-,114.,0.70,0.26,686,0.28,,,,285.,,8.20,686.,,,2.63
"",,Met,14O,67-0,185,13,6,,571,,,,15,,91,00,,,65
"",,hylc,,,46,,,,,,,,,,,,,,
"",,yclo,,,,,,,,,,,,,,,,,
"",,hex,,,,,,,,,,,,,,,,,
"",,anol,,,,,,,,,,,,,,,,,
Eqn,Cmp,Nam,For,CAS,Mol.,C,C,C,C,C,C,C,"T ,",,Den,T,",",,Den
"",d.,e,mul,,wt.,,,,,,,,K,,sity,K,,,sity
"",no.,,a,,,,,,,,,,,,at,,,,at
"",,,,,,,,,,,,,,,T,,,,T
105,215,cis-,C7H,744,114.,0.70,0.26,614,0.26,,,,280.,,8.29,614.,,,2.67
"",,2-,14O,3-,185,973,544,,016,,,,15,,31,00,,,38
"",,Met,,70-1,46,,,,,,,,,,,,,,
"",,hylc,,,,,,,,,,,,,,,,,
"",,yclo,,,,,,,,,,,,,,,,,
"",,hex,,,,,,,,,,,,,,,,,
"",,anol,,,,,,,,,,,,,,,,,
105,216,tran,C7H,744,114.,0.72,0.27,617,0.24,,,,269.,,8.26,617.,,,2.67
"",,s-2-,14O,3-,185,836,241,,78,,,,15,,28,00,,,38
"",,Met,,52-9,46,,,,,,,,,,,,,,
"",,hylc,,,,,,,,,,,,,,,,,
"",,yclo,,,,,,,,,,,,,,,,,
"",,hex,,,,,,,,,,,,,,,,,
"",,anol,,,,,,,,,,,,,,,,,
105,217,Met,C6H,96-,84.1,0.84,0.27,532.,0.28,,,,130.,,10.4,532.,,,3.13
"",,hylc,12,37-7,594,758,037,7,258,,,,73,,91,70,,,49
"",,yclo,,,8,,,,,,,,,,,,,,
"",,pent,,,,,,,,,,,,,,,,,
"",,ane,,,,,,,,,,,,,,,,,
105,218,1-,C6H,693-,82.1,0.88,0.26,542,0.27,,,,146.,,10.9,542.,,,3.30
"",,Met,10,89-0,436,824,914,,874,,,,62,,8,00,,,03
"",,hylc,,,,,,,,,,,,,,,,,
"",,yclo,,,,,,,,,,,,,,,,,
"",,pent,,,,,,,,,,,,,,,,,
"",,ene,,,,,,,,,,,,,,,,,
105,219,3-,C6H,112,82.1,0.91,0.27,526,0.26,,,,168.,,10.5,526.,,,3.30
"",,Met,10,0-,436,09,6,,756,,,,54,,38,00,,,04
"",,hylc,,62-3,,,,,,,,,,,,,,,
"",,yclo,,,,,,,,,,,,,,,,,
"",,pent,,,,,,,,,,,,,,,,,
"",,ene,,,,,,,,,,,,,,,,,
105,220,Met,CH4,75-,115.,0.97,0.28,483,0.22,,,,182.,,10.7,483.,,,3.46
"",,hyld,Cl2S,54-7,033,608,209,,529,,,,55,,89,00,,,02
"",,ichl,i,,96,,,,,,,,,,,,,,
"",,oros,,,,,,,,,,,,,,,,,
"",,ilan,,,,,,,,,,,,,,,,,
"",,e,,,,,,,,,,,,,,,,,
105,221,Met,C3H,540-,60.0,1.26,0.27,437.,0.27,,,,160.,,13.9,437.,,,4.53
"",,hyle,8O,67-0,950,35,878,8,44,,,,00,,95,80,,,22
"",,thyl,,,2,,,,,,,,,,,,,,
"",,ethe,,,,,,,,,,,,,,,,,
"",,r,,,,,,,,,,,,,,,,,
105,222,Met,C4H,78-,72.1,0.93,0.25,535.,0.29,,,,186.,,12.6,535.,,,3.74
"",,hyle,8O,93-3,057,767,035,5,964,,,,48,,63,50,,,54
"",,thyl,,,2,,,,,,,,,,,,,,
"",,keto,,,,,,,,,,,,,,,,,
"",,ne,,,,,,,,,,,,,,,,,
105,223,Met,C3H,624-,76.1,1.06,0.27,533,0.29,,,,167.,,12.6,533.,,,3.93
"",,hyle,8S,89-5,606,7,102,,364,,,,23,,71,00,,,70
"",,thyl,,,,,,,,,,,,,,,,,
"",,sulfi,,,,,,,,,,,,,,,,,
"",,de,,,,,,,,,,,,,,,,,
Eqn,Cmp,Nam,For,CAS,Mol.,C,C,C,C,C,C,C,"T ,",,Den,T,",",,Den
"",d.,e,mul,,wt.,,,,,,,,K,,sity,K,,,sity
"",no.,,a,,,,,,,,,,,,at,,,,at
"",,,,,,,,,,,,,,,T,,,,T
105,224,Met,C2H,107-,60.0,1.52,0.26,487.,0.28,,,,174.,,18.8,487.,,,5.78
"",,hyl,4O2,31-3,519,5,34,2,06,,,,15,,11,20,,,97
"",,for,,,6,,,,,,,,,,,,,,
"",,mat,,,,,,,,,,,,,,,,,
"",,e,,,,,,,,,,,,,,,,,
105,225,Met,C5H,625-,88.1,0.84,0.27,497,0.27,,,,188.,,9.38,497.,,,3.03
"",,hyli,12O,44-5,481,005,638,,645,,,,00,,71,00,,,95
"",,sob,,,8,,,,,,,,,,,,,,
"",,utyl,,,,,,,,,,,,,,,,,
"",,ethe,,,,,,,,,,,,,,,,,
"",,r,,,,,,,,,,,,,,,,,
105,226,Met,C6H,108-,100.,0.71,0.26,574.,0.28,,,,189.,,8.86,574.,,,2.71
"",,hyli,12O,10-1,158,687,453,6,918,,,,15,,17,60,,,00
"",,sob,,,88,,,,,,,,,,,,,,
"",,utyl,,,,,,,,,,,,,,,,,
"",,keto,,,,,,,,,,,,,,,,,
"",,ne,,,,,,,,,,,,,,,,,
105,227,Met,C2H,624-,57.0,1.02,0.20,488,0.28,,,,256.,,17.6,488.,,,4.94
"",,hyl,3NO,83-9,513,28,692,,571,,,,15,,66,00,,,30
"",,Isoc,,,2,,,,,,,,,,,,,,
"",,yan,,,,,,,,,,,,,,,,,
"",,ate,,,,,,,,,,,,,,,,,
105,228,Met,C4H,598-,74.1,0.97,0.27,464.,0.28,,,,127.,,11.9,464.,,,3.62
"",,hyli,10O,53-8,216,887,017,48,998,,,,93,,33,48,,,32
"",,sopr,,,,,,,,,,,,,,,,,
"",,opyl,,,,,,,,,,,,,,,,,
"",,ethe,,,,,,,,,,,,,,,,,
"",,r,,,,,,,,,,,,,,,,,
105,229,Met,C5H,563-,86.1,0.86,0.26,553.,0.28,,,,180.,,10.4,553.,,,3.22
"",,hyli,10O,80-4,323,567,836,4,364,,,,15,,6,40,,,58
"",,sopr,,,,,,,,,,,,,,,,,
"",,opyl,,,,,,,,,,,,,,,,,
"",,keto,,,,,,,,,,,,,,,,,
"",,ne,,,,,,,,,,,,,,,,,
105,230,Met,C4H,155,90.1,0.78,0.25,553.,0.26,,,,171.,,10.3,553.,,,3.04
"",,hyli,10S,1-,872,912,915,1,512,,,,64,,52,10,,,50
"",,sopr,,21-9,,,,,,,,,,,,,,,
"",,opyl,,,,,,,,,,,,,,,,,
"",,sulfi,,,,,,,,,,,,,,,,,
"",,de,,,,,,,,,,,,,,,,,
105,231,Met,CH4,74-,48.1,1.93,0.28,469.,0.28,,,,150.,,21.5,469.,,,6.89
"",,hyl,S,93-1,074,23,018,95,523,,,,18,,64,95,,,66
"",,mer,,,6,,,,,,,,,,,,,,
"",,capt,,,,,,,,,,,,,,,,,
"",,an,,,,,,,,,,,,,,,,,
105,232,Met,C5H,80-,100.,0.77,0.25,566,0.29,,,,224.,,10.1,566.,,,3.09
"",,hyl,8O2,62-6,115,61,068,,773,,,,95,,76,00,,,60
"",,met,,,82,,,,,,,,,,,,,,
"",,hacr,,,,,,,,,,,,,,,,,
"",,ylat,,,,,,,,,,,,,,,,,
"",,e,,,,,,,,,,,,,,,,,
Eqn,Cmp,Nam,For,CAS,Mol.,C,C,C,C,C,C,C,"T ,",,Den,T,",",,Den
"",d.,e,mul,,wt.,,,,,,,,K,,sity,K,,,sity
"",no.,,a,,,,,,,,,,,,at,,,,at
"",,,,,,,,,,,,,,,T,,,,T
105,233,2-,C9H,300,158.,0.44,0.25,694,0.28,,,,240.,,5.93,694.,,,1.75
"",,Met,18O2,4-,238,16,21,,532,,,,00,,8,00,,,17
"",,hylo,,93-1,02,,,,,,,,,,,,,,
"",,ctan,,,,,,,,,,,,,,,,,
"",,oic,,,,,,,,,,,,,,,,,
"",,acid,,,,,,,,,,,,,,,,,
105,234,2-,C6H,107-,86.1,0.72,0.26,497.,0.28,,,,119.,,9.20,497.,,,2.71
"",,Met,14,83-5,753,701,754,7,268,,,,55,,41,70,,,74
"",,hylp,,,6,,,,,,,,,,,,,,
"",,enta,,,,,,,,,,,,,,,,,
"",,ne,,,,,,,,,,,,,,,,,
105,235,Met,C6H,628-,102.,0.71,0.26,546.,0.29,,,,176.,,8.44,546.,,,2.63
"",,hyl,14O,80-8,174,004,981,49,974,,,,00,,5,49,,,16
"",,pent,,,76,,,,,,,,,,,,,,
"",,yl,,,,,,,,,,,,,,,,,
"",,ethe,,,,,,,,,,,,,,,,,
"",,r,,,,,,,,,,,,,,,,,
105,236,2-,C4H,75-,58.1,1.06,0.27,407.,0.27,,,,113.,,12.5,407.,,,3.86
"",,Met,10,28-5,222,31,506,8,58,,,,54,,74,80,,,50
"",,hylp,,,,,,,,,,,,,,,,,
"",,ropa,,,,,,,,,,,,,,,,,
"",,ne,,,,,,,,,,,,,,,,,
105,237,2-,C4H,75-,74.1,0.92,0.25,506.,0.27,,,,298.,,10.5,506.,,,3.62
"",,Met,10O,65-0,216,128,442,2,586,,,,97,,56,20,,,11
"",,hyl-,,,,,,,,,,,,,,,,,
"",,2-,,,,,,,,,,,,,,,,,
"",,prop,,,,,,,,,,,,,,,,,
"",,anol,,,,,,,,,,,,,,,,,
105,238,2-,C4H,115-,56.1,1.14,0.27,417.,0.28,,,,132.,,13.5,417.,,,4.20
"",,Met,8,11-7,063,46,24,9,172,,,,81,,07,90,,,19
"",,hyl,,,2,,,,,,,,,,,,,,
"",,prop,,,,,,,,,,,,,,,,,
"",,ene,,,,,,,,,,,,,,,,,
105,239,Met,C4H,554-,88.1,0.91,0.25,530.,0.27,,,,185.,,11.6,530.,,,3.52
"",,hyl,8O2,12-1,051,47,94,6,74,,,,65,,78,60,,,62
"",,prop,,,2,,,,,,,,,,,,,,
"",,iona,,,,,,,,,,,,,,,,,
"",,te,,,,,,,,,,,,,,,,,
105,240,Met,C4H,557-,74.1,0.96,0.26,476.,0.30,,,,133.,,12.0,476.,,,3.62
"",,hylp,10O,17-5,216,145,536,25,088,,,,97,,43,25,,,32
"",,ropy,,,,,,,,,,,,,,,,,
"",,l,,,,,,,,,,,,,,,,,
"",,ethe,,,,,,,,,,,,,,,,,
"",,r,,,,,,,,,,,,,,,,,
105,241,Met,C4H,387,90.1,0.87,0.26,565,0.30,,,,160.,,10.6,565.,,,3.25
"",,hylp,10S,7-,872,496,862,,259,,,,17,,89,00,,,72
"",,ropy,,15-4,,,,,,,,,,,,,,,
"",,l,,,,,,,,,,,,,,,,,
"",,sulfi,,,,,,,,,,,,,,,,,
"",,de,,,,,,,,,,,,,,,,,
Eqn,Cmp,Nam,For,CAS,Mol.,C,C,C,C,C,C,C,"T ,",,Den,T,",",,Den
"",d.,e,mul,,wt.,,,,,,,,K,,sity,K,,,sity
"",no.,,a,,,,,,,,,,,,at,,,,at
"",,,,,,,,,,,,,,,T,,,,T
105,242,Met,CH6,992-,46.1,1.30,0.26,352.,0.28,,,,116.,,15.7,352.,,,4.87
"",,hyls,Si,94-9,438,52,757,5,799,,,,34,,91,50,,,80
"",,ilan,,,4,,,,,,,,,,,,,,
"",,e,,,,,,,,,,,,,,,,,
105,243,alph,C9H,98-,118.,0.64,0.25,654,0.31,,,,249.,,8.00,654.,,,2.50
"",,a-,10,83-9,175,856,877,,444,,,,95,,99,00,,,63
"",,Met,,,7,,,,,,,,,,,,,,
"",,hyl,,,,,,,,,,,,,,,,,
"",,styr,,,,,,,,,,,,,,,,,
"",,ene,,,,,,,,,,,,,,,,,
105,244,Met,C5H,163,88.1,0.81,0.26,497.,0.28,,,,164.,,9.79,497.,,,3.03
"",,hyl,12O,4-,482,794,910,1,571,,,,55,,55,10,,,95
"",,tert-,,04-4,,8,5,,,,,,,,,,,,
"",,buty,,,,,,,,,,,,,,,,,
"",,l,,,,,,,,,,,,,,,,,
"",,ethe,,,,,,,,,,,,,,,,,
"",,r,,,,,,,,,,,,,,,,,
105,245,Met,C3H,107-,58.0,1.25,0.26,437,0.25,,,,151.,,15.6,437.,,,4.76
"",,hyl,6O,25-5,791,87,433,,819,,,,15,,91,00,,,19
"",,vinyl,,,4,,,,,,,,,,,,,,
"",,ethe,,,,,,,,,,,,,,,,,
"",,r,,,,,,,,,,,,,,,,,
105,246,Nap,C10,91-,128.,0.63,0.25,748.,0.27,,,,333.,,7.75,748.,,,2.45
"",,htha,H8,20-3,170,48,838,4,727,,,,15,,45,40,,,68
"",,lene,,,52,,,,,,,,,,,,,,
105,247,Neo,Ne,744,20.1,7.37,0.30,44.4,0.27,,,,24.5,,61.7,44.4,,,24.0
"",,n,,0-,797,18,67,,86,,,,6,,96,0,,,360
"",,,,01-9,,,,,,,,,,,,,,,
105,248,Nitr,C2H,79-,75.0,1.00,0.23,593,0.27,,,,183.,,15.5,593.,,,4.23
"",,oeth,5NO,24-3,666,24,655,,8,,,,63,,56,00,,,76
"",,ane,2,,,,,,,,,,,,,,,,
105,249,Nitr,N2,772,28.0,3.20,0.28,126.,0.29,,,,63.1,,31.0,126.,,,11.2
"",,oge,,7-,134,91,61,2,66,,,,5,,63,20,,,170
"",,n,,37-9,,,,,,,,,,,,,,,
105,250,Nitr,F3N,778,71.0,2.37,0.28,234,0.29,,,,66.4,,26.5,234.,,,8.42
"",,oge,,3-,019,36,17,,529,,,,6,,55,00,,,60
"",,n,,54-2,1,,,,,,,,,,,,,,
"",,trifl,,,,,,,,,,,,,,,,,
"",,uori,,,,,,,,,,,,,,,,,
"",,de,,,,,,,,,,,,,,,,,
105,251,Nitr,CH3,75-,61.0,1.37,0.23,588.,0.29,,,,244.,,19.6,588.,,,5.76
"",,ome,NO2,52-5,400,28,793,15,601,,,,60,,32,15,,,98
"",,than,,,2,,,,,,,,,,,,,,
"",,e,,,,,,,,,,,,,,,,,
105,252,Nitr,N2O,100,44.0,2.78,0.27,309.,0.28,,,,182.,,27.9,309.,,,10.2
"",,ous,,24-,128,1,244,57,82,,,,30,,28,57,,,080
"",,oxid,,97-2,,,,,,,,,,,,,,,
"",,e,,,,,,,,,,,,,,,,,
Eqn,Cmp,Nam,For,CAS,Mol.,C,C,C,C,C,C,C,"T ,",,Den,T,",",,Den
"",d.,e,mul,,wt.,,,,,,,,K,,sity,K,,,sity
"",no.,,a,,,,,,,,,,,,at,,,,at
"",,,,,,,,,,,,,,,T,,,,T
105,253,Nitri,NO,101,30.0,5.24,0.30,180.,0.24,,,,109.,,44.4,180.,,,17.2
"",,c,,02-,061,6,44,15,2,,,,50,,87,15,,,340
"",,oxid,,43-9,,,,,,,,,,,,,,,
"",,e,,,,,,,,,,,,,,,,,
105,254,Non,C19,629-,268.,0.19,0.23,758,0.28,,,,305.,,2.88,758.,,,0.82
"",,ade,H40,92-5,520,199,337,,571,,,,04,,89,00,,,27
"",,can,,,9,,,,,,,,,,,,,,
"",,e,,,,,,,,,,,,,,,,,
105,255,Non,C9H,124-,142.,0.47,0.25,658.,0.28,,,,267.,,5.94,658.,,,1.84
"",,anal,18O,19-6,238,323,691,5,571,,,,30,,15,50,,,20
"",,,,,62,3,8,,,,,,,,,,,,
105,256,Non,C9H,111-,128.,0.46,0.25,594.,0.28,,,,219.,,6.04,594.,,,1.82
"",,ane,20,84-2,255,321,444,6,571,,,,66,,27,60,,,05
"",,,,,1,,,,,,,,,,,,,,
105,257,Non,C9H,112-,158.,0.41,0.24,710.,0.30,,,,285.,,5.75,710.,,,1.71
"",,anoi,18O2,05-0,238,582,284,7,036,,,,55,,92,70,,,23
"",,c,,,,,,,,,,,,,,,,,
"",,acid,,,,,,,,,,,,,,,,,
105,258,1-,C9H,143-,144.,0.43,0.25,670.,0.24,,,,268.,,5.84,670.,,,1.73
"",,Non,20O,08-8,254,682,161,9,98,,,,15,,96,90,,,61
"",,anol,,,5,,,,,,,,,,,,,,
105,259,2-,C9H,628-,144.,0.41,0.24,649.,0.28,,,,238.,,6.02,649.,,,1.73
"",,Non,20O,99-9,255,925,191,5,571,,,,15,,23,50,,,31
"",,anol,,,,8,2,,,,,,,,,,,,
105,260,1-,C9H,124-,126.,0.48,0.25,593.,0.28,,,,191.,,6.37,593.,,,1.89
"",,Non,18,11-8,239,661,722,1,571,,,,91,,17,10,,,18
"",,ene,,,22,,,,,,,,,,,,,,
105,261,Non,C9H,145,160.,0.47,0.27,681,0.30,,,,253.,,5.45,681.,,,1.75
"",,yl,20S,5-,320,377,052,,284,,,,05,,32,00,,,13
"",,mer,,21-6,1,,,,,,,,,,,,,,
"",,capt,,,,,,,,,,,,,,,,,
"",,an,,,,,,,,,,,,,,,,,
105,262,1-,C9H,345,124.,0.52,0.25,598.,0.29,,,,223.,,6.53,598.,,,2.01
"",,Non,16,2-,223,152,918,05,177,,,,15,,69,05,,,22
"",,yne,,09-3,34,,,,,,,,,,,,,,
105,263,Oct,C18,593-,254.,0.20,0.23,747,0.28,,,,301.,,3.04,747.,,,0.87
"",,ade,H38,45-3,494,448,474,,571,,,,31,,18,00,,,11
"",,can,,,32,,,,,,,,,,,,,,
"",,e,,,,,,,,,,,,,,,,,
105,264,Oct,C8H,124-,128.,0.52,0.25,638.,0.28,,,,251.,,6.66,638.,,,2.04
"",,anal,16O,13-0,212,590,664,9,571,,,,65,,08,90,,,92
"",,,,,,1,,,,,,,,,,,,,
105,265,Oct,C8H,111-,114.,0.52,0.25,568.,0.28,,,,216.,,6.70,568.,,,2.04
"",,ane,18,65-9,228,66,693,7,571,,,,38,,49,70,,,96
"",,,,,52,,,,,,,,,,,,,,
Eqn,Cmp,Nam,For,CAS,Mol.,C,C,C,C,C,C,C,"T ,",,Den,T,",",,Den
"",d.,e,mul,,wt.,,,,,,,,K,,sity,K,,,sity
"",no.,,a,,,,,,,,,,,,at,,,,at
"",,,,,,,,,,,,,,,T,,,,T
105,266,Oct,C8H,124-,144.,0.48,0.25,694.,0.26,,,,289.,,6.31,694.,,,1.91
"",,anoi,16O2,07-2,211,251,196,26,842,,,,65,,07,26,,,50
"",,c,,,,,,,,,,,,,,,,,
"",,acid,,,,,,,,,,,,,,,,,
105,267,1-,C8H,111-,130.,0.48,0.24,652.,0.27,,,,257.,,6.57,652.,,,1.96
"",,Oct,18O,87-5,227,979,931,3,824,,,,65,,38,30,,,46
"",,anol,,,92,,,,,,,,,,,,,,
105,268,2-,C8H,123-,130.,0.52,0.26,629.,0.25,,,,241.,,6.56,629.,,,2.00
"",,Oct,18O,96-6,228,497,186,8,257,,,,55,,25,80,,,48
"",,anol,,,,,,,,,,,,,,,,,
105,269,2-,C8H,111-,128.,0.50,0.24,632.,0.29,,,,252.,,6.64,632.,,,2.01
"",,Oct,16O,13-7,212,006,851,7,942,,,,85,,77,70,,,22
"",,ano,,,04,,,,,,,,,,,,,,
"",,ne,,,,,,,,,,,,,,,,,
105,270,3-,C8H,106-,128.,0.51,0.25,627.,0.26,,,,255.,,6.62,627.,,,2.01
"",,Oct,16O,68-3,212,08,386,7,735,,,,55,,83,70,,,21
"",,ano,,,04,,,,,,,,,,,,,,
"",,ne,,,,,,,,,,,,,,,,,
105,271,1-,C8H,111-,112.,0.55,0.25,566.,0.28,,,,171.,,7.21,566.,,,2.13
"",,Oct,16,66-0,212,449,952,9,571,,,,45,,55,90,,,66
"",,ene,,,64,,,,,,,,,,,,,,
105,272,Octy,C8H,111-,146.,0.52,0.27,667.,0.30,,,,223.,,6.09,667.,,,1.93
"",,l,18S,88-6,293,577,234,3,063,,,,95,,87,30,,,06
"",,mer,,,52,,,,,,,,,,,,,,
"",,capt,,,,,,,,,,,,,,,,,
"",,an,,,,,,,,,,,,,,,,,
105,273,1-,C8H,629-,110.,0.58,0.26,574,0.28,,,,193.,,7.48,574.,,,2.26
"",,Octy,14,05-0,196,945,052,,532,,,,55,,32,00,,,26
"",,ne,,,76,,,,,,,,,,,,,,
105,274,Oxal,C2H,144-,90.0,1.19,0.27,828,0.28,,,,462.,,12.4,828.,,,4.40
"",,ic,2O4,62-7,348,11,038,,571,,,,65,,05,00,,,53
"",,acid,,,8,,,,,,,,,,,,,,
105,275,Oxy,O2,778,31.9,3.91,0.28,154.,0.29,,,,54.3,,40.7,154.,,,13.6
"",,gen,,2-,988,43,772,58,24,,,,5,,7,58,,,050
"",,,,44-7,,,,,,,,,,,,,,,
105,276,Ozo,O3,100,47.9,3.35,0.29,261,0.28,,,,80.1,,33.3,261.,,,11.2
"",,ne,,28-,982,92,884,,523,,,,5,,61,00,,,410
"",,,,15-6,,,,,,,,,,,,,,,
105,277,Pen,C15,629-,212.,0.25,0.23,708,0.28,,,,283.,,3.64,708.,,,1.05
"",,tade,H32,62-9,414,142,837,,571,,,,07,,23,00,,,47
"",,can,,,58,,,,,,,,,,,,,,
"",,e,,,,,,,,,,,,,,,,,
105,278,Pen,C5H,110-,86.1,0.85,0.26,566.,0.27,,,,191.,,10.3,566.,,,3.19
"",,tana,10O,62-3,323,658,811,1,354,,,,59,,53,10,,,49
"",,l,,,,,,,,,,,,,,,,,
Eqn,Cmp,Nam,For,CAS,Mol.,C,C,C,C,C,C,C,"T ,",,Den,T,",",,Den
"",d.,e,mul,,wt.,,,,,,,,K,,sity,K,,,sity
"",no.,,a,,,,,,,,,,,,at,,,,at
"",,,,,,,,,,,,,,,T,,,,T
105,279,Pen,C5H,109-,72.1,0.84,0.26,469.,0.27,,,,143.,,10.4,469.,,,3.17
"",,tane,12,66-0,487,947,726,7,789,,,,42,,74,70,,,84
"",,,,,8,,,,,,,,,,,,,,
105,280,Pen,C5H,109-,102.,0.73,0.25,639.,0.25,,,,239.,,9.58,639.,,,2.86
"",,tano,10O2,52-4,132,455,636,16,522,,,,15,,69,16,,,53
"",,ic,,,,,,,,,,,,,,,,,
"",,acid,,,,,,,,,,,,,,,,,
105,281,1-,C5H,71-,88.1,0.81,0.26,588.,0.25,,,,195.,,10.0,588.,,,3.05
"",,Pen,12O,41-0,482,754,732,1,348,,,,56,,61,10,,,83
"",,tano,,,,,,,,,,,,,,,,,
"",,l,,,,,,,,,,,,,,,,,
105,282,2-,C5H,603,88.1,0.81,0.26,561,0.25,,,,200.,,10.0,561.,,,3.06
"",,Pen,12O,2-,482,577,594,,551,,,,00,,17,00,,,75
"",,tano,,29-7,,,,,,,,,,,,,,,
"",,l,,,,,,,,,,,,,,,,,
105,283,2-,C5H,107-,86.1,0.90,0.27,561.,0.30,,,,196.,,10.3,561.,,,3.32
"",,Pen,10O,87-9,323,411,207,08,669,,,,29,,98,08,,,31
"",,tano,,,,,,,,,,,,,,,,,
"",,ne,,,,,,,,,,,,,,,,,
105,284,3-,C5H,96-,86.1,0.71,0.24,560.,0.27,,,,234.,,10.1,560.,,,2.97
"",,Pen,10O,22-0,323,811,129,95,996,,,,18,,02,95,,,61
"",,tano,,,,,,,,,,,,,,,,,
"",,ne,,,,,,,,,,,,,,,,,
105,285,1-,C5H,109-,70.1,0.89,0.26,464.,0.28,,,,108.,,11.5,464.,,,3.37
"",,Pen,10,67-1,329,816,608,8,571,,,,02,,21,80,,,55
"",,tene,,,,,,,,,,,,,,,,,
105,286,2-,C5H,208,104.,0.65,0.25,584.,0.28,,,,160.,,9.07,584.,,,2.59
"",,Pen,12S,4-,213,858,367,3,571,,,,75,,3,30,,,62
"",,tyl,,19-7,78,,,,,,,,,,,,,,
"",,mer,,,,,,,,,,,,,,,,,
"",,capt,,,,,,,,,,,,,,,,,
"",,an,,,,,,,,,,,,,,,,,
105,287,Pen,C5H,110-,104.,0.75,0.27,598,0.30,,,,197.,,8.85,598.,,,2.78
"",,tyl,12S,66-7,213,345,047,,583,,,,45,,75,00,,,57
"",,mer,,,78,,,,,,,,,,,,,,
"",,capt,,,,,,,,,,,,,,,,,
"",,an,,,,,,,,,,,,,,,,,
105,288,1-,C5H,627-,68.1,0.84,0.23,481.,0.35,,,,167.,,12.5,481.,,,3.61
"",,Pen,8,19-0,170,91,52,2,3,,,,45,,32,20,,,01
"",,tyne,,,2,,,,,,,,,,,,,,
105,289,2-,C5H,627-,68.1,0.92,0.25,519,0.31,,,,163.,,12.2,519.,,,3.62
"",,Pen,8,21-4,170,099,419,,077,,,,83,,4,00,,,32
"",,tyne,,,2,,,,,,,,,,,,,,
Eqn,Cmp,Nam,For,CAS,Mol.,C,C,C,C,C,C,C,"T ,",,Den,T,",",,Den
"",d.,e,mul,,wt.,,,,,,,,K,,sity,K,,,sity
"",no.,,a,,,,,,,,,,,,at,,,,at
"",,,,,,,,,,,,,,,T,,,,T
105,290,Phe,C14,85-,178.,0.45,0.25,869,0.24,,,,372.,,5.98,869.,,,1.80
"",,nant,H10,01-8,229,554,23,,841,,,,38,,53,00,,,55
"",,hren,,,2,,,,,,,,,,,,,,
"",,e,,,,,,,,,,,,,,,,,
105,291,Phe,C6H,108-,94.1,1.37,0.31,694.,0.32,,,,314.,,11.2,694.,,,4.36
"",,nol,6O,95-2,112,98,598,25,768,,,,06,,44,25,,,67
"",,,,,4,,,,,,,,,,,,,,
105,292,Phe,C7H,103-,119.,0.63,0.23,653,0.28,,,,243.,,9.64,653.,,,2.70
"",,nyl,5NO,71-9,120,163,373,,571,,,,15,,66,00,,,24
"",,isoc,,,7,,,,,,,,,,,,,,
"",,yan,,,,,,,,,,,,,,,,,
"",,ate,,,,,,,,,,,,,,,,,
105,293,Pht,C8H,85-,148.,0.53,0.22,791,0.24,,,,404.,,8.22,791.,,,2.37
"",,hali,4O3,44-9,115,93,704,,8,,,,15,,18,00,,,54
"",,c,,,56,,,,,,,,,,,,,,
"",,anh,,,,,,,,,,,,,,,,,
"",,ydri,,,,,,,,,,,,,,,,,
"",,de,,,,,,,,,,,,,,,,,
105,294,Pro,C3H,463-,40.0,1.60,0.26,394,0.29,,,,136.,,19.4,394.,,,6.06
"",,padi,4,49-0,638,87,543,,895,,,,87,,79,00,,,07
"",,ene,,,6,,,,,,,,,,,,,,
105,295,Pro,C3H,74-,44.0,1.37,0.27,369.,0.29,,,,85.4,,16.5,369.,,,5.01
"",,pan,8,98-6,956,57,453,83,359,,,,7,,83,83,,,11
"",,e,,,2,,,,,,,,,,,,,,
105,296,1-,C3H,71-,60.0,1.24,0.27,536.,0.23,,,,146.,,15.2,536.,,,4.56
"",,Pro,8O,23-8,950,57,281,8,994,,,,95,,06,80,,,62
"",,pan,,,2,,,,,,,,,,,,,,
"",,ol,,,,,,,,,,,,,,,,,
105,297,2-,C3H,67-,60.0,1.17,0.26,508.,0.24,,,,185.,,14.6,508.,,,4.46
"",,Pro,8O,63-0,95,99,44,3,653,,,,26,,63,30,,,26
"",,pan,,,,,,,,,,,,,,,,,
"",,ol,,,,,,,,,,,,,,,,,
105,298,Pro,C9H,135,122.,0.61,0.26,636,0.28,,,,199.,,7.47,636.,,,2.28
"",,pen,14,11-,207,255,769,,571,,,,00,,63,00,,,83
"",,ylcy,,13-2,46,,,,,,,,,,,,,,
"",,cloh,,,,,,,,,,,,,,,,,
"",,exe,,,,,,,,,,,,,,,,,
"",,ne,,,,,,,,,,,,,,,,,
105,299,Pro,C3H,123-,58.0,1.28,0.26,503.,0.30,,,,165.,,16.0,503.,,,4.90
"",,pion,6O,38-6,791,61,236,6,04,,,,00,,75,60,,,20
"",,alde,,,4,,,,,,,,,,,,,,
"",,hyd,,,,,,,,,,,,,,,,,
"",,e,,,,,,,,,,,,,,,,,
105,300,Pro,C3H,79-,74.0,1.09,0.25,600.,0.26,,,,252.,,13.9,600.,,,4.29
"",,pion,6O2,09-4,785,69,568,81,857,,,,45,,35,81,,,01
"",,ic,,,,,,,,,,,,,,,,,
"",,acid,,,,,,,,,,,,,,,,,
Eqn,Cmp,Nam,For,CAS,Mol.,C,C,C,C,C,C,C,"T ,",,Den,T,",",,Den
"",d.,e,mul,,wt.,,,,,,,,K,,sity,K,,,sity
"",no.,,a,,,,,,,,,,,,at,,,,at
"",,,,,,,,,,,,,,,T,,,,T
105,301,Pro,C3H,107-,55.0,0.91,0.22,561.,0.26,,,,180.,,16.0,561.,,,4.12
"",,pion,5N,12-0,785,281,125,3,811,,,,37,,67,30,,,57
"",,itrile,,,,,,,,,,,,,,,,,
105,302,Pro,C5H,109-,102.,0.73,0.25,549.,0.27,,,,178.,,9.79,549.,,,2.86
"",,pyl,10O2,60-4,131,041,456,73,666,,,,15,,41,73,,,93
"",,acet,,,7,,,,,,,,,,,,,,
"",,ate,,,,,,,,,,,,,,,,,
105,303,Pro,C3H,107-,59.1,0.91,0.23,496.,0.24,,,,188.,,13.7,496.,,,3.85
"",,pyl,9N,10-8,102,95,878,95,61,,,,36,,64,95,,,08
"",,ami,,,6,,,,,,,,,,,,,,
"",,ne,,,,,,,,,,,,,,,,,
105,304,Pro,C9H,103-,120.,0.57,0.25,638.,0.29,,,,173.,,7.98,638.,,,2.27
"",,pylb,12,65-1,191,233,171,35,616,,,,55,,21,35,,,38
"",,enz,,,58,,,,,,,,,,,,,,
"",,ene,,,,,,,,,,,,,,,,,
105,305,Pro,C3H,115-,42.0,1.44,0.26,364.,0.28,,,,87.8,,18.0,364.,,,5.36
"",,pyle,6,07-1,797,03,852,85,775,,,,9,,7,85,,,38
"",,ne,,,4,,,,,,,,,,,,,,
105,306,Pro,C4H,110-,88.1,0.91,0.26,538,0.28,,,,180.,,11.5,538.,,,3.50
"",,pyl,8O2,74-7,051,5,134,,,,,,25,,9,00,,,12
"",,for,,,2,,,,,,,,,,,,,,
"",,mat,,,,,,,,,,,,,,,,,
"",,e,,,,,,,,,,,,,,,,,
105,307,2-,C3H,75-,76.1,1.09,0.27,517,0.29,,,,142.,,12.6,517.,,,3.93
"",,Pro,8S,33-2,606,3,762,,781,,,,61,,1,00,,,70
"",,pyl,,,2,,,,,,,,,,,,,,
"",,mer,,,,,,,,,,,,,,,,,
"",,capt,,,,,,,,,,,,,,,,,
"",,an,,,,,,,,,,,,,,,,,
105,308,Pro,C3H,107-,76.1,1.07,0.27,536.,0.29,,,,159.,,12.7,536.,,,3.93
"",,pyl,8S,03-9,606,14,214,6,481,,,,95,,16,60,,,69
"",,mer,,,2,,,,,,,,,,,,,,
"",,capt,,,,,,,,,,,,,,,,,
"",,an,,,,,,,,,,,,,,,,,
105,309,"1,2-",C3H,57-,76.0,1.09,0.26,626,0.20,,,,213.,,14.3,626.,,,4.18
"",,Pro,8O2,55-6,944,23,106,,459,,,,15,,63,00,,,41
"",,pyle,,,2,,,,,,,,,,,,,,
"",,ne,,,,,,,,,,,,,,,,,
"",,glyc,,,,,,,,,,,,,,,,,
"",,ol,,,,,,,,,,,,,,,,,
105,310,Qui,C6H,106-,108.,0.83,0.25,683,0.23,,,,388.,,10.0,683.,,,3.27
"",,non,4O2,51-4,094,228,385,,658,,,,85,,82,00,,,86
"",,e,,,76,,,,,,,,,,,,,,
105,311,Silic,F4Si,778,104.,1.19,0.24,259,0.16,,,,186.,,15.6,259.,,,4.95
"",,on,,3-,079,45,128,,693,,,,35,,35,00,,,07
"",,tetr,,61-1,11,,,,,,,,,,,,,,
"",,aflu,,,,,,,,,,,,,,,,,
"",,orid,,,,,,,,,,,,,,,,,
"",,e,,,,,,,,,,,,,,,,,
Eqn,Cmp,Nam,For,CAS,Mol.,C,C C,,C,C,C,C,"T ,",,Den,T,",",,Den
"",d.,e,mul,,wt.,,,,,,,,K,,sity,K,,,sity
"",no.,,a,,,,,,,,,,,,at,,,,at
"",,,,,,,,,,,,,,,T,,,,T
105,312,Styr,C8H,100-,104.,0.73,0.26 636,,0.30,,,,242.,,9.10,636.,,,2.84
"",,ene,8,42-5,149,97,03,,09,,,,54,,88,00,,,17
"",,,,,12,,,,,,,,,,,,,,
105,313,Suc,C4H,110-,118.,0.65,0.21 838,,0.28,,,,460.,,10.2,838.,,,3.03
"",,cini,6O4,15-6,088,882,741,,571,,,,85,,1,00,,,03
"",,c,,,04,,,,,,,,,,,,,,
"",,acid,,,,,,,,,,,,,,,,,
105,314,Sulf,O2S,744,64.0,2.10,0.25 430.,,0.28,,,,197.,,25.2,430.,,,8.14
"",,ur,,6-,638,6,842 75,,95,,,,67,,98,75,,,95
"",,diox,,09-5,,,,,,,,,,,,,,,
"",,ide,,,,,,,,,,,,,,,,,
105,315,Sulf,F6S,255,146.,1.35,0.27 318.,,0.29,,,,223.,,12.6,318.,,,5.03
"",,ur,,1-,055,87,01 69,,21,,,,15,,31,69,,,04
"",,hex,,62-4,419,,,,,,,,,,,,,,
"",,aflu,,,2,,,,,,,,,,,,,,
"",,orid,,,,,,,,,,,,,,,,,
"",,e,,,,,,,,,,,,,,,,,
105,316,Sulf,O3S,744,80.0,1.49,0.19 490.,,0.43,,,,289.,,24.2,490.,,,7.87
"",,ur,,6-,632,69,013 85,,59,,,,95,,41,85,,,30
"",,triox,,11-9,,,,,,,,,,,,,,,
"",,ide,,,,,,,,,,,,,,,,,
105,317,Tere,C8H,100-,166.,0.41,0.17 883.,,0.28,,,,700.,,7.10,883.,,,2.35
"",,phth,6O4,21-0,130,922,775 6,,571,,,,15,,2,60,,,85
"",,alic,,,84,,,,,,,,,,,,,,
"",,acid,,,,,,,,,,,,,,,,,
105,318,o-,C18,84-,230.,0.34,0.25 857,,0.29,,,,329.,,4.55,857.,,,1.37
"",,Ter,H14,15-1,303,48,116,,268,,,,35,,26,00,,,28
"",,phe,,,76,,,,,,,,,,,,,,
"",,nyl,,,,,,,,,,,,,,,,,
100,318,o-,C18,84-,230.,5.71,?0.003474,,,,,,288.,,4.71,313.,,,4.62
"",,Ter,H14,15-1,303,36,,,,,,,15,,26,19,,,56
"",,phe,,,76,,,,,,,,,,,,,,
"",,nyl,,,,,,,,,,,,,,,,,
105,319,Tetr,C14,629-,198.,0.27,0.24 693,,0.28,,,,279.,,3.88,693.,,,1.13
"",,ade,H30,59-4,388,248,007,,571,,,,01,,9,00,,,50
"",,can,,,,,,,,,,,,,,,,,
"",,e,,,,,,,,,,,,,,,,,
105,320,Tetr,C4H,109-,72.1,1.25,0.28 540.,,0.29,,,,164.,,13.9,540.,,,4.46
"",,ahy,8O,99-9,057,43,084 15,,12,,,,65,,98,15,,,62
"",,drof,,,2,,,,,,,,,,,,,,
"",,uran,,,,,,,,,,,,,,,,,
105,321,"1,2,3",C10,119-,132.,0.67,0.27 720,,0.28,,,,237.,,7.63,720.,,,2.43
"",,",4-",H12,64-2,202,717,772,,78,,,,38,,8,00,,,83
"",,Tetr,,,28,,,,,,,,,,,,,,
"",,ahy,,,,,,,,,,,,,,,,,
"",,dron,,,,,,,,,,,,,,,,,
"",,apht,,,,,,,,,,,,,,,,,
"",,hale,,,,,,,,,,,,,,,,,
"",,ne,,,,,,,,,,,,,,,,,
Eqn,Cmp,Nam,For,CAS,Mol.,C,C,C,C,C,C,C,"T ,",,Den,T,",",,Den
"",d.,e,mul,,wt.,,,,,,,,K,,sity,K,,,sity
"",no.,,a,,,,,,,,,,,,at,,,,at
"",,,,,,,,,,,,,,,T,,,,T
105,322,Tetr,C4H,110-,88.1,1.16,0.28,631.,0.28,,,,176.,,12.4,631.,,,4.01
"",,ahy,8S,01-0,713,28,954,95,674,,,,99,,08,95,,,60
"",,drot,,,2,,,,,,,,,,,,,,
"",,hiop,,,,,,,,,,,,,,,,,
"",,hen,,,,,,,,,,,,,,,,,
"",,e,,,,,,,,,,,,,,,,,
105,323,"2,2,3",C8H,594-,114.,0.58,0.27,568,0.27,,,,373.,,5.72,568.,,,2.16
"",,",3-",18,82-1,228,988,201,,341,,,,96,,42,00,,,86
"",,Tetr,,,52,,,,,,,,,,,,,,
"",,ame,,,,,,,,,,,,,,,,,
"",,thyl,,,,,,,,,,,,,,,,,
"",,buta,,,,,,,,,,,,,,,,,
"",,ne,,,,,,,,,,,,,,,,,
105,324,Thio,C4H,110-,84.1,1.28,0.28,579.,0.30,,,,234.,,13.4,579.,,,4.56
"",,phe,4S,02-1,395,74,194,35,781,,,,94,,3,35,,,62
"",,ne,,,6,,,,,,,,,,,,,,
105,325,Tolu,C7H,108-,92.1,0.87,0.27,591.,0.29,,,,178.,,10.4,591.,,,3.24
"",,ene,8,88-3,384,92,136,75,241,,,,18,,87,75,,,00
"",,,,,2,,,,,,,,,,,,,,
105,326,"1,1,2",C2H,79-,133.,0.90,0.25,602,0.31,,,,236.,,11.4,602.,,,3.55
"",,-,3Cl3,00-5,404,62,475,,,,,,50,,78,00,,,72
"",,Tric,,,22,,,,,,,,,,,,,,
"",,hlor,,,,,,,,,,,,,,,,,
"",,oeth,,,,,,,,,,,,,,,,,
"",,ane,,,,,,,,,,,,,,,,,
105,327,Trid,C13,629-,184.,0.29,0.24,675,0.28,,,,267.,,4.18,675.,,,1.23
"",,eca,H28,50-5,361,934,33,,571,,,,76,,17,00,,,03
"",,ne,,,42,,,,,,,,,,,,,,
105,328,Trie,C6H,121-,101.,0.70,0.27,535.,0.28,,,,158.,,8.28,535.,,,2.56
"",,thyl,15N,44-8,19,35,386,15,72,,,,45,,43,15,,,88
"",,ami,,,,,,,,,,,,,,,,,
"",,ne,,,,,,,,,,,,,,,,,
105,329,Tri,C3H,75-,59.1,1.01,0.25,433.,0.26,,,,156.,,13.1,433.,,,3.93
"",,met,9N,50-3,102,16,683,25,96,,,,08,,44,25,,,88
"",,hyl,,,6,,,,,,,,,,,,,,
"",,ami,,,,,,,,,,,,,,,,,
"",,ne,,,,,,,,,,,,,,,,,
105,330,"1,2,3",C9H,526-,120.,0.65,0.27,664.,0.26,,,,243.,,7.72,664.,,,2.41
"",,-,12,73-8,191,31,002,5,268,,,,15,,78,50,,,87
"",,Tri,,,58,,,,,,,,,,,,,,
"",,met,,,,,,,,,,,,,,,,,
"",,hylb,,,,,,,,,,,,,,,,,
"",,enz,,,,,,,,,,,,,,,,,
"",,ene,,,,,,,,,,,,,,,,,
Eqn,Cmp,Nam,For,CAS,Mol.,C,C,C,C,C,C,C,"T ,",,Den,T,",",,Den
"",d.,e,mul,,wt.,,,,,,,,K,,sity,K,,,sity
"",no.,,a,,,,,,,,,,,,at,,,,at
"",,,,,,,,,,,,,,,T,,,,T
105,331,"1,2,4",C9H,95-,120.,0.60,0.25,649.,0.27,,,,229.,,7.68,649.,,,2.32
"",,-,12,63-6,191,394,956,1,713,,,,33,,9,10,,,68
"",,Tri,,,58,,,,,,,,,,,,,,
"",,met,,,,,,,,,,,,,,,,,
"",,hylb,,,,,,,,,,,,,,,,,
"",,enz,,,,,,,,,,,,,,,,,
"",,ene,,,,,,,,,,,,,,,,,
105,332,"2,2,4",C8H,540-,114.,0.59,0.27,543.,0.28,,,,165.,,6.91,543.,,,2.15
"",,-,18,84-1,228,059,424,8,47,,,,78,,46,80,,,36
"",,Tri,,,52,,,,,,,,,,,,,,
"",,met,,,,,,,,,,,,,,,,,
"",,hylp,,,,,,,,,,,,,,,,,
"",,enta,,,,,,,,,,,,,,,,,
"",,ne,,,,,,,,,,,,,,,,,
105,333,"2,3,3",C8H,560-,114.,0.60,0.27,573.,0.27,,,,172.,,7.09,573.,,,2.19
"",,-,18,21-4,228,28,446,5,41,,,,22,,34,50,,,63
"",,Tri,,,52,,,,,,,,,,,,,,
"",,met,,,,,,,,,,,,,,,,,
"",,hylp,,,,,,,,,,,,,,,,,
"",,enta,,,,,,,,,,,,,,,,,
"",,ne,,,,,,,,,,,,,,,,,
105,334,"1,3,5",C6H,99-,213.,0.48,0.23,846,0.28,,,,398.,,7.08,846.,,,2.08
"",,-,3N3,35-4,104,195,093,,571,,,,40,,25,00,,,70
"",,Trini,O6,,52,,,,,,,,,,,,,,
"",,trob,,,,,,,,,,,,,,,,,
"",,enz,,,,,,,,,,,,,,,,,
"",,ene,,,,,,,,,,,,,,,,,
105,335,"2,4,6",C7H,118-,227.,0.37,0.21,828,0.29,,,,354.,,6.45,828.,,,1.74
"",,-,5N3,96-7,131,378,379,,905,,,,00,,21,00,,,84
"",,Trini,O6,,1,,,,,,,,,,,,,,
"",,trot,,,,,,,,,,,,,,,,,
"",,olue,,,,,,,,,,,,,,,,,
"",,ne,,,,,,,,,,,,,,,,,
105,336,Und,C11,112,156.,0.36,0.24,639,0.28,,,,247.,,4.94,639.,,,1.47
"",,eca,H24,0-,308,703,876,,571,,,,57,,53,00,,,54
"",,ne,,21-4,26,,,,,,,,,,,,,,
105,337,1-,C11,112-,172.,0.33,0.23,703.,0.27,,,,288.,,4.85,703.,,,1.39
"",,Und,H24,42-5,307,113,676,9,62,,,,45,,94,90,,,86
"",,eca,O,,66,,,,,,,,,,,,,,
"",,nol,,,,,,,,,,,,,,,,,
105,338,Viny,C4H,108-,86.0,0.95,0.25,519.,0.27,,,,180.,,12.2,519.,,,3.69
"",,l,6O2,05-4,892,91,93,13,448,,,,35,,87,13,,,88
"",,acet,,,4,,,,,,,,,,,,,,
"",,ate,,,,,,,,,,,,,,,,,
105,339,Viny,C4H,689-,52.0,1.27,0.26,454,0.29,,,,173.,,15.6,454.,,,4.87
"",,l,4,97-4,745,03,041,,7,,,,15,,64,00,,,81
"",,acet,,,6,,,,,,,,,,,,,,
"",,ylen,,,,,,,,,,,,,,,,,
"",,e,,,,,,,,,,,,,,,,,
Eqn Cmp,Nam,For,CAS,Mol.,C,C,C C,,C C,C,"T ,",,Den,T,",",,Den
d.,e,mul,,wt.,,,,,,,K,,sity,K,,,sity
no.,,a,,,,,,,,,,,at,,,,at
"",,,,,,,,,,,,,T,,,,T
105 340,Viny,C2H,75-,62.4,1.51,0.27,432 0.27,,,,119.,,18.4,432.,,,5.58
"",l,3Cl,01-4,982,15,07,16,,,,36,,81,00,,,37
"",chlo,,,2,,,,,,,,,,,,,
"",ride,,,,,,,,,,,,,,,,
105 341,Viny,C2H,75-,161.,0.59,0.24,543. 0.24,,,,178.,,8.82,543.,,,2.45
"",l,3Cl3,94-5,489,595,314,15 856,,,,35,,36,15,,,11
"",trich,Si,,72,,,,,,,,,,,,,
"",loro,,,,,,,,,,,,,,,,
"",sila,,,,,,,,,,,,,,,,
"",ne,,,,,,,,,,,,,,,,
100 342,Wat,H2O,773,18.0,–,0.64,?0.001911.8224,,,,273.,,55.4,353.,,,54.0
"",er,,2-,152,13.8,038,11E-,,,,16,,97,15,,,010
"",,,18-5,8,51,,06,,,,,,,,,,
119 342,Wat,H2O,773,18.0,17.8,35.6,19.6 –,,?31.367?813.56?17421020730.,,,,55.4,647.,,,17.8
"",er,,2-,152,74,18,55 9.13,,,,16,,87,096,,,740
"",,,18-5,8,,,06,,,,,,,,,,
105 343,m-,C8H,108-,106.,0.68,0.26,617 0.27,,,,225.,,8.64,617.,,,2.64
"",Xyle,10,38-3,165,902,086,479,,,,30,,8,00,,,13
"",ne,,,,,,,,,,,,,,,,
105 344,o-,C8H,95-,106.,0.69,0.26,630. 0.27,,,,247.,,8.62,630.,,,2.67
"",Xyle,10,47-6,165,962,143,3 365,,,,98,,29,30,,,61
"",ne,,,,,,,,,,,,,,,,
105 345,p-,C8H,106-,106.,0.67,0.25,616. 0.27,,,,286.,,8.16,616.,,,2.61
"",Xyle,10,42-3,165,752,887,2 596,,,,41,,14,20,,,72
"",ne,,,,,,,,,,,,,,,,
"Except for o-terphenyl and water, liquid density ? is calculated by Eqn 105: ? = C",,,,,,,,,[1 + (1 – T/C3)^C4]1 /(C 2,,) where ? is in mol/dm3 and T is,,,,,,
in K. The pressure is equal to the vapor pressure for pressures greater than 1 atm and equal to 1 atm when the vapor pressure is less,,,,,,,,,,,,,,,,,
than 1 atm.,,,,,,,,,,,,,,,,,
"Equation (2-100), used for the limited temperature ranges as noted for o-terphenyl and water, is ? = C1 + C",,,,,,,,,,,2T + C3T,,2 + C,T34 .,,,
"Equation (2-119), used for water, is ? = C",,,,?43/31  + C,2 ?1/3 + C,3 ?2/3 + C,4 ?5/3 + C 5 ?16/3 + C,,6  + C 7?,"110/3 where ? = 1 ? T/TC, and TC =",,,,,,,
critical temperature (647.096 K).,,,,,,,,,,,,,,,,,
Values in this table were taken from the Design Institute for Physical Properties (DIPPR) of the American Institute of Chemical,,,,,,,,,,,,,,,,,
"Engineers (AIChE), 801 Critically Evaluated Gold StandardTM Database, copyright 2016 AIChE, and reproduced with permission of",,,,,,,,,,,,,,,,,
"AIChE and of the DIPPR Evaluated Process Design Data Project Steering Committee. Their source should be cited as R. L. Rowley,",,,,,,,,,,,,,,,,,
"W. V. Wilding, J. L. Oscarson, T. A. Knotts, and N. F. Giles, DIPPR® Data Compilation of Pure Chemical Properties, Design Institute for",,,,,,,,,,,,,,,,,
"Physical Properties, AIChE, New York, NY (2016).",,,,,,,,,,,,,,,,,
