smiles,kow
NC(=O)CCOc1ccccc1,1.0665094038643992
CC(=O)OCC1SC(n2ccnc2[N+](=O)[O-])C(OC(C)=O)C(OC(C)=O)C1OC(C)=O,0.7440622096599225
O=S(=O)(NC(=S)N1CCCCC1)c1cnccc1NC1CCCCCC1,4.072728550310522
Cc1ncc([N+](=O)[O-])n1CCN=[N+]=N,0.6433479792956525
CCCCCOC(=O)C(C(=O)OCCCCC)=C1SCCS1,5.715781633305964
CCCCCCc1ccc(O)cc1O,4.133106288877487
NCC(=O)NC(Cc1ccccc1)C(=O)NC(Cc1ccccc1)C(=O)O,-0.401308734298496
CNc1ccccc1C,2.2741380084237184
CC1CN(C(=O)c2ccccc2)CC(C)N1N=O,1.2747488736267925
CC(C)OC(=O)C(C(=O)OC(C)C)=C1SCCS1,3.022930223608862
CCCOC,1.0302410231030965
CCOc1nc(NC)nc(NC(=O)NS(=O)(=O)c2ccccc2C(=O)OC)n1,1.784369557071542
CCN1C(=O)C(=O)c2cccc(OC)c2C1=O,1.011218928005832
OC(Cn1ccnc1)(c1cccc(Br)c1)c1ccc(F)cc1F,3.908400173043979
CCC(=O)C1(c2cccc(O)c2)CCN(C)CC1,0.6393079692676085
CN(C)C(N(C)C)=S(I)c1cccc(I)c1,0.2549970595520128
Nc1ccnnc1,-0.8776214727245484
CCCCOc1ccc(O)cc1,3.036602126411628
C=COCC,1.134206365818469
CC(C)OC(=O)c1ccccc1C(=O)OC(C)C,3.6720078500515445
CCC(C)C(=O)Nc1ccccc1,2.476524857840871
COCC(O)Cn1c(C)cnc1[N+](=O)[O-],-0.24688454639542945
COC(=O)CSc1ccccc1[N+](=O)[O-],1.8451182861258555
CCC(C)N,0.8939026657065186
CCN1Cn2c(nc3ccccc3c2=O)C1C,0.844978048418507
CNC(=O)Oc1ccccc1[N+](=O)[O-],0.9711325133956386
CCOP(=O)(O)Cc1ccc(F)cc1,0.5998562235464857
CN(C)N=Nc1ccc(CC(=O)O)cc1,2.0996872199037617
CC1CN(CC2CN=C(N)O2)CC(C)O1,0.3496340657298076
O=C(O)CCCCON=C(c1cccc(C(F)(F)F)c1)c1ncccn1,2.780483331506137
CNC(=O)CSP(=S)(OC)OC,0.7391544448628333
CC(=O)NC(CC(C)C)C(=O)NC(CC(=O)O)C(=O)NC(CC(C)C)C(N)=O,-0.04463810671426849
COc1ccc(Cc2cnc(N)nc2N)cc1,1.4754022693450999
c1cc2ccc1CCc1ccc(cc1)CC2,3.2637031452025553
NC(=S)c1cccnc1,0.5365607725716917
Cc1ccc(S(=O)(=O)C2(C(=O)OC(C)C)CCCCC2)cc1,3.4555052680067844
Cc1oc2ccc3ccc(=O)oc3c2c1C,2.8380957892956555
NS(=O)(=O)c1nc2ccc(OCc3ccccc3)cc2s1,3.053571758741491
CCC[N+](=O)[O-],0.611033780677618
CC(C)C1=Nc2cc(Cl)ccc2S(=O)(=O)N1,1.9904509334123408
O=C(Cn1ccnc1[N+](=O)[O-])NCCCCO,-0.99166603705065
CCC(=O)C(CS(=O)(=O)c1ccc(C)cc1)c1ccccc1,2.6339853160865117
Clc1cc(Cl)c(Oc2ccccc2)cc1Cl,5.767442613473695
CC(C)SCc1cc(=O)c(O)co1,0.9308517879397094
NCCCCc1cccnc1,-0.007415816543238307
CC1c2nc3ccccc3c(=O)n2CN1CCO,-0.31273806044362606
COCCOC(=O)C1=C(C)NC(C)=C(C(=O)OCCOC)C1c1cccc2c1OCO2,2.9834912213680935
CN(C)CCC(c1ccccc1)c1ccccc1,4.132090513682794
COCCOCC1COC(c2ccc(Cl)cc2Cl)(n2cncn2)O1,2.099036488919662
CON(C)C(=O)c1cn2c(C)c(C)nc2c2c1CCC(c1ccccc1)O2,3.453634590442036
CCNc1nc(Cl)nc(N(CC)CC)n1,3.28109385697727
NNC(=O)c1ccccc1Cl,0.5283549514915988
Nc1n[n+]([O-])c2ccccc2[n+]1[O-],-0.0797807044590213
CCC1(C(=O)NC(C)c2ccc(Cl)cc2)C(C)C1(Cl)Cl,5.318077870331759
O=C(O)c1cn(-c2ccc(Cl)cc2Cl)c2cc(N3CCNCC3)c(F)cc2c1=O,0.8377863687535743
O=C1NC(=S)NC(=O)C12CCCCC2,1.5545929792291642
CN(C(O)=NC(C)(C)c1ccccc1)c1ccccc1,3.654451255194961
CCc1ccc(C)c(C)c1,4.061720361657596
C#CCON=CNc1cc(Cl)c(OCC#C)c(OCC#C)c1,2.3454680467687665
CNC(=O)Nc1ccccc1,1.0190229482395576
O=C(NN=Cc1ccoc1)Nc1ccccc1,2.6501348455503617
Cc1ccc(C)c(NN=C(C#N)C#N)c1,3.291867979482502
COCCNC(=O)COc1ccc(OCCNCC(O)COc2ccccc2)cc1,1.51878472524354
O=C(NCC(O)CO)c1c(I)c(N(CCO)C(=O)CO)c(I)c(N(CCO)C(=O)CO)c1I,-2.806887242858805
CCOC(=O)CON=Cc1ccc(OCCOC(=O)CC)c(OC)c1,2.351276459762823
CN(C)c1ccc(N=Nc2ccccc2)cc1,4.600008675033429
CCCCn1ccc(=O)c(O)c1C,0.6245243339522728
CC(C)C(=O)NCCNCC(O)COC1CCCc2ccccc21,1.6742907202640722
Cc1nc2sccn2c(=O)c1CCN1CCC(=C(c2ccc(F)cc2)c2ccc(F)cc2)CC1,4.913332299735072
CCCN(CC)C(CC)C(=O)Nc1c(C)cccc1C,3.202116954374696
CCN1CC(C(O)C(CC2CCCCC2)NC(=O)C(Cc2c[nH]cn2)NC(=O)C(CC(=O)N2CC(OCOCCOC)C(OCOCCOC)C2)Cc2ccccc2)OC1=O,2.4245494568021044
CCN(CC)CCSC(N=O)c1nc(C)no1,0.8043251479850673
CCC(=O)OC1(C(=O)CBr)C(C)CC2C3CCC4=CC(=O)C=CC4(C)C3(F)C(=O)CC21C,3.6220841221200724
CC(=O)NNC(=O)Nc1ccc(I)cc1,1.7572691573866988
C=CCCC(C)=O,1.1370614500108855
OC(c1ccccc1)c1ccccn1,1.4878557538318213
CC(=O)N(C)Nc1ccccc1,0.7340387543905706
O=[N+]([O-])OCC(CO)O[N+](=O)[O-],0.5958354921169258
CCN(CC)C(C)CC(=O)Nc1c(C)cccc1C,2.357853484337958
CNC(=O)N(C)c1nc2ccccc2s1,2.1060680786126507
CCCC(C)C1(CC)C(=O)N=C(S)NC1=O,2.6297630307219553
CN(Cc1ccc(Br)cc1)N=O,2.190310523307694
O=C(O)c1ccccc1F,1.8238559389187543
CCc1csc(-c2ccc(C(C)C(=O)O)cc2)n1,3.8646401506955708
O=C1NC(=S)SC1=Cc1ccc([N+](=O)[O-])o1,1.4419909333116525
O=S(=O)(O)c1cc(O)c2ccccc2c1,-0.9224316885564683
S=C=Nc1ccc(N=Nc2ccccc2)cc1,5.370005483319199
Nc1ncnc2ncn(C(c3ccccc3)c3ccccc3)c12,3.3564004194006936
CCC12CC3CC(N)(C1)CC(CC)(C3)C2,3.9771493979356345
CCCN(CCCC(NC(C)=O)C(=O)NCc1ccccc1)C(=O)NC,0.7693244712223735
NS(=O)(=O)c1ccc(S(=O)(=O)CCCCO)s1,-0.46650939004549263
Cc1cccc(C)c1NC(=O)CCCN,0.3590210004932852
CC(C)OP(C)(=O)F,0.5730728043206126
CC(=O)c1ccc(O)c2ncccc12,1.7703773790210824
NC(=O)c1ccsc1,0.3402556266198993
CCNC12c3ccccc3CC1CCCC2C,3.979388765081558
CC(C)C(=O)NCCNCC(O)COCCc1ccccc1,1.175171808276482
Clc1ccc(-c2cc(Cl)c(Cl)cc2Cl)cc1Cl,6.862080564038861
CN(C)CC(=O)NCc1ccccc1,0.8560350326201385
CCOC(=O)C(C)Oc1ccc(Oc2cnc3cc(F)ccc3n2)cc1,3.787288205216053
CC(=O)Nc1ccc(N(C)C)cc1,1.4513878341302786
CCc1ccccc1CNc1[nH]cnc2ncnc1-2,3.0313916767264786
CC(C)c1ccccc1N,2.260879234005412
CC1CC2=CC(=O)CCC2C2CCC3(C)C(CCC3(C)O)C12,3.48061776644542
COc1ccccc1N1CCN(CCCOc2ccc(F)cc2)CC1,4.401842545275447
CCOC(=O)C(=Cc1ccccc1)NC=O,2.072142928276418
CN1C2CCC1CC(OC(=O)C(CO)c1ccccc1)C2,1.851484879897201
O=[N+]([O-])c1nccn1C1OC(CO)C(O)C(O)C1O,-1.733474048956663
FC(Cl)(Cl)Cl,2.4476370216584615
Cc1ccc(NC2=NCCN2)c(C)c1,1.8456506123420426
COc1nnc(OC)c2ccccc12,2.286581200099385
CC(O)COC(C)CO,-0.8697900049946763
CCCCOCCCC,3.072769103923278
O=C(O)c1ccc(O)cc1,1.6197361803959338
Clc1cc(Cl)c(NC2=NCCN2)c(Cl)c1,2.4361588763230024
Cc1nc2ccccc2c(=O)n1CC(=O)N1CCCCC1,1.5890072380583147
O=c1cc(CI)occ1O,0.7614960532142954
CNC(=O)CSP(=O)(OC)OC,-0.9445103673218282
CCCOc1ccccc1CNc1[nH]cnc2ncnc1-2,3.174358059849266
CCOC(=O)C(C(=O)OC(C)C)=C1SCCS1,2.6156159703718114
O=C(O)CSC1=NS(=O)(=O)c2ccc(C(F)(F)F)cc2N1,1.16159401117479
C=CCNc1cc(-c2nc[nH]n2)ccn1,1.8910155643994038
CC(=O)Nc1cccc(N=NN(C)C)c1,1.7487280302872126
COc1c2ccoc2cc2oc(=O)ccc12,1.8765348318093993
Cn1nnnc1SCC1=C(C(=O)O)N2C(=O)C(NC(=O)C(O)c3ccccc3)C2SC1,-0.19572546330009244
CCC1(O)CC2CN(CCc3c([nH]c4ccccc34)C(C(=O)OC)(c3cc4c(cc3OC)N(C)C3C(O)(C(=O)OC)C(OC(C)=O)C5(CC)C=CCN6CCC43C65)C2)C1,3.4475529005915053
Cc1cc(Cl)ccc1NC(=O)c1cc(F)ccc1O,4.59076366125201
Nc1nnnn1-c1cccc(Cl)c1,1.4589174338618567
Clc1cc(Cl)c(Cl)c(Oc2cc(Cl)c(Cl)cc2Cl)c1,7.008263750142566
N#Cc1c2ccccc2cc2ccccc12,3.8365031995863133
O=C1C=CC(=O)C(Cl)=C1,0.8899522957154928
COP(=O)(NC(C)=O)SC,-0.33807427775958265
CCCCOc1c(OC)cc(CCN)cc1OC,2.1460009792135186
COc1ccc(C=O)cc1O,1.1768286241004222
CCCCNC(=O)Cn1cnc([N+](=O)[O-])n1,0.3475066669411806
Cc1cc(=O)[nH]nc1C=Cc1ccc(-n2ccnc2)cc1,1.9936944486886166
O=C1CC2(CCCC2)C(=O)N1OCc1ccccc1,2.2487934588321457
O=C(NN=Cc1ccccc1O)c1ccc(O)cc1,2.9788005858708777
CS(=O)CCn1ccnc1[N+](=O)[O-],-0.5801648970055804
Nc1ccc2ccccc2c1,2.185558893374597
O=C1C=CC(=O)N1,-0.6775534057534296
CC(=O)NC(CCCN(Cc1ccccc1)C(=O)N(CCCl)N=O)C(=O)NCc1ccccc1,2.3522952302199918
CCOC(=O)CCCO,0.03647599735412754
CCn1cc(C(=O)O)c(=O)c2cc(F)c(N3CCN(C)CC3)cc21,0.0402186595072509
CON(C)C(=O)Nc1cccc([N+](=O)[O-])c1,1.4389140363180362
Cc1oc2cc3oc(=O)ccc3cc2c1C,2.8334825404889643
CCCCCCOc1ccc(S(N)(=O)=O)cc1,3.1308951675385073
Nc1ccccc1[N+](=O)[O-],1.6259973136984542
Cc1cccc(O)c1[N+](=O)[O-],2.340481887783775
CC(C)c1ccc(OCC(OC(=S)n2ccnc2)C(C)(C)C)cc1,5.467020618984547
Nc1ccc(C(=O)O)c(O)c1,1.017465520670513
CCOC(=O)CC(=O)c1ccccc1,1.8617865678209429
COC(=O)CCCCC(=O)OC,0.8902921218582593
CC(=O)N(C)c1c(I)c(C(=O)NCC(O)CO)c(I)c(C(=O)NCC(O)CO)c1I,-2.823941287131182
CCCc1c(C)nc2cccc(C)n2c1=O,2.261089937105791
CC(C)(C)N(NC(=O)c1ccccc1)C(=O)c1c(F)cccc1Cl,2.9379405221927124
CC(C)(C)c1ccc(CC2CCCC2(O)Cn2cncn2)cc1,3.5158657974293392
CC(=O)C(C)C,0.8984916256574931
CSC(C)=NOC(=O)N(C)SN(C)C(=O)ON=C(C)SC,1.9001882289771899
CCN1CC(C(O)C(CC2CCCCC2)NC(=O)C(Cc2c[nH]cn2)NC(=O)C(Cc2ccc(OC)cc2)NC(=O)N(C)CCOCOC)OC1=O,2.3269325456756076
Clc1ccc(O[Si]23OCCN(CCO2)CCO3)cc1,0.4162697244995448
OCCOc1ccccc1,1.2173121560556561
Cc1cccc(OCC2CN=C(N)O2)c1C,2.241214723181127
CN(C(=O)CCSC#N)c1ccc(S(=O)(=O)N(C)C)cc1,0.3756795612001542
CCc1nc(N)nc(N)c1-c1ccc(Cl)cc1,2.6303756435873367
CC(C)COC(=O)n1cnc(CC(NC(=O)C2CCC(=O)N2)C(=O)N2CCCC2C(N)=O)c1,-0.38536522443369803
CCCCCc1cc(OCc2ccc(-c3ccccc3)cc2)c2c(c1)OC(C)(C)C1CC=C(C)CC21,8.487742608503682
CC(C)c1cccc(C(C)C)c1NC(N)=O,2.343933383194542
CC(C)n1nc2ccccc2n1,2.496286837229101
CC(=O)NC(=O)Nc1ccccc1,1.4708526290215413
Clc1cc2c(oc3c(Cl)c(Cl)ccc32)c(Cl)c1Cl,6.8424603967140545
C[N+](C)([O-])Cc1ccccc1,-0.6532469052175096
C=C(CC(Cl)(Cl)Cl)c1ccccc1,3.8712515118705486
COc1cc(C=C[N+](=O)[O-])ccc1O,1.767607741498217
c1ccc2cc3cc4cc5ccccc5cc4cc3cc2c1,6.508640898858166
Cc1[nH]cnc1CSCCNc1ncc(Cc2cccc3c2OCO3)c(=O)n1C,1.9422851726801165
O=C(Nc1ccccc1)C(F)(F)F,2.1317285875509855
CNC(=O)NC,-0.4867926540232359
O=C(C(F)(F)F)C(F)(F)F,1.2364497593658708
COc1cc(C(=O)Nc2ccc3nn(C)nc3c2)cc(OC)c1OC,2.4109769967135524
CC(C)CC(N)C(=O)NC(CC(C)C)C(=O)NC(CC(C)C)C(=O)NC(C(=O)O)C(C)C,-0.6933801548409688
O=C1OC(C2CCCCC2)c2ccccc21,3.721650676822057
Cc1cccc(C)c1NC(=O)CN,0.23207927161874453
COP(=O)(NC(C)(C)C)SC,0.972783393153944
CC(=O)Nc1c(C)cc(O)cc1C,0.690417494383792
CCCN(CCC)c1c([N+](=O)[O-])cc(C(F)(F)F)c(N)c1[N+](=O)[O-],5.058241791315217
COc1c(C)c2c(c(O)c1CC=C(C)CCC(=O)OCCN1CCOCC1)C(=O)OC2,3.252011601030489
COC1CC(OC2CCC3(C)C(CCC4C3CCC3(C)C(C5=CC(=O)OC5)C(OC(C)=O)CC43OC(C)=O)C2)OC(C)C1O,2.6825918909588573
CCN1CCCCCC1=O,0.9740866046277266
Clc1cc(-c2ccc(Cl)c(Cl)c2Cl)cc(Cl)c1Cl,7.447908594252295
O=S(=O)(NC(=S)NC1CCCCC1)c1cnccc1NC1CCCCCC1,4.9912973482138305
Cc1nc(Nc2c([N+](=O)[O-])cc([N+](=O)[O-])cc2C(F)(F)F)c(C#N)cc1C#N,3.1815295895666305
O=[N+]([O-])c1ccc(C=Cc2cccc(CO)n2)o1,1.640168009392502
Cc1ccccc1CCN,1.7691155021694727
N#Cc1cccc(Cn2cccn2)c1,1.230461467245283
Cc1cn(C2C=CC(COP3(=O)OCc4cc([N+](=O)[O-])ccc4O3)O2)c(=O)[nH]c1=O,0.45960921199627935
CCSc1nc(NC(C)C)nc(NC(C)C)n1,4.071249870914945
CCC1(C(C)CC(C)O)C(=O)NC(=O)NC1=O,0.109266539297453
FC(F)(F)Sc1ccccc1,4.070473716718358
O=c1cc(-c2ccccc2)oc2ccc(Cl)cc12,4.066784642533902
CC(=O)n1ncc2c(O)ncnc21,-0.5911001101727207
CCCCCCCCCCC(=O)O,4.329807245150693
CC1CN(c2cc3c(cc2F)c(=O)c(C(=O)O)cn3-c2ccc(F)cc2F)CCN1,0.38837522627291454
O=P(N1CC1)(N1CC1)N1CC1,-0.9603580287873839
COCc1ccc(C(=O)O)cc1,1.3252159421714669
CC(C)(C)N(NC(=O)c1ccccc1)C(=O)c1ccccc1F,2.597219939591413
CCCn1cccc(O)c1=O,0.6528854396133938
CCSC(=O)Oc1cccc2cccnc12,3.132314486277735
O=C(NN=Cc1ccccc1)c1ccccc1,3.2003422341278247
CNC1CCc2ccccc2C1,2.206073527763806
Cc1cccc(C)c1CCN,2.3379294884794186
Clc1cccc2nccnc12,1.9581017582974807
CCCNc1c([N+](=O)[O-])cc(C(F)(F)F)cc1[N+](=O)[O-],4.0188828801518905
CCCCNC(=O)NS(=O)(=O)c1ccc(C)cc1,2.6052066163768757
O=C(O)CCCCCON=C(c1ccccc1)c1cncnc1,2.7568889954684477
CSc1nnc(-c2cc(Cl)cc(Cl)c2)c(=O)n1N,2.796015727981232
CN(C)c1ccncc1,1.0058308320261786
COc1ccc(S(=O)(=O)c2csc(S(N)(=O)=O)c2)cc1,1.4338491019299173
Cc1nc([N+](=O)[O-])c(C)[nH]1,0.17634756636775828
Cc1cc(CC(=O)O)ccc1OCc1ccccc1,3.688251648594422
c1ccc(-c2cccc(-c3ccccn3)n2)nc1,2.632975531416772
CC(C)CC(NC(=O)C(NC(=O)C(N)C(C)O)C(C)C)C(=O)O,-2.5500854191900806
CC(=O)NCc1ccc(OCC(O)CNC(C)C)cc1,0.7008369778118295
NCCCCCC(=O)O,-1.4215735551464905
O=C1CN=C(c2ccccc2Cl)c2cc(Br)ccc2N1,3.2638853660797507
COc1ccccc1N1CCN(CCNC(=S)C2CCCCC2)CC1,3.4022999305062696
c1ccc(-c2cnc3ccccc3n2)cc1,3.3413173667563623
O=S1(=O)NC(C2=CCCC2)=Nc2ccccc21,2.1237246811988695
COc1ccccc1NC(=O)NN,0.08009202926640224
CCC(C)CO,1.2380804347172905
O=C(NN1CCCCC1)NS(=O)(=O)c1ccc(Cl)cc1,1.8437746658383016
CNCCO,-0.9621647711130925
COc1ccc(CCNCC(O)COc2ccc(-c3ncc(C)[nH]3)cc2OC)cc1OC,2.4668447413402808
O=C1CCC(=O)N1c1ccccc1Cl,0.47889380100510404
O=S1(=O)N=CNc2ccc(Cl)cc21,1.0461884540387723
CC(C)(C)C(=O)OCC1CCC(n2cnc3c(=O)[nH]cnc32)O1,1.247810408723282
Nc1ccc(O)c([N+](=O)[O-])c1,0.7673998789330514
CCC(=O)Oc1ccccc1C(=O)O,2.086489943670026
C=CC(=O)OCCCCCC,3.694823690141983
O=C(NCC(F)(F)F)NS(=O)(=O)c1cnccc1NC1CCCCCCC1,3.9782494761542058
CCCCCCCCCCCCCc1ccccc1,8.690783500712195
Cc1ccccc1C(=O)NN(C(=O)c1ccccc1Cl)C(C)(C)C,3.1184627588077554
CCCCCCCCCCCCCc1cccc(O)c1,7.9980326600736
O=[N+]([O-])C=Cc1ccsc1,2.0359883206882383
c1ccc(SCc2ccccc2CCCN2CCOCC2)cc1,4.268339231042354
CCc1cc(NC(C)=O)cc(CC)c1O,2.175158239255672
CC(C)CC(NC(=O)CN)C(=O)NC(CC(C)C)C(=O)NCC(=O)NC(Cc1ccccc1)C(=O)O,-0.8148061350950475
CCOC(=O)OCn1cc(F)c(=O)[nH]c1=O,0.018890430140500403
O=C(O)Cn1nnc2ccccc21,-0.23392954605153848
Cn1cnc([N+](=O)[O-])c1[N+](=O)[O-],0.31254825060906155
CC(CO)NC1=C(N2CC2)C(=O)C(NC(C)CO)=C(N2CC2)C1=O,-0.5777238125467075
Cc1ccc2c(c1)NC(SCC(=O)O)=NS2(=O)=O,0.539877018266824
O=C(c1ccccc1)c1ccncc1,2.1298190056111186
Nc1ccc([N+](=O)[O-])cc1,1.2809168814959588
Cc1ccc(O)c(C(=O)O)c1,2.3526218227485445
CC(=O)Nc1ccc2ncccc2c1,1.2715659988008323
O=[N+]([O-])c1nccn1CCN1CCCCC1,1.0933083984551493
CC(=O)OC1C=CC2C3Cc4ccc(O)c5c4C2(CCN3C)C1O5,1.3644722878604987
CN1C(=O)CN=C(c2ccccc2)c2cc(C#N)ccc21,1.9123529701611952
c1ccc(CN2CCN(CCCOn3nnc4ccccc43)CC2)cc1,3.166557307174605
CC(C)Cc1cc(C(=O)NN)ccn1,0.8538185383876706
Cc1nc([N+](=O)[O-])c(Br)[nH]1,1.0431173841921548
CC(C)OC(=O)C(C(=O)OC(C)C)=C1SCCS1=O,2.0085416992945
CC(=O)Nc1ncnc2c1ncn2C1CC(O)C(CO)O1,-1.2763462389879505
Nc1ncc(Cc2ccccc2Cl)c(N)n1,2.1672191871435826
Cc1c(O)c(=O)ccn1CCCOC(=O)c1ccccc1,1.3804826737674947
O=CNc1cccc(Cl)c1,1.987541001879534
O=C(O)C(O)(c1ccccc1)c1ccccc1,1.5771042283554206
NS(=O)(=O)c1cc2c(cc1Cl)NC(c1ccccc1)=NS2(=O)=O,1.5518389715304934
O=C1C=C(c2ccc(Cl)cc2)C(=O)N1c1ccc(Cl)cc1,3.5289095664611643
CC(=O)NC(CC(C)C)C(=O)NC(CCCN)C(=O)NC(Cc1ccccc1)C(N)=O,-0.13815673634272763
CC1=CCC2C(C1)c1c(O)cc(NS(C)(=O)=O)cc1OC2(C)C,4.825253066763588
O=[N+]([O-])c1cc[n+]([O-])cc1,-0.5216331114731063
CC(=O)c1ccccc1S(I)=C(N(C)C)N(C)C,-0.9948381833910132
Clc1ccc(CNc2ncnc3nc[nH]c23)cc1,2.676810598705041
Clc1ccc2[nH]c(Cc3ccc(Br)cc3)nc2c1,5.175484424616931
O=C(O)c1ccc([N+](=O)[O-])c(O)c1,1.648844767422847
O=C1Nc2ccc3cc4ccccc4nc3c2CO1,2.264526878263889
c1cnc2nccnc2c1,0.25253484487785216
Clc1cc(Cl)c(Oc2cc(Cl)c(Cl)cc2Cl)cc1Cl,6.978666635805768
CCOC(=O)C1(c2ccccc2)CCN(C)CC1,2.017044122837602
COC(=O)c1cc(OC(=O)N2CCCC2)c(Cl)cc1Cl,3.683762240276296
CCC1(c2ccccc2)NC(=O)NC1=O,1.478047467326904
CNP(=O)(OC)Oc1ccc(SC)cc1,1.6399429834915547
O=C(O)CSC1=NS(=O)(=O)c2cc(Br)cc(Br)c2N1,1.5374007716676528
N=[N+]=NC1CC(n2cnc3c(N)ncnc32)OC1CO,0.2962075144805878
CN(C=O)c1c(N)n(C)c(=O)n(C)c1=O,-0.7082462415633799
Nc1ncnc2c1ncn2C1OC(CO)CC1F,-0.09490471051030136
NS(=O)(=O)c1cc2cc(CN3CCOCC3)sc2o1,0.42217910506871137
O=Cc1ccccc1Cl,2.1458964241308514
COC(=O)c1ccc[nH]1,1.0884372303195888
CC(C)(C)N(NC(=O)c1ccccc1F)C(=O)c1ccccc1Cl,2.9114045116473823
CCOC(=O)CON=Cc1ccc(OCCOC(=O)c2ccccc2OC)c(OC)c1,2.9582317372308475
COc1ccc(C(=O)NN=Cc2c(O)ccc3ccccc23)cc1,4.203664870142102
COc1ccc(-c2cc3ccccn3c2)cc1,4.543817768815165
CCC1CCC(Cc2ccc(Cl)cc2)C1(O)Cn1cncn1,3.675860737863796
NC(=O)C1CCN(CCCN2c3ccccc3Sc3ccc(Cl)cc32)CC1,3.933383276143638
Cn1c(C=O)cnc1[N+](=O)[O-],0.2709162805610934
Cc1cc([N+](=O)[O-])cc([N+](=O)[O-])c1O,2.1847607239988083
C=C(C=O)CC,0.6195799724936548
Clc1cc(Oc2c(Cl)ccc(Cl)c2Cl)cc(Cl)c1Cl,6.8600956308254695
Cc1oc2cc3oc(=O)ccc3c(C)c2c1C,3.2486363214349145
O=[N+]([O-])c1ncc[nH]1,-0.5070410640376188
NNC(=O)c1ccccc1[N+](=O)[O-],0.14788429502653622
Cc1cc(-n2[nH]c(C)cc2=O)nc(C)n1,0.6233939763530318
C[SiH](C)c1ccccc1,3.727417047222809
N#CCCCCCCCCC#N,1.617335450291514
CS(=O)c1ccc([N+](=O)[O-])s1,1.1295681746442474
Nc1ccc2c3c(cccc13)-c1ccccc1-2,4.683593053755013
CCCCOCc1cccc(NC(=O)OCCN2CCCCC2)c1,4.2862049369864925
CCC(C(=O)OC(C)c1ccccc1)C(CO)Cc1cncn1C,2.329775213143577
Cn1cncc1[N+](=O)[O-],0.0775361445657099
COc1nc(N)nc(NC(C)(C)C)n1,2.1938606173132493
COc1ccc(N2CCN(CC3CN=C(N)O3)CC2)cc1,1.1226048973579625
CCOC(=O)C(C#N)=NNc1cc(C(F)(F)F)ccc1Cl,4.575154095923662
NNC(=O)c1ccnc(-c2ccccc2)c1,1.2377950134329572
CN(CC=CC#CC(C)(C)C)Cc1cccc2ccccc12,5.508288800789938
Cc1cccnn1,-0.4341810320048429
CN1CCN(N=O)CC1,-0.40892911771276497
CCNC(=O)c1cc2ccccc2[nH]1,2.2543211885025127
O=C(Nc1ccc(F)cc1)c1cc(Cl)cc(Cl)c1O,4.813345428018685
Clc1cccc(NC2=NCCN2)c1Cl,2.3713227440193725
CCOC(=O)c1cnc2c(C)cccn2c1=O,1.0665327124523967
CN(O)C(N)=O,-0.8051914514647351
COC(C)(C(=O)O)c1ccccc1,0.8999967722814965
CCOC(=O)C(CC(C)C)NC(=O)CNC(=O)CNC(=O)CCCCSc1ncnc2nc[nH]c12,0.7171748820557804
O=C1c2ccc(Cl)cc2OCN1CCO[N+](=O)[O-],2.527158680816499
CSc1cccc(NC(C)=O)c1,1.9184581592073358
c1csc(-c2ccc(-c3cccs3)s2)c1,5.434810764419323
CCCCc1ccc(C(=O)O)cc1,3.6196882388949327
N#CC=Cc1ccccc1,1.904110252893326
CCCOc1ccccn1,2.30793305119521
O=C1NC(=O)C(c2ccccc2)(c2ccccc2)N1S(=O)(=O)c1ccc(O)cc1,3.687220515872123
CCc1cccc(Nc2ccncc2S(=O)(=O)NC(=NC#N)NC(C)C)c1,2.2224830051661106
COC(=O)C(Cc1ccccc1)(Cc1ccccc1)S(=O)(=O)c1ccc([N+](=O)[O-])cc1,3.907980400622754
CN(C)CCc1cccnc1,0.7066732739765742
Cc1cc(C(=O)NN)ccn1,-0.40444515532641434
N#CC#N,-0.5916303260903448
Cc1ccc(Cc2c[nH]cn2)c(C)c1,2.839147997773924
CCCS(=O)(=O)CCC,0.2163512028149701
CC1(C(=O)Nc2ccc(O)c(Cl)c2Cl)CCCCC1,4.229529125002974
CN1CCC23CCCCC2C1Cc1ccc(O)cc13,2.9584466336986934
O=C1CCC2(O)C3Cc4ccc(O)c5c4C2(CCN3CC2CC2)C1O5,3.125169750544704
C=CC12COC(=O)C(=C)C1C1OC(=O)C(=C)C1C(OC(=O)C(=C)C)C2,0.6908403165268113
CCCN(CCCC(NC(C)=O)C(=O)NCc1ccccc1)C(=O)N(C)N=O,1.108703067315652
CC1(C)CCCC(C)(C)N1N=O,1.9756574341530773
C=C(C)C(=O)OCCOCCOCCOC(=O)C(=C)C,1.8414682048129092
COCc1cnc(C2=NC(C)(C(C)C)C(=O)N2)c(C(=O)O)c1,0.09522017422583096
CCCCCCc1ccc(CC(=O)O)cc1,4.287248159677331
CC(C)(O)C1CCC2(C)CCCC(=O)C2C1,2.6566232375858574
CC(C)CC(N)C(=O)NC(C(=O)NCC(=O)NC(C(=O)NC(Cc1ccccc1)C(=O)O)C(C)O)C(C)C,-1.5975196297502299
FC(F)(F)CN(CC(F)(F)F)c1ccccc1,3.6764519482173013
CC(=O)Nc1ccc(Br)c(Cl)c1F,2.8320235753664136
CNS(=O)(=O)c1ccccc1,0.6731866751659952
Cn1nc2ccc(NC(=O)c3ccccc3)cc2n1,2.6302823547760292
CCCN(CCCl)c1c([N+](=O)[O-])cc(C(F)(F)F)cc1[N+](=O)[O-],4.699508244774579
CC1(C)C2CC=C(CO)C1C2,2.985130882506942
Clc1cc(Cl)c2cc(Cl)ccc2c1,5.221934301587699
COC(=O)c1c(Cl)c(Cl)c(C(=O)OC)c(Cl)c1Cl,4.04625652946355
CC(C)NC(=O)N1CC(=O)N(c2cc(Cl)cc(Cl)c2)C1=O,2.802863061380025
COc1ccc(C(N)=O)cc1,0.704416370930335
CC(=O)c1ccccn1,0.8034149149481762
Cc1cccn2c(=O)ccnc12,0.856972059641363
Cc1ccc(NC(=O)NN)cc1,0.5382336538943684
CCC(C)N(CC(O)COc1ccccc1)CC(O)COc1ccccc1,4.143531762830476
NC(=O)c1cncc(Cl)n1,0.29052555602234964
CCOC(=O)C1=C(C)NC(C)=C(C(=O)OC)C1c1cc(OC)cc(OC)c1,3.522392310987261
COc1ccc(C(c2ccc(OC)cc2)C(C)[N+](=O)[O-])cc1,4.008348487563398
Nc1cc(N2CCCCC2)nc(N)[n+]1[O-],1.4502610163866918
CCCCCCCCCCCC(=O)C(C)(C)C(=O)N(C)c1c(OC)cc(OC)cc1OC,5.539915069306141
C=COC(=O)C(C)Oc1cc(Oc2ccc(C(F)(F)F)cc2Cl)ccc1[N+](=O)[O-],4.6217226942071274
O=[N+]([O-])c1nccn1CC(F)(F)CO,-0.02735250142281398
CC(CCc1ccccc1)NCC(O)c1ccc(O)c(C(N)=O)c1,1.847311635148279
CC(C)c1ccccc1OC(=O)N(C)C,2.603358212673087
CCC(C)c1ccc(OCC(=O)O)cc1,3.026630080738233
OC(c1ccc(Cl)cc1)(c1cncnc1)c1ccccc1Cl,3.132248045910079
Cc1ccc(CN(C)N=O)cc1,1.81349764053421
CCN(CC)CCNC(=O)c1cc(F)c(N)cc1OC,1.5954992788680995
CC(=O)CCC(C)C,1.7662357479061148
CC(=O)OC1CCCCC1NC(=O)N(CCCl)N=O,2.2116385484520027
CN(C)CCCNC(=O)c1ccccc1,1.2283805767140152
CC(=O)OCC1OC(n2ccc(=O)[nH]c2=O)C(OC(C)=O)C1OC(C)=O,-0.29663204397465925
C=C(C)C(=O)OCCCC,2.891735276477282
Clc1cccc(Cl)n1,2.0474301059198305
C1OC1CN1CCN(CC2CO2)CC1,0.78961492383006
COC(=O)c1cc(S(N)(=O)=O)ccc1S(=O)(=O)CCCO,-0.3673130497855799
CCC(O)(C(N)=O)c1ccccc1,0.8000486755993483
CCC[Si](C)(C)C,3.702747085200219
CCCOc1ccc(CC(=O)O)cc1,2.362377038648314
C#CCOc1c(Cl)cc(NCN=O)cc1Cl,2.6580757765089134
COP(C)(=O)OC,-0.8188511553803246
CC(C)Br,2.063987812012127
CN(C)N=Nc1ccccc1C(=O)NCC#N,1.550538156266692
COc1ccc(OC)c(N)c1,1.3245278486916825
CCOc1cccc(OCc2ccccc2CCCN2CCC(O)CC2)c1,3.650873278018717
CC1(C)SC2C(NC(=O)C(N)c3ccc(O)cc3)C(=O)N2C1C(=O)O,-0.3055594510149535
CC(C)c1ccc(OCC(OC(=O)n2ccnc2)C(C)(C)C)cc1,4.646547865285308
CCOP(=S)(CC)Sc1ccccc1,3.8339358784288926
CCC(=O)c1ccc(OC(=O)NC)cc1,1.5177009848202943
O=c1nc[nH]c2c1ncn2C1OC(CO)CC1F,-1.0873649999245902
Cc1nonc1Sc1ccccc1,3.1214368910687758
COC(=O)C1CCCN1C(=O)COC(=O)c1ccccc1,1.2933225507016948
Cc1ccc(-c2ccc(C)cc2)cc1,5.059466036778261
c1ccc(-c2cccs2)cc1,3.6874829008650476
CCN(CC)C(=O)c1ccc(S(=O)(=O)c2ccc(N)cc2)cc1,1.4706521642729
O=C(C(=O)c1ccccc1)c1ccccc1,2.575003206455554
CNC(=O)OCc1ccccc1,1.7448625079132432
CCOC(=O)CCCOc1ccc(Cl)cc1C,4.307427733114077
Cc1ccc(N=C=S)cc1,3.692488147840911
C=C(C)C(=O)OC,1.409376609393492
Fc1ccc(-c2nc3ncccc3[nH]2)cc1,2.6299339785203757
O=c1cc(CCl)occ1O,0.1270549130103853
COC(=O)Nc1ccccc1OC,1.7477874361806753
N#CN=[N+]([O-])c1ccc(Br)cc1,2.6054072989627883
CCOC(=O)C(=Cc1ccc(Br)cc1)C(=O)OCC,3.935970747248626
COc1cccc2c1C(=N)c1c(O)c3c(c(O)c1C2=O)CC(O)(C(=O)CO)CC3OC1CC(N2CCOCC2)C(O)C(C)O1,2.109301825248805
O=C1c2ccccc2C(=O)N1SC1CCCCC1,3.953315604277794
CC(C)(O)C(=O)Nc1ccc([N+](=O)[O-])cc1,1.5568855531285302
CC(C)SC1OC(CO)C(O)C(O)C1O,-0.7727979600800552
COC(=O)N(OC)c1ccccc1COc1ccn(-c2ccc(Cl)cc2)n1,3.713393881820549
C1CCCC1,4.1300332584954305
Clc1ccc(-c2cc(Cl)c(Cl)cc2Cl)cc1,6.345067763410196
CC(C)C(N)C(=O)NC(Cc1ccccc1)C(=O)NC(Cc1ccc(O)cc1)C(=O)O,-0.934805716898591
CCCC1CC(C(=O)NC(C(C)O)C2OC(SC)C(O)C(O)C2O)N(CC)C1,1.2682762747934446
CC(=O)NNC(=O)Nc1ccc(N(C)C)cc1,0.6441772857863655
CCCSc1ccc2[nH]c(NC(=O)OC)nc2c1,3.378471147105662
CCc1ccc(OC(C)=O)cc1,2.7795985854299534
CC(C)C(=O)NCCNCC(O)COCCOc1ccccc1,0.9489151812072845
CCN(CC)CC(=O)NCC(=O)Nc1c(C)cccc1C,1.2163090154226819
O=C(O)CO,-1.639655893080573
CCCCNC(=O)COC(=O)Cc1ccc2cc(OC)ccc2c1,3.283974645967665
CC(=O)NC(C)C(=O)NC(CCC(=O)O)C(=O)NC(C)C(=O)NC(C)(C)C,-0.9911044525660011
c1ccc(C23CCN(CC2)CC3)cc1,4.424840497324445
CCCCC(C)=NNC(N)=Nc1ccccc1,2.684170448743189
C=CCNC(=O)CN(CC=C)C(=O)C(Cl)Cl,1.14191072550071
Cn1cc(-c2ccc(Cl)cc2)c(N2CCOCC2)c1,3.7659576885579567
NC(Cc1c[nH]c2ccc(F)cc12)C(=O)O,-1.205977393986379
COc1ccc(C2Cc3c(cccc3[N+](=O)[O-])N(CCN(C)C)C(=O)C2OC(C)=O)cc1,3.3857090082720473
OC(CCCN1CCC(C(O)(c2ccccc2)c2ccccc2)CC1)c1ccccc1,3.9369669170889283
CCOCC(O)Cn1ccnc1[N+](=O)[O-],-0.05496206849897067
CN(C)C(N(C)C)=S(I)c1ccc(Cl)cc1,-0.12028972337496313
CNC(=O)N(C)S(=O)(=O)Cc1ccccc1,1.210065254642524
c1ccc(N2CCOCC2)cc1,2.031277497802674
O=c1cncc[nH]1,-0.7498213560836158
Nc1ccc(S(=O)(=O)Nc2cccnc2Cl)cc1,0.930749731178244
O=C(O)CCSc1c[nH]c2ccccc12,2.4193374277967403
CC(Cl)CCl,1.8469661724661253
O=C(O)c1cn(-c2ccccc2C(F)(F)F)c2cc(N3CCNCC3)c(F)cc2c1=O,0.8894424475827074
COC(=O)CSc1ccc([N+](=O)[O-])cc1Cl,2.6355132267053354
CNc1ccc(C)cc1,2.066480083124125
CCOP(=O)(OCC)C(C)(C)[N+]([O-])=Cc1cccnc1,0.3387615896967169
CCOC(=O)Cn1ccnc1[N+](=O)[O-],0.17292251095575928
Cc1c(O)c(=O)ccn1CCCOC(=O)c1ccc(O)cc1,0.9622861418201578
O=C(NC(=O)c1c(F)cccc1F)Nc1cc(Cl)c(Oc2ncc(C(F)(F)F)cc2Cl)c(Cl)c1,5.34767324197039
C=Cn1c([N+](=O)[O-])cnc1C=Cc1ccc(C(=O)O)cc1,2.458622718613157
Nc1cnn(-c2ccccc2)c(=O)c1Cl,1.5859886125346916
C(=Cc1ccccc1)CN1CCN(C(c2ccccc2)c2ccccc2)CC1,5.185453093812625
c1c[nH]cn1,-0.4318802347484967
Nc1ccc(OC(=O)c2ccc(N)cc2O)cc1,1.6922011373080845
CCCCCCCCCC,5.603810008450738
CCC1(CC(C)C(C)C)C(=O)NC(=O)NC1=O,2.5698297346471577
CNc1ccc([N+](=O)[O-])cc1,1.90917820977358
O=C(O)Cc1ccc(F)cc1,1.5945542463271656
COc1cccc([N+](=O)[O-])c1C(N)=O,0.24305042793560028
CCCN(N=O)C(N)=O,0.7944599514930999
NC(=O)Nc1cccc(C(F)(F)F)c1,2.04805099660151
COCCCNC(=S)C(F)(F)Cn1cnc([N+](=O)[O-])n1,0.4987019618947872
CCOC(=O)Oc1cccc2cccnc12,2.5276025242561704
CNC(=O)N(C)c1nnc(C(C)(C)C)s1,2.22891271728673
C=C1CC2c3c(O)cc(CCCCC)cc3OC(C)(C)C2CC1O,5.992784814138535
COc1ccc(C)cc1,2.581683295289533
ClCC#CCCl,1.5173191705435416
NCCC(=O)O,-2.4910624106114914
CN1C(CSCC(F)(F)F)Nc2cc(Cl)c(S(N)(=O)=O)cc2S1(=O)=O,1.9325156339797789
CC(=O)Nc1nc(=O)c2ncn(COCCOC(C)=O)c2[nH]1,-1.0819140578922521
Nc1cncc(N)n1,-0.2419400760181758
CN(C)S(=O)(=O)N(SC(F)(Cl)Cl)c1ccccc1,3.382373375059796
COc1ccc2cc(CC(=O)OCC(=O)NC(C)C)ccc2c1,2.834398328376266
COC12C(COC(N)=O)C3=C(C(=O)C(C)=C(Nc4nc(C)c(C)s4)C3=O)N1CC1NC12,1.1075893742676428
CCCOC1(c2ccccc2)CN(C)CCO1,2.259999144200896
COc1cccc2c1C(=O)c1c(O)c3c(c(O)c1C2=O)CC(O)(C(=O)CO)CC3OC1CC(N(C)C)C(O)C(C)O1,2.317951169451422
CC(C)(C)NSc1nc2ccccc2s1,3.696795335281842
CC1=Nc2ccc(F)cc2S(=O)(=O)N1,0.6388496396494157
Cc1ccc(N(C)C)cc1,2.938048732857084
CCCCCCC,4.201086766039769
CCCCNC(=O)c1cc(Br)cc(C)c1O,4.464740878905201
O=C(Cn1cnc([N+](=O)[O-])n1)N1CCOCC1,-0.8914256027508141
CCCNCC(O)COc1ccc(-c2ncc(-c3cccs3)[nH]2)cc1,3.3638869418119306
Cc1cn(C2C=CC(COP3(=O)OCc4ccccc4O3)O2)c(=O)[nH]c1=O,0.5017387223712213
c1ccc2c(c1)OCC(Cc1ncc[nH]1)O2,1.8431043669405922
O=C(O)c1cn(C2CC2)c2cc(N3CCNCC3)c(F)cc2c1=O,-0.6295571019958026
CCCOC(=O)c1cc(O)c(O)c(O)c1,1.9409945549235639
CN(C)C(N(C)C)=S(I)c1cc(Cl)cc(Cl)c1,0.3647228910618203
CC(CN1c2ccccc2Sc2ccccc21)N(C)C,4.799760006612507
O=C(O)c1cccc(O)c1O,1.4414674703494295
O=c1[nH]c2cc(Cl)ccc2c(O)c1-c1cccc(NCc2ccccc2)c1,4.651245308197243
Cc1nc(N)nc(C(Cl)(Cl)Cl)n1,1.7763321786612531
c1ccc2c(c1)Cc1ncccc1-2,2.856347067209472
CN(C)CCC=C1c2ccccc2CCc2ccccc21,4.700879966070093
c1ccc2c(c1)nnc1ccccc12,2.5585860639042757
O=C(O)c1cc2ccccc2[nH]1,1.9813193379675536
CC(=O)OCCN(CCC#N)c1ccc(N=Nc2nc3ccc([N+](=O)[O-])cc3s2)cc1,4.050522872416167
O=C(O)c1cn(-c2ccc([N+](=O)[O-])cc2)c2cc(N3CCNCC3)c(F)cc2c1=O,0.07842666332957515
CCCCCC(=O)O,1.4080810766835123
COc1ccc(C2Cc3c(C#N)cccc3N(CCN(C)C)C(=O)C2OC(C)=O)cc1,3.4481666571025595
CC(=O)Nc1ccccc1C(N)=O,-0.09937690968401736
O=C(NP(=O)(N1CC1)N1CC1)c1ccc(I)cc1,1.8076434272539255
c1ccc(N2CCN(CCn3nc4ccccc4n3)CC2)cc1,3.536180429974107
Cc1ccc(N)cc1C,1.8800863417572165
CCCCN(CCCC)CC(=O)NC1COc2cc(OC)ccc21,4.136150782577041
CCCC(=NOCC)C1=C(O)CC2(CC(C)CC(C)C2)OC1=O,4.003338666004844
CC(=O)NCC(=O)NC(Cc1ccccc1)C(N)=O,-0.3391305706866823
CC1Cc2ccccc2CN1,1.9025978495652323
Nc1c(-c2ccccc2)no[n+]1[O-],1.8998442366966153
Cc1nc(Cl)c(C)[n+]([O-])c1Cl,1.091348843283831
CC(C)CC(N)C(=O)NC(CC(C)C)C(=O)NC(Cc1ccc(O)cc1)C(=O)O,-1.0478255747018883
Cc1c(C)c(C)c(C)c(C)c1C,5.170503139740878
NC(=O)Nc1cccc(F)c1,1.1805174259882896
Nc1nc(N)c2c(F)cccc2n1,1.331887099677335
ClC1=C(Cl)C2(Cl)C3CC=CC3C1(Cl)C2(Cl)Cl,6.660701770208108
N#Cc1cccc(Cc2ncccn2)c1,1.2110259714669702
O=CC1=CC=C2C(C(=O)O)CCN2c2cc(Br)ccc21,3.053267440073898
CCCN(CCC)C1CCc2c(OC)cccc2C1C,4.90583499437892
CCOC(=O)Cn1cnc([N+](=O)[O-])c1I,0.9255755513987167
CNc1nc(C)nc2c1ncn2C1OC(CO)CC1F,0.5043774941535306
CCC1CC(C(=O)NC(C(C)O)C2OC(SC)C(O)C(O)C2O)N(C)C1,0.3501274671486321
CCCCCCCCCCCCCC[n+]1cc(C)cc(C)c1,2.4208021656069727
O=C(OCCOCCOCCO)c1ccccc1,1.0751109263472713
Nc1ccc(S(=O)(=O)Nc2ncccn2)cc1,-0.4233279434888715
CCCCN1C(=O)NC(=O)C(=O)C1=O,0.6932411010905486
O=C(NN=Cc1ccccc1O)c1ccc([N+](=O)[O-])cc1,3.2526590133999136
CC(C)OC(=O)CSc1ccc([N+](=O)[O-])cc1[N+](=O)[O-],2.553350236177054
O=C(O)Cc1ccccc1F,1.6362864759791136
ClC(Cl)Cl,1.8993164986779487
c1ccc(N(c2ccccc2)c2ccccc2)cc1,5.215414649903814
O=C(Cc1ccccc1)Nc1cccc([N+](=O)[O-])c1,2.848537437666018
O=C(Nc1ncnc2c1ncn2C1OC(CO)C(O)C1O)c1ccccc1,0.38034073420646664
NC(=O)Nc1ccc(C(O)C(CO)NC(=O)C(Cl)Cl)cc1,-0.008227913889542027
CCCC(=O)OCC1OC(n2cc(I)c(=O)[nH]c2=O)CC1O,0.8175473257418449
CCOc1ccccc1OC(=O)NC,1.3484543865676533
CCCCCCCCCCCCOC(=O)N(C)SN(C)C(=O)Oc1ccc2c(c1)OCO2,6.889835210737505
CCC(C(c1ccc(OC)cc1)c1ccc(OC)cc1)[N+](=O)[O-],4.522682761107796
CSC(C)=NOC(=O)N(C)SN(C)C(=O)OC1CCCCC1,3.666792499027798
O=[N+]([O-])c1cc([N+](=O)[O-])c2n[nH]cc2c1,1.4416489832554937
COC(=S)NCCn1c([N+](=O)[O-])cnc1C,0.6233927782480415
OCCN1CCN(CCC=C2c3ccccc3Sc3ccc(C(F)(F)F)cc32)CC1,4.849225622763058
CNC(=O)Oc1cccc2c1OC(C)(C)C2,2.4126509127632665
COc1ccc(C=CC(=O)C(F)(F)F)cc1,3.0270909154850427
c1ccc(Cn2cccn2)cc1,1.590752822570189
NC(=O)NNc1ccccc1,0.3227134090232018
Nc1nnnn1-c1cc(Cl)ccc1Cl,1.642810811164325
CC12CCC(=O)C=C1CCC1C2CCC2(C)C1CCC2(O)C(O)CO,2.3445923137096707
COc1cc(Cc2cnc(N)nc2N)cc(OC)c1OC,0.9743731695577327
CCCCCCC(C)(C)c1ccc(C2CCCC(O)C2)c(O)c1,6.735556320294199
OCC1OC(Oc2ccc(Cl)cc2)C(O)C(O)C1O,0.03874215848438434
O=C1CN=C(c2ccc[nH]2)c2cc(Cl)ccc2N1,2.0952269013705838
CC(C)(C)NC(=O)C1CCC2C3CCC4NC(=O)C=CC4(C)C3CCC12C,3.2329710986838247
O=S(=O)(c1ccccc1)c1ccccc1,2.5046290516705016
CC(C)COC(=O)n1cc(F)c(=O)[nH]c1=O,0.9775389986172367
CNC(=N[N+](=O)[O-])NCCSCc1nc[nH]c1C,0.14545083487214816
CCCCC1(CC)C(=O)NC(=O)NC1=O,1.6317514035230536
NC(Cc1cnccn1)C(=O)O,-2.592008201994839
CNC1CC2CC1c1ccccc12,2.1312154650517208
S=C1CCCCCCN1,1.1642827766107948
Clc1ccc(Cl)c(NC2=NCCN2)c1Cl,2.40334120131236
CCC(C)NC(=O)NN,-0.7452171475236709
NS(=O)(=O)c1ccc(SCCCO)s1,0.6241820026808897
Nc1cc([N+](=O)[O-])cc([N+](=O)[O-])c1O,1.1927560140071654
c1ccc2c(c1)cc1ccc3cccc4ccc2c1c34,6.326142496979893
CSC1=NCCN1c1ncc([N+](=O)[O-])s1,1.978710668573131
CN1C(=O)c2ccccc2C1=O,1.3192938181219467
O=[N+]([O-])C=C1NCCN1Cc1ccccc1,0.19581851516192694
CCOC(=O)C(C#N)=NNc1ccc(Cl)c(C(F)(F)F)c1,4.893060581132692
Cc1cc(C)c2c(c1)C(c1ccccc1)=NCC(=O)N2,2.726437087680228
CCC(C)c1ccc(O)cc1,3.5571168790089565
CCC(=O)C(CS(=O)(=O)c1ccccc1)c1ccc(Cl)cc1,2.8672442677728216
CCC(C)C(=O)OC1CCC=C2C=CC(C)C(CCC3CC(O)CC(=O)O3)C21,3.7033550690235915
Cc1ccc(CN=O)cc1,2.510397818281235
N#Cc1cc(-c2ccncc2)cnc1NCCCCO,1.622658058941572
C#CCOS(=O)OC1CCCCC1Oc1ccc(C(C)(C)C)cc1,4.644499105751514
NS(=O)(=O)c1nn2c(=Nc3ccccc3)snc2s1,2.694076162967563
CC(C)c1ccc(OC(=O)c2ccc(N)cc2O)cc1,4.231678743193243
CN(N=O)C(=O)Oc1cccc2ccccc12,2.4853654022693523
N#Cc1ccccc1,1.4787912182294298
COc1cccc2c1C(=O)c1c(O)c3c(c(O)c1C2=O)CC(O)(C(O)CO)CC3OC1CC(N2CCOCC2C#N)C(O)C(C)O1,1.456025589629958
CCOP(=S)(OCC)SCCS(=O)(=O)CC,1.5417229898802827
NNC(=O)c1ccc([N+](=O)[O-])cc1,0.6589295525346766
O=[N+]([O-])OCCCCCCCCO[N+](=O)[O-],4.511972138167061
Cn1cnc([N+](=O)[O-])c1Br,0.7540033224408349
CCCCCCCC(C)=O,2.987298254434798
N=C(N)NC(=O)Nc1ccc(Cl)cc1,1.8424293573118973
CCCCCC[n+]1ccccc1C,-1.7437616319171076
COC1CC(OC2CCC3(C)C(CCC4C3CCC3(C)C(C5=CC(=O)OC5)C(O)CC43O)C2)OC(C)C1O,2.1883074551414925
CON=CCCc1ccccc1,2.3154351217416647
Cc1ccccc1C,3.167367226148199
O=C(O)c1cn(-c2ccc(O)cc2)c2cc(N3CCNCC3)c(F)cc2c1=O,-0.42384291079752545
CCCc1cccc(C)c1,4.058720524598598
CCCc1ccccc1OC(=O)NC,2.3318872271749393
CCc1ssc(=S)c1-c1ccccc1,4.056044393724311
CS(=O)(=O)CCn1ccnc1[N+](=O)[O-],-0.851260331048517
COc1cccc(F)c1,2.265757999215799
CCNP(=O)(OCC)ON=C(C#N)c1ccc([N+](=O)[O-])cc1,2.2654792219682314
CCN(CC)c1ccc(-n2c(C(F)(F)F)nn(C)c2=S)cn1,2.9813070759703697
CCCON=C(C)c1cccc(Oc2nc(OC)cc(OC)n2)c1C(=O)OC,3.279366734174113
c1csc(-c2cccs2)c1,3.5694392799178516
CCC(C)NP(=O)(OC)SC,1.0764129397160633
COc1ccc(-c2cn3cc(N)cnc3n2)c(OC)c1,1.4467789965283249
CC(=O)Oc1ccccc1C(=O)OCN1C(=O)CCC1=O,0.6269911232091243
Cn1ccc(=O)c(O)c1,-0.7750364558768945
CCCCCCCCn1ccc(=O)c(O)c1C,2.733603988355584
CC1(C)Oc2c(O)cccc2C1=O,2.0673305351468083
CC1(c2ccc(F)cc2)OC2CC3C4CCC5=CC(=O)CCC5C4CCC3(C)C2(C(=O)CO)O1,3.9106861573658973
CN1CCN(CC(=O)NN=Cc2ccc([N+](=O)[O-])o2)CC1,0.3382684061151633
CC(C(=O)O)c1cccc(C(=O)c2ccccc2)c1,3.1691878011406165
CC1=C(N2CC2)C(=O)C(Br)=C(N2CC2)C1=O,1.344031200779913
CC(=O)OC(C)(C)C1CC=C(C)CC1,4.374648393875096
CCCCS(=O)c1sc(C#N)c(Cl)c1C#N,3.274052593947965
CC1=C(O)C(=O)c2ccccc2C1=O,1.8677792575314391
CC(C)(C)C1CCC(O)CC1,3.1268946949751504
CC(=O)Nc1cc(Cl)cc(Cl)c1Br,3.0948439705363957
CCNC(=S)NS(=O)(=O)c1cnccc1NC1CCCCCCC1,3.968988124577462
CC(C)(C)c1ccccc1,4.263728705201549
CN(C=O)c1c(N)[nH]c(=O)n(C)c1=O,-1.0237436643923736
CC(C)CCn1cnc([N+](=O)[O-])n1,1.386070308687388
CC(C)(C)c1ccc(C(CCN2CCCCC2)c2ccccc2)cc1,6.887665987192847
COCc1c(C(C)C)nc(C(C)C)c(C=CC(O)CC(O)CC(=O)O)c1-c1ccc(F)cc1,3.057316163592782
CCO,-0.4217773777938638
CC(C)OP(=O)(OC(C)C)C(Cl)(Cl)P(=O)(OC(C)C)OC(C)C,2.489480511696575
OCCCc1nc2ccccc2[nH]1,1.280840475073154
Nn1c(S)nnc(-c2cc(Cl)cc(Cl)c2)c1=O,2.5584703923133723
Oc1c(F)cc(Cn2cc[nH]c2=S)cc1F,1.4629110445511766
CCOC(=O)CC,1.2252197034524266
CC(C)NNC(=O)COc1ccc(Cl)cc1,1.9141972621864936
Nc1ccc(-c2ccc(N)c(Cl)c2)cc1Cl,3.5155847873497437
COC(=O)Nc1c(C(C)C)cccc1C(C)C,3.192622516917978
CCCCOCCOCCSC#N,1.6176749769080332
Cc1cccc(Cl)c1Nc1ccccc1CC(=O)O,3.460855024626741
CC(C)(C)C(=O)OCC1OC(n2cc(I)c(=O)[nH]c2=O)CC1O,1.4902508746265126
CCCCC(C)N=C=S,3.8925247373263705
O=[N+]([O-])C=C1NCCCN1Cc1ccc(Cl)nc1,-0.35561954507807414
CCOC(=O)CCN1C(=O)C=CC1=O,0.5301321768670866
O=C(O)CCCCCON=C(c1cncnc1)c1cccc(C(F)(F)F)c1,3.58447081404759
NCC(O)c1ccc(O)cc1,-0.7418535222220952
Nc1cc(N2CCCC2)nc(N)[n+]1[O-],0.8713254663464653
Oc1ccccc1C=NNc1ccccn1,2.937702807270729
O=I(=O)c1ccccc1,0.16452771604307026
CCOC(=O)Nc1ccc(OCC)c(OCC)c1,2.578207592712026
CC(C)(C)N(NC(=O)c1ccccc1)C(=O)c1c(Cl)cccc1Cl,3.1328289089932113
CC(=O)OCOC(=O)N(C)N=Nc1ccc(C#N)cc1,2.3940154243627165
CCOC(=O)C(F)(F)C(F)(F)F,2.336276484807721
CC(C)NCC(O)COc1cccc(CC(N)=O)c1,0.4558787487303324
O=C1CN(c2ccccc2)C(=O)N1,0.600746306635809
Cc1cc(Cc2cc(C)cc(C(C)(C)C)c2O)c(O)c(C(C)(C)C)c1,5.128414582772884
CCCCCCCOC(=O)c1ccc(N)cc1,4.483289940368479
O=C(O)CCC1=NS(=O)(=O)c2ccc(C(F)(F)F)cc2N1,0.9004903915375921
CCc1cccc(CC)c1,4.162038781700452
NNP(=O)(Oc1ccccc1)Oc1ccccc1,1.8134273063253346
O=CNc1cccc([N+](=O)[O-])c1,1.3852625136271866
CNC(=O)C1CCCN1C(C)=O,-1.7846357460992524
O=C1CC(c2cccc(O)c2)Oc2cc(O)cc(O)c21,2.495263573878218
CC(=O)Nc1ccc(C(N)=O)cc1,0.01357933963614677
O=C(OCC(=O)N1CCCC1C(=O)O)c1ccccc1,0.2767871039332921
CCOCC,0.72822391519702
CCN(CC)C(=O)C1(c2ccccc2)CC1CN,1.175969800659488
COc1cc2c(cc1OC)C13CCN4CC5CCOC6CC(=O)N2C1C6C5CC43,1.6947798949222324
CCOC(=O)C(=Cc1ccc([N+](=O)[O-])o1)C(=O)OCC,2.0376551366044007
CC(=O)NC(CC(C)C)C(=O)NC(CCCCN)C(=O)NC(Cc1ccccc1)C(N)=O,0.08415926895332171
CNC(=O)Oc1ccc(Cl)c(Cl)c1,2.7250769662193957
CN(N)C(=O)c1ccc([N+](=O)[O-])cc1,0.609791019046539
COc1ccc(NC=O)cc1,1.1380942165127164
Clc1ccc2oc3c(Cl)c(Cl)c(Cl)c(Cl)c3c2c1,7.060331214657991
Cc1cccc(CN(C)N=O)c1,1.717178440490403
CC(=O)Oc1c(Cl)cccc1Cl,2.6080227621571
Clc1cc2c(oc3c(Cl)c(Cl)c(Cl)c(Cl)c32)c(Cl)c1Cl,7.86738519246337
COc1ccccc1NC(=O)OC1CCCCC1CN(C)C,3.753102457684186
c1ccc2[nH]ncc2c1,1.5787942643631891
CC1=CCC(C(C)(C)O)CC1,3.397776430655232
O=NN(CCCl)C(=O)NC1CCCCC1,3.046074562303975
O=C(Cc1ccccc1)Nc1ccc(Br)cc1,3.789900509769935
Nc1cccnc1,0.02286291061453305
CCCCOC(=O)c1cccnc1,2.326846935628103
CCc1occc(=O)c1O,0.6210656226819036
CCOc1cccc(C(=O)NP(=O)(N2CC2)N2CC2)c1,0.8862698655678023
N#Cc1cccnc1,0.3400774357322178
NNC(=O)c1ccccc1N,-0.17554196879246886
O=C1OCc2c(Cl)c(Cl)c(Cl)c(Cl)c21,4.319236038063401
CSC(=O)Nc1ccccc1,2.360352377362624
NCCCCCc1ccncc1,0.40717262222513817
O=C(O)CCC1=NS(=O)(=O)c2cc(Cl)ccc2N1,0.6103834275050348
N=C(NCCCCCCNC(=N)NC(=N)Nc1ccc(Cl)cc1)NC(=N)Nc1ccc(Cl)cc1,2.9791466203758676
CC(CO)NC(=O)Cn1ccnc1[N+](=O)[O-],-1.0519579477328382
N#CCCOc1cccc2ccccc12,2.7693790221573797
CC(=O)NN,-1.7269149687267267
Brc1ccsc1,2.8766997668173477
CC1CCCCC1NC(=O)N1C(=O)N(C)CC1O,2.249449788914852
Cc1cc(NS(=O)(=O)c2ccc(N)cc2)no1,0.6106311084821667
NCC(CC(=O)O)c1ccc(Cl)cc1,0.5521500790338363
CCOc1ccc(NC(=O)OC2CCCC2)cc1OCC,4.246774866073835
O=Cc1ccc2cccccc1-2,2.857389690847816
CCC(C)c1ccccc1OC(=O)NC,2.701577770609817
CN(C)c1cccnn1,0.3702117367793132
Cc1cc(OCCNCC2CC(=O)c3ccccc3C2=O)c(C(C)C)cc1O,3.332740677722385
CC(=O)OCCOC(=O)c1ccccc1,2.0768026002477846
COc1cccc(OC)n1,2.0730779513649344
CCc1ssc(=O)c1CC,2.872828362837061
N#CC(C(=O)NC(CO)C(O)c1ccc([N+](=O)[O-])cc1)c1ccccc1,1.3551249994803438
O=C(c1ccc2n1CCC2C(=O)O)C1CCC1,2.1411861764718307
CCC(=O)OCCOc1ccc(C=O)cc1OC,2.0083474088710087
Fc1cccc(C2CNCCO2)c1,1.2017882552341304
Nc1cccc2cc3ccccc3cc12,3.6157631380273436
CC(C)CC(N)C(=O)O,-1.9605114592644575
CC(=O)NNC(=O)Nc1ccc(C#N)cc1,0.3697483969038873
Cc1nc[nH]c1[N+](=O)[O-],0.09708486126562699
COP(=O)(Oc1cc(Cl)c(Br)cc1Cl)c1ccccc1,4.682415207630693
Nc1ccn(C2CCC(CO)O2)c(=O)n1,-1.3869252301696458
CC(C)C(NC(=O)C(Cc1ccccc1)NC(=O)CNC(=O)CNC(=O)C(N)Cc1c[nH]c2ccccc12)C(=O)O,-0.8771385274947323
Clc1cccc(Oc2ccc(Cl)cc2Cl)c1,5.622633327038212
COC(=O)C(C)=CC1C(C(=O)OC)C1(C)C,2.789803716983323
Nc1cccc(C(F)(F)F)c1,1.986048966336279
Cc1cc(Cl)ccc1N=CN(C)C,2.847467693287434
CC(=O)N(CC(O)CO)c1c(I)c(C(=O)NCCO)c(I)c(C(=O)NCCO)c1I,-2.4302927827939915
CCCCCCCc1ccncc1,4.273327051036537
O=C1CCC(c2cccnc2)N1,-0.0351225390422627
CN(C)N=Nc1ccccc1I,3.305825031273012
CC(C)(C)N(NC(=O)c1ccccc1)C(=O)c1cccc(Br)c1,3.3367107619864367
COc1ccc(CCNCC(O)COc2ccc(-c3nccs3)cc2)cc1OC,3.0738271395485457
C#CCNc1nc(CCC)nc(N2CCOCC2)n1,1.675500697385865
COC(=O)c1c(C)[nH]c(-c2ccc(Cl)cn2)c1C(=O)OC,2.6079053478680287
C#CC(C)(C)NC(=O)c1cc(Cl)cc(Cl)c1,3.666399738428177
COc1ccc2c(c1OC)-c1ccc(OC)c(=O)cc1C(NC(C)=O)CC2,1.2281966675979699
O=[N+]([O-])c1ccc(Nc2ccccc2)cc1,4.005780839650072
CSc1ccccc1C(N)=O,0.9756215949578577
O=C(NC(=O)c1c(F)cccc1F)Nc1ccc(Cl)cc1,4.101675856067916
CC(=O)Nc1cnc(Cl)cn1,0.7089794082460601
CC(=O)c1cc(F)c(Cl)cc1Cl,3.2545946064714215
CCCCCOC(=O)c1cc(=O)[nH]c(=O)[nH]1,1.6678931119112674
COC(=O)c1ccccc1S(=O)(=O)NC(=O)Nc1nc(C)nc(OC)n1,1.3269251478590836
CCOc1ccc(NC(=O)OCCF)cc1OCC,2.615613628621148
c1cocn1,-0.10176745589601754
O=C(O)CCc1ccc(OCc2ccccc2)cc1,3.093251580085355
Cc1ccc(OCC2CN=C(N)O2)c(C)c1,2.243209731368301
CCCCOCCOCCOCCCC,2.394093845780278
c1cc2cc3c(cc2cn1)OCO3,1.9938890046012823
COC(OC)(OC)c1ccccc1,2.431484251865206
CC(=O)Nc1ccc(Cl)cc1,2.004747287174684
Cn1nnnc1SCC1=C(C(=O)OCOC(=O)C(C)(C)C)N2C(=O)C(NC(=O)Cc3csc(N)n3)C2SC1,1.0728788567499268
NS(=O)(=O)c1cc2c(s1)CC(O)CS2(=O)=O,-0.6494541404920553
BrCc1ccccc1,2.745948445288168
N#CSc1ccccc1,2.0788629136662107
CCC(C)C(NC(=O)C(Cc1ccc(O)cc1)NC(=O)C(C)N)C(=O)O,-1.7016950765134857
O=C1CCC(c2ccccc2)(C2CCN(Cc3ccccc3)CC2)C(=O)N1,3.011478082597629
CC(C)(C)c1ccc(CSc2cnn(C(C)(C)C)c(=O)c2Cl)cc1,4.552476800337583
COCC(C)OC(=O)C(N)Cc1ccc(O)c(O)c1,-0.44946035603034895
NC(=O)c1ccc2ccccc2c1,1.803136047360942
CCCCCCCCC(C)c1ccccc1,7.465898467440907
CC(=O)OCC1=C(C(=O)OCOC(=O)C(C)(C)C)N2C(=O)C(NC(=O)CSc3ccncc3)C2SC1,1.5447060534694141
O=C(C=Cc1ccccc1)Nc1ccccc1,3.4727792190042406
COc1ccc(C(=O)N(C)C)cc1,0.8524108739424414
NC(=O)c1[nH]cnc1N,-1.0233772621025445
OCc1ccccc1C(c1ccc(O)cc1)c1ccc(O)cc1,3.1342397320788704
CCOC(=O)c1ccc(OCC)cc1,3.1385364633307926
CCCNC(=O)COC(=O)Cc1ccc2cc(OC)ccc2c1,2.891119722808742
Clc1ccc(-c2ccccc2)c(Cl)c1Cl,5.9406428492764265
O=CNc1ccc([N+](=O)[O-])cc1,1.5113141049530863
COc1cc(C)n(-c2cc(C)nc(C)n2)n1,2.0574989811111135
O=Cc1ccccc1,1.5330023104101713
COc1cnc(-c2ccccc2)c(-c2ccccc2)n1,4.186701228337192
CC(=O)NC(Cc1c[nH]c2ccccc12)C(=O)NC(C(N)=O)C(C)C,0.9752008422689131
Cc1ncc(CNC(=O)N(CCCl)N=O)c(N)n1,0.7381175394528534
Cc1nnc[nH]1,-1.414337218841002
O=C1CC(c2ccc(O)c(O)c2)Oc2cc(O)ccc21,1.8521321016590133
Clc1ccc(-c2cccc(Cl)c2)cc1,5.315669025788994
O=C1C=C(N2CCCC2)CN1c1ccc(Cl)cc1,3.058171719474651
CCCC(=NOCC)C1=C(O)CC2(CCCC2)OC1=O,3.5076229440131756
CCCCCCCCCCCCCCO,6.137994703315394
CC(=O)NCC(=O)NC(CC(C)C)C(N)=O,-0.701267606749489
CCN1CC(C(O)C(CC2CCCCC2)NC(=O)C(Cc2cnc[nH]2)NC(=O)C(Cc2ccc(OC)cc2)NC(=O)N(C)CC(O)CO)OC1=O,1.4725318276250774
CC(=O)Nc1ccc(NN=C(C#N)C#N)cc1,1.9998497879589912
Nc1nnnn1-c1ccc(F)cc1,0.8833104373225746
O=C1C(O)N=C(c2ccccc2)c2cc(Cl)ccc2N1CCO,1.723338415610201
Nc1ccc(-c2ccc(N)cc2)cc1,1.452779051861547
Cc1cc(O)c(C)c(C)c1O,1.7500010712989613
CC12CCC3c4ccc(O)cc4CCC3C1CC(O)C2O,2.6147098217837517
O=CNc1nc(-c2ccc([N+](=O)[O-])o2)cs1,1.6229188646142818
NC(=O)c1ccc2[nH]ccc2c1,0.7119126960187674
O=C1CCC2CCC(=O)N12,-0.6455997278189072
OCC1OC(OC2CCCCC2)C(O)C(O)C1O,0.08265989501699966
CCOP(=S)(OCC)Oc1ccc(SC)c(Cl)c1,4.888510614053227
c1ccc(CCCNc2[nH]cnc3ncnc2-3)cc1,2.8961582444277516
O=C1CN=C(c2ccccc2)c2cc([N+](=O)[O-])ccc2N1CC(O)CO,1.2277264658485074
CCN1C(=O)C(=O)c2c(C#N)cccc2C1=O,0.9888820031556966
CCOC(=O)c1ccc(OCC(OC(=S)n2ccnc2)C(C)(C)C)cc1,4.709466893455808
O=[N+]([O-])c1nccn1CC(O)CCl,0.1513330947010747
CC(=O)c1ccc(OCC(=O)O)cc1,0.9850690884826745
CC(C)(C)C(O)C(=Cc1ccc(Cl)cc1)n1cncn1,3.2039771757504365
CCC1OCC(COc2ccc(Oc3ccccc3)cc2)O1,4.393249300608874
Nc1ncc(Cc2cc(Cl)c(Cl)c(Cl)c2)c(N)n1,3.532290291988514
CCN(CC)CCSC(N=O)c1cnsn1,1.7264487778545756
O=[N+]([O-])C=Cc1ccoc1,1.480065021671627
CCCn1ccc(=O)c(O)c1CC,0.6525770909562876
CC(=O)NC(C)C(=O)NC(CC(C)C)C(N)=O,-0.5430632886826867
COc1cccc(C=CC(C)=O)c1,2.217801641367742
COc1cc(CC(C)N)cc(OC)c1Br,2.04729292970583
CC=CC1=Nc2cc(Cl)ccc2S(=O)(=O)N1,1.8591463664815426
COc1ccc(OC)c(NC2=NCCN2)c1,1.2572684128964247
Cc1ccc(CO)c(C=NNC(=O)c2ccc([N+](=O)[O-])cc2)c1O,2.899881845819662
Nc1cc(N=O)ccc1O,1.04495691102715
ClC1=C(Cl)C2(Cl)C(Cl)=C(Cl)C3CC1C(Cl)C32,6.082856168953352
COc1ccc(C=NN(c2ccccc2)P(=O)(N2CC2)N2CC2)cc1,1.3272590379362152
CCOC(=O)CCC(C)n1nc2ccccc2n1,2.351063932275299
N#Cc1ccc(C#N)cc1,1.3312736699221872
O=C(O)C=Cc1ccc(O)c(O)c1,1.5646676807165196
CCOC(=O)c1cnc2n(c1=O)CCC(C)C2,0.8361184976881306
COc1cc(C)c(Cc2cnc(N)nc2N)cc1OC,1.432247889069401
CCSCCn1cnc2[nH]c(=O)n(C)c(=N)c21,0.003833735805960803
NNc1ccc([N+](=O)[O-])cc1[N+](=O)[O-],1.2966006204150837
O=C(O)c1cc(-c2ccc(F)cc2F)ccc1O,3.607433694295956
CCC(CC)(C(=O)OC)S(=O)(=O)c1ccc([N+](=O)[O-])cc1,2.2391832000214005
CCOC(=O)CN(C(=O)CCl)c1ccccc1OC(C)C,2.3916244152465156
COC1C(O)CC(OC2C(O)CC(OC3C(O)CC(OC4CCC5(C)C(CCC6C5CC(OC(C)=O)C5(C)C(C7=CC(=O)OC7)CCC65O)C4)OC3C)OC2C)OC1C,2.0316865825827906
c1ccc2c(c1)Cc1cccnc1-2,3.14501004243186
COc1ccc(C(c2ccc(OC)cc2)C(Cl)Cl)cc1,4.976184669700643
CCCCCCCCOn1c(=O)[nH]c(C)c(Br)c1=O,3.217206542137157
CC(C)Oc1c(Br)c(Br)n(C)c1C(=O)Nc1nn[nH]n1,1.8254115148709953
Nc1nc(=O)n(C2CCC(CO)O2)cc1I,-0.22237415017384965
Cc1c(-c2ccccc2)oc2ccccc2c1=O,3.860283296356851
CC(=O)NC1=CC(=O)c2ccccc2C1=O,1.2318647204857744
O=C(Cn1cnnn1)NC1C(=O)N2C(C(=O)O)=C(CSc3nncs3)CSC12,-0.6826364206350415
N#CCN,-1.470948333155032
CC(=O)OC1CC(OC2C(O)CC(OC3C(O)CC(OC4CCC5(C)C(CCC6C5CC(O)C5(C)C(C7=CC(=O)OC7)CCC65O)C4)OC3C)OC2C)OC(C)C1OC1OC(CO)C(O)C(O)C1O,1.1543004925856628
COC(=O)c1c(F)cccc1F,2.0135330693554594
c1ccc2nonc2c1,1.6455066835412964
C=Cc1cnc([N+](=O)[O-])n1C,1.0721855896349557
NCC(O)c1ccc(O)c(O)c1,-1.266892972775452
O=C(Nc1ncc([N+](=O)[O-])s1)c1ccc(Cl)c(Cl)c1,3.5327934960845337
CN1CCN(Cc2ncc([N+](=O)[O-])n2C)CC1,-0.5103909655911214
CN(C)N=Nc1cccc([N+](=O)[O-])c1,2.5755974665308536
CNS(=O)(=O)c1ccc(C)cc1,1.0656546104129787
c1ccc(-c2cc3ccccc3[nH]2)nc1,3.159976116461662
O=C1C=C(Cl)C(=O)c2ccccc21,2.384835380547375
CN1CCN(CCn2nc3ccccc3n2)CC1,1.3449751441344917
CCCc1ssc(=S)c1CC,3.988148873097721
COc1ccccc1C(=O)NCCCCN,0.3225626656316669
Nc1cc(S(N)(=O)=O)ccc1S(=O)(=O)CCCO,-0.8709260263629632
COc1ccc(-c2ncc(C)nc2-c2ccc(OC)cc2)cc1,3.9431940133178545
CCC(=O)OC(C(=O)NC1C(=O)N2C(C(=O)O)=C(C)CSC12)c1ccccc1,1.3666166234969463
N#Cc1ccc2c(c1)N(CCCN1CCC(O)CC1)c1ccccc1S2,3.5315525860702586
COC1CC(OC2C(C)C(=O)OC(C)C(C)C(O)C(C)C(=O)C3(CO3)CC(C)C(OC3OC(C)CC(N(C)C)C3O)C2C)OC(C)C1O,2.463206014795085
CC(C)C(=O)NCCNCC(O)COCc1ccccc1,0.8147483346467119
CCC1(C(C)c2ccccc2)C(=O)NC(=O)N(C)C1=O,2.1561015216471473
CN(C)C(=O)Oc1ccc(Br)cc1,2.4654140406036427
CCCOP(=S)(OCCC)SCC(=O)N1CCCCC1C,4.177072385284265
O=C(OCC(=O)N1CCC1C(=O)O)c1ccccc1,0.3698126588988335
Nc1ccc(Cc2cnc(N)nc2N)cc1,0.4221123379451486
Oc1ccc(Cl)c2cccnc12,2.609101927997655
CC(C)COC(=O)c1cc(O)c(O)c(O)c1,2.2544177857173735
COc1ccc(C=C(C(C)=O)C(C)=O)c(OC)c1,1.5176263210956575
CC(C)c1cnc([N+](=O)[O-])n1C,1.3050576623279622
COc1ccc(C(C)NCCC(c2ccccc2)c2ccccc2)cc1OC,4.8202798418665616
Cc1ccc(C)[nH]1,1.3500943200030906
Cc1cnc2n(c1=O)C(C)CCC2,0.7215229139850241
Nc1ccc(Cl)cc1C(=O)O,2.4988785833905327
COc1cc(C)nn1-c1nc(C)cc(C)n1,1.1996982699967984
N#CN=[N+]([O-])c1cccc(Cl)c1,2.5301502400592
C1CN=C2CCCN2C1,0.7296308172118007
C=CCC1(CC=C)C(=O)NC(=O)N(C)C1=O,1.3499200501862871
c1ccnnc1,-1.215800330047771
Nc1ccnc2c([N+](=O)[O-])cccc12,1.4129107468189466
COC(=O)NS(=O)(=O)c1ccc(N)cc1,0.017082816465707307
O=C(O)c1ccsc1,1.6013493532402352
O=[N+]([O-])c1nccn1CC(O)C(O)CF,-0.6294849978591
O=S1CC2=NOS3=C2C(=NO3)C1,-0.5846120448931313
Brc1ccc(N=C2NCCN2)cc1,1.8140768426081513
Cc1cc(Cl)c(C(C)C)c(Cl)c1Cl,6.188514651857604
CC(C)(C)[N+]([O-])=Cc1ccccc1[N+](=O)[O-],1.2677370186290737
COC(=O)c1ccco1,0.8234951545893436
O=[N+]([O-])c1cccc(C2NCCS2)c1,1.2907143305966438
CCCOc1cc(Cc2cnc(N)nc2N)ccc1OC,2.1793413002966187
CC(C)C(=O)OCC1OC(n2cc(I)c(=O)[nH]c2=O)C1O,1.4714792923909028
S=C=NCCCCCc1ccccc1,4.5502478893806675
CCCNCc1ccc(C)cc1,2.893525408711077
Cc1nonc1-c1ccccc1,2.5893414734703217
C[N+](C)(C)Cc1cccc(C(N)=O)c1,-2.7772212919443686
O=S(=O)(c1ccccc1)c1ccc2ncccc2c1,2.7437342928063635
COc1ccc(C(=O)NN)cc1,0.43954520123180174
CC(=O)NC(CCC(=O)O)C(=O)NC(Cc1ccccc1)C(=O)NC(CC(C)C)C(N)=O,0.32625903736470163
CSCCC(N)C(=O)NC(CC(C)C)C(=O)O,-2.2280984062206
COc1ccc(C=NN(C)P(=O)(N2CC2)N2CC2)cc1,-0.06237419948215939
c1ccc2cc3c(ccc4c5ccccc5ccc34)cc2c1,6.402074905882911
O=C(O)c1c(Cl)cccc1Cl,2.3771971344768836
CN(Cc1ccccc1)N=Nc1[nH]cnc1C(N)=O,1.8668334353303977
O=C(O)c1ccccc1-c1ccccc1C(=O)O,2.2865658153421204
CCC1OC(=O)C(C)C(OC2CC(C)(OC)C(O)C(C)O2)C(C)C(OC2OC(C)CC(N(C)C)C2O)C(C)(O)CC(C)C(N)C(C)C2OC(=O)OC12C,2.3502234888541063
Clc1ccc(Oc2c(Cl)cc(Cl)cc2Cl)cc1,5.8668548304691726
CNc1nc(NC(C)C)nc(SC(F)F)n1,3.2530805285193063
COC1OCC(O)C(NC(=O)N(C)N=O)C1O,-0.5737935925032498
C=C(C)C(=O)OCC(F)(F)F,2.4365723042337097
S=c1ssc2c1CCC2,2.8340231036769614
Cc1c(Cl)cccc1Cl,4.0388328531049975
NS(=O)(=O)c1cc2c(s1)S(=O)CCC2O,-0.6647735465754261
CCCC(=O)n1ncc2c(O)ncnc21,0.453781847159646
O=NCc1nc(-c2ccccc2)no1,2.254619080970611
O=NN(CCCl)C(=O)NCCO,0.6536710697312706
O=[N+]([O-])c1cc(Cl)c(Cl)c(Cl)c1Cl,4.522128800927632
O=C(O)CCn1nnc2ccccc21,0.283593320547183
O=C(O)COc1ccc(Oc2ccc(Cl)cc2Cl)cc1,3.9291071305138257
CCCN(CCC)C(=O)COC(=O)Cc1ccc2cc(OC)ccc2c1,3.792262301462163
COC(=O)CCC(=O)OC,0.497394284756949
O=C(CN1CCCCC1)Nc1ccccc1F,2.6183250491333374
CCCn1c(=O)n(C)c(=O)c2nc[nH]c21,1.057805824620062
O=c1cc[nH]c(=S)[nH]1,-0.5596768659930933
CCCCC(=O)O,0.8211510077160673
O=C(Nc1ccc2nn(C3CCCCC3)nc2c1)C(Cl)Cl,3.9320503298823635
CC(C)N1CCN=C1CN1CCCCSc2ccc(Cl)cc21,3.9148997836989317
NC(=O)c1cccc(-c2cnc(SCCc3c[nH]cn3)[nH]2)c1,1.3175323859486068
ClC1=C(Cl)C2(Cl)C3C(Cl)C(Cl)(Cl)CC3C1(Cl)C2(Cl)Cl,6.679436646863554
CCCOC1OC(CO)C(O)C(O)C1O,-1.5700130997032584
CCCCCCCOC(=O)c1ccc(O)cc1,4.924260106434998
Oc1c(Br)cccc1Br,3.0704699404464644
O=C(O)C(c1ccc(Cl)cc1)n1cccc1,2.486342429659465
N#Cc1ccccc1OCC(O)CNCCNC(=O)Cc1ccc(O)cc1,0.7749149380267899
CC(=O)Nc1cc(C)c(O)c(C)c1,1.197022956012278
O=C(OCc1ccccc1)c1ccccc1,3.668803028120531
Brc1ccccc1Br,3.5668262129335204
NC(=O)Cc1ccc(O)cc1,-0.2088050665629977
CNC(=O)Oc1ccc(Br)cc1,2.130101574588685
CC(C)N(Cc1ccccc1)C(=O)C(C)(C)C,2.9569969811194783
CC1(C)C2CCC(CO)C1C2,2.7318880297125663
CC(C)(C)[N+](=O)C=C1C=CN(O)C=C1,-0.13866800041777472
NNc1ccc(Br)cc1,1.9915038294394953
CCOP(=S)(OCC)SCSC(C)(C)C,5.093967103759907
CCOC(=O)Nc1ccc2c(c1)N(C(=O)CCN1CCOCC1)c1ccccc1S2,3.0302927966128976
c1ccc2[se]ccc2c1,2.892184565848728
O=C(OCC1OC(n2cc(I)c(=O)[nH]c2=O)CC1O)c1ccccc1,1.4477831718883367
NS(=O)(=O)c1cc(C(=O)O)cc(N2CCCC2)c1Oc1ccccc1,2.7518186696078715
COC1=C(OC)C(=O)C(C)=C(C)C1=O,1.1205219373726203
CC(=O)C=Cc1cccc(C)c1,2.4898468322974274
COC(=O)c1cc(S(N)(=O)=O)ccc1SCCCO,0.7574132381624992
c1ccc(CC2=NCCN2)cc1,1.109930035744583
Cc1cccc2c1c([N+](=O)[O-])cc[n+]2[O-],1.255643401314051
CC(C)CC(N)C(=O)N1CCCC1C(=O)NC(CC(C)C)C(=O)NC(CC(C)C)C(=O)O,-0.521265402159651
CCCC(C)(C)c1ccc(C2CCCC(O)C2)c(O)c1,5.3603424398147235
NS(=O)(=O)c1ccc(-c2ccccc2)cc1,2.2963698948647413
O=C(CCl)NC(CO)C(O)c1ccc([N+](=O)[O-])cc1,0.4367533987666119
c1ccoc1,0.811257165622963
Cc1ccc2c(c1)C(NC(=O)CN1CCCC1)CO2,2.427205110972917
CCCN(CCCC(NC(C)=O)C(=O)NCc1ccccc1)C(=O)N(CCCl)N=O,1.680842312337818
NC1CC2OC1c1ccccc12,1.4017822030737903
OCCN1CCN(CCCN2c3ccccc3Sc3ccc(C(F)(F)F)cc32)CC1,4.579421092388093
CCC1(CCC(C)C)C(=O)NC(=O)N(C)C1=O,2.438326901762672
CCCBr,2.126343772745227
Fc1ccc(Oc2ccnc3cc(Cl)cc(Cl)c23)cc1,5.283309734855862
COc1cccc(N2CCN(CC3CN=C(N)O3)CC2)c1,1.0923848773447271
CNC(=O)c1cccs1,0.717205379273721
c1ccc(Nc2ccccc2)cc1,3.8786226894467886
COc1cccc(Cl)c1C(N)=O,0.4086922550276635
CCCCCCCCCCCCNC(=N)N,3.8937666276083656
O=C(O)CC(O)C(=O)O,-1.4432352933751482
Clc1ccc(Oc2ccccc2Cl)cc1,4.856675221756859
Cc1ccc2cccc([N+](=O)[O-])c2n1,2.402427373960497
CN(C)N=Nc1nccs1,1.6797761350445468
CC(C)CCCCCCCOP(=O)(Oc1ccccc1)Oc1ccccc1,6.447031290523675
CC(=O)Nc1c(F)cccc1F,0.7096376035603993
NS(=O)(=O)c1cc2c(cc1Cl)NC(CC1CCCC1)NS2(=O)=O,2.526944056645242
Cc1cccc([N+](=O)[O-])c1C(N)=O,0.597331053901005
COC(=O)c1[nH]cc(-c2ccc(Cl)cc2)c1N1CCOCC1,3.7849240173138443
C=CCN(CC=C)C(=O)COC(=O)c1ccccc1,2.7283475205469347
CC(C)Nc1nc(=O)n(C(C)C)c(=O)n1C,1.988326482234287
CCCCCCC(=O)O,2.121948449705931
C[Si](C)(C)c1ccc(O)cc1,3.6847986010930986
CS(C)(=O)=O,-1.0938432625269843
CNC(=O)NS(=O)(=O)c1ccccc1,0.41254187528084985
CC[n+]1cccc2ccccc21,-2.4169855395828868
Nc1nc(N)c2c(Oc3ccccc3)cccc2n1,2.919938450116925
CCCCCCCO,2.529407523883711
O=C(O)Cc1ccccc1Nc1c(Cl)cc(O)cc1Cl,3.412576730521799
COC(=O)Nc1nc2ccccc2[nH]1,1.5440430112757952
ClC1C(Cl)C(Cl)C(Br)C(Br)C1Cl,4.1326277003930905
CCCCC(C(=O)OCC)n1nnc2ccccc21,3.3013743979891252
Oc1cccc2ccccc12,2.7757258744260405
CCC(C)C(N)C(=O)NC(C(=O)O)C(C)CC,-2.2179127711029856
O=C(O)Cc1ccc(Cl)cc1,2.220332161641192
O=CC(=C(Cl)C(=O)O)C(Cl)Cl,1.8661042522953701
Fc1cccc(F)c1N=C1NCCN1,0.7082631592989983
COc1cc(N=Nc2c(Br)cc([N+](=O)[O-])cc2[N+](=O)[O-])c(NC(C)=O)c(N(CCOC(C)=O)CCOC(C)=O)c1,3.7601233529286513
Cc1cc(Cl)c(N=C2NCCN2)c(Cl)c1,2.0059548748939107
O=C(O)Cc1ccc(O)c(O)c1,0.408019464616167
COc1ccc(COC(C(=O)O)c2ccccc2)cc1Cl,2.738170946742187
CCCCCCCCCNCc1ccc(C)cc1,6.148561553657267
NC(=O)C(CCCN1CC2CCC(CC2)C1)(c1ccccc1)c1ccccn1,3.8329392729140483
CNc1c(Cl)cccc1Cl,2.365086743691994
CC(=O)Nc1n[nH]c(C)cc1=O,-0.3359834756324842
CCCCCCCCCO,3.531546159870764
CCCCN(C)CC(=O)Nc1c(C)cccc1C,2.881129705560489
CSc1ccc2c(c1)C(c1ccccc1)=NCC(=O)N2C,2.755941239961626
CC(Cl)(Cl)Cl,2.387955354861333
Clc1ccc(-c2ccc(Cl)c(Cl)c2)cc1Cl,6.559703697879721
Cc1cccc(C)c1-c1cnc[nH]1,2.6502261193669123
CCN(CC)C(=O)COC(=O)Cc1ccc2cc(OC)ccc2c1,2.7775607722190268
O=c1cc(-c2ccccc2Cl)oc2ccccc12,3.8363475548561805
CCCNC(=O)c1n[nH]c(C)c1[N+](=O)[O-],0.577885809904815
CNNCc1ccc(C(=O)NC(C)C)cc1,0.5521221958631479
CS(=O)c1ccsc1,0.4735172504008138
COc1cc(C2c3cc4c(cc3C(O)C3COC(=O)C23)OCO4)cc(OC)c1OC,2.207416467309888
CCN(CC)C(=O)COC(=O)c1cc(S(N)(=O)=O)c(Cl)cc1NCc1ccco1,1.9810275994023612
COc1ccc(S(C)(=O)=O)cc1CNC1CCCNC1c1ccccc1,1.6522016942283395
Nc1ccc(S(=O)(=O)c2ccc(N)cc2N)cc1,0.6559906009929233
CCOc1ccc(C(C)(C)COCc2cccc(Oc3ccccc3)c2)cc1,6.157983451302739
Clc1cncc(Cl)c1,2.28849748734275
Cc1cnc(C)c(C)n1,0.8172125098563114
NC(CS)C(=O)O,-2.498982538110662
O=C(O)Cc1ccccc1,1.4338092377093234
Cc1cc[nH]c(=O)n1,-0.7083325051226974
Clc1cc(Cl)c2c(c1Cl)Oc1ccccc1O2,5.9236376005527545
NS(=O)(=O)c1cc2c(cc1Cl)NC(C(Cl)(Cl)Cl)NS2(=O)=O,1.4644609022750539
Cc1ccc(S(=O)(=O)NC(=O)C(C)C)c([N+](=O)[O-])c1,2.1045822037797164
CC(=O)NC(Cc1ccc(O)cc1)C(N)=O,-0.2025163223863773
CCOP(=S)(OCC)SC(CCl)N1C(=O)c2ccccc2C1=O,4.255697698531438
CCOCc1ccccc1NC(=O)OCCN1CCCCC1,3.069297213498013
COC(=O)C(C)=CC1C(C(=O)OCc2cccc(C#N)c2)C1(C)C,4.131231799160496
COc1ccc(C(=O)CCCC(=O)O)cc1Cl,1.9936369600713157
COc1ccc2c(c1)OCC2NC(=O)CN1CCCC1,1.812491150653194
CCOC(=O)Cn1ccnc1C=Cc1ccc([N+](=O)[O-])o1,1.5280454233084706
C=C1C(=O)OC2CC(C)C3C=CC(=O)C3(C)C(OC(=O)CC(=O)OC3C4C(=C)C(=O)OC4CC(C)C4C=CC(=O)C43C)C12,0.7971419639737036
Cc1cccc(C)c1Cc1cn[nH]c1,2.9764830151446637
CC(NC(=O)C(NC(=O)C(N)Cc1ccccc1)C(C)C)C(=O)O,-1.882498704423348
CC(C)CC(NC(=O)C(N)Cc1c[nH]c2ccccc12)C(=O)NC(CC(C)C)C(=O)NC(C(=O)O)C(C)C,0.022447930613270106
CCOC(=O)C=COc1ccccc1,3.102346612905687
CCCCCCCSC1OC(CO)C(O)C(O)C1O,1.812616270935727
O=P(O)(Oc1ccc(Cl)cc1)Oc1ccc(Cl)cc1,2.4163663724871727
[N-]=[N+]=CC(=O)NCC(=O)NCCO,-1.2391847254155306
CC(=O)OCC(COC(C)=O)OC(C)=O,-0.09439039671346006
c1ccc2cc3ccccc3cc2c1,4.586336772230663
COc1ccc(C2Cc3ccccc3N(CCN(C)C)C(=O)C2C)cc1,4.104148091256542
O=C(NC(CO)C(O)c1ccc([N+](=O)[O-])cc1)C(Cl)Cl,0.9166858302063061
COc1c(O)cc(C)c(O)c1OC,1.2293119944255115
CC1CN(N=O)C(C)CN1N=O,0.1965842131695068
Fc1cccc(N=C2NCCN2)c1Cl,1.4639386374178214
CCOP(=O)(OCC)SCS(=O)(=O)C(C)(C)C,1.3942027186071524
CC12CCC(=O)C=C1CCC1C2C(O)CC2(C)C1CCC2(O)C(=O)COC(=O)CCCCCO,2.8399025316213646
O=C1c2ccccc2C(=O)N1CCCCBr,2.961103268137225
COc1ccc(Cn2cncn2)cc1,1.0474704263786319
Clc1ccc(Oc2ccc(Cl)cc2)cc1,5.179415733846744
CC1OC(OC2C(Oc3cc(O)c4c(c3)OC(c3ccc(O)cc3)CC4=O)OC(CO)C(O)C2O)C(O)C(O)C1O,0.22159955618527438
NCCCN1c2ccccc2Sc2ccc(Cl)cc21,4.343184631963062
CC(=O)Oc1ccccc1C(=O)OCS(C)=O,0.9634045183694935
Cc1ccccc1C(C)C,4.170649235511435
Cc1ccc(-n2cc(C(=O)O)c(=O)c3cc(F)c(N4CCNCC4)cc32)cc1,0.2811992889388468
CCC(=O)n1ncc2c(O)ncnc21,0.12801252565371968
C1COCCO1,-0.3820922194368599
Clc1cc(Cl)c(-c2ccccc2)c(Cl)c1,5.760102368789937
O=S(c1ccccc1)c1ccccc1,2.4511734736049204
CC(C)N(C)N=Nc1ccc(C(N)=O)cc1,2.30447120851407
CCOC(=O)C(=Cc1cccc(OC)c1OC)C(C)=O,1.994616492590045
CC(=Cc1ccccc1)[N+](=O)[O-],2.4069894582381615
O=C(NCCCO)C(F)(F)Cn1ccnc1[N+](=O)[O-],-0.6184258352847589
CCCCOC(=O)N(CCCC)SN(C)C(=O)ON=C(C)SC,4.206019908878929
COc1ccc(Cc2cnc(N)nc2N)c(OC)c1OC,1.1245848203141198
CC(=O)OCCNc1ccc(-c2ccncc2)c(C)n1,1.8039825902257232
COC(=O)C(C)N(C(=O)c1ccco1)c1c(C)cccc1C,2.641538714539947
ClC1=C(Cl)C2(Cl)C3C4C=CC(C4)C3C1(Cl)C2(Cl)Cl,6.279761892261304
O=Nc1c(Br)cc2ccccc2c1O,3.6116611532956986
CCNC(=O)COC(=O)c1ccccc1OC(C)=O,0.8086534656412854
O=S(=O)(Nc1ccc(-c2ccccc2)cc1)C(F)(F)F,4.736925063628616
CC1=C(N2CC2)C(=O)C(CCO)=C(N2CC2)C1=O,-0.04434620477112272
Cc1cnc(NS(=O)(=O)c2ccc(N)cc2)c(Br)c1,1.2035981562002689
COc1cccc(N(C)C(=S)Oc2cccc(C(C)(C)C)c2)n1,5.232976908529444
NC(=O)NCCCCCCn1nc(-c2ccccc2)ccc1=O,1.997723260519448
O=[N+]([O-])c1ccccn1,0.2500834131486065
Cc1cccc(C)c1OC(=O)c1ccc(N)cc1O,3.69946416860755
COC(=O)c1ccc2[nH]ccc2c1,2.458640826336309
O=[N+]([O-])c1cccc(O)c1,1.7714724197527616
N#Cc1ccc(C[Se]CCC(=O)O)cc1,1.3637293538477389
CC(C)C(NC(=O)C(N)Cc1ccccc1)C(=O)NCC(=O)O,-2.070796370130297
C=C1C(=O)OC2C=C(C)C3(O)C=CC(C)(CC(OC(=O)C(=CC)COC(C)=O)C12)O3,0.9063260341905237
S=c1ccss1,1.5022043681169617
CCCOCCN(C(=O)CCl)c1c(CC)cccc1CC,3.965132187043417
COc1ccc(S(I)=C(N(C)C)N(C)C)cc1,-0.7467539894706059
O=C1CN=C(c2c(F)cccc2F)c2ccc(Cl)cc2N1,2.789321479724637
O=C1C=C(N2CC2)C(=O)C=C1N1CC1,-0.05497579224704374
CCOC(=O)c1c(OCC)cc(Cc2cnc(N)nc2N)cc1OCC,2.270832028309982
CCCN(CCCCC(NC(C)=O)C(=O)NCc1ccccc1)C(=O)N(C)N=O,1.5455192944613905
CCOc1ccc(N)cc1,1.2841966939075156
CC(=O)Oc1ccc(C(C)=O)cc1,1.386406758352454
COC1CC(OC2CCC3(C)C(CCC4C3CCC3(C)C(C5=CC(=O)OC5)C(OC(C)=O)CC43O)C2)OC(C)C1=O,2.5469965764936746
NC1=NCC(CN2CCN(c3ccccn3)CC2)O1,0.6758596473998522
Cn1cnc([N+](=O)[O-])c1,-0.24171483227995783
ClCC1(C(Cl)Cl)C2C(Cl)CC1(C(Cl)Cl)C(Cl)C2Cl,5.921403461501335
CN=C(NC)N[N+](=O)[O-],-0.17459982259537554
O=C(O)Cc1cccc(I)c1,2.7685062571311017
CC12CCC(=O)C=C1CCC1C2CCC2(C)C(O)CCC12,3.7783209339551647
CCNC(=O)C(NC(=O)CNC(=O)c1ccccc1)C(C)C,0.5853892147045547
CCCCN(SN(C)C(=O)ON=C(C)SC)C(=O)c1ccccc1,3.569027458557018
CCN(CC)c1ccc(NC(=O)N(C)OC)cc1,2.2143496966676035
NC(=O)CBr,-0.5793926638798705
CCCCCCCCCCCCCCCCCC[n+]1ccccc1,3.3640383387152784
CCN(CC)C(=O)c1ccc(C)cc1,2.0813693442008243
NS(=O)(=O)c1ccccc1[N+](=O)[O-],0.5132879098866865
CC1N=C(c2ccccc2Cl)c2cc([N+](=O)[O-])ccc2NC1=O,2.574776601234392
O=c1cc(-c2ccccc2)oc2cc(O)cc(O)c12,3.39102859442997
CCCN1CCOC2c3cc(O)ccc3CCC21,2.352276496214685
O=C(NN=Cc1ccccc1O)c1ccco1,2.774481370096794
CN(C)C(=O)Nc1ccc(Oc2ccc(Cl)cc2)cc1,3.555131074446482
CN(c1nc2ccccc2s1)C1CCN(CCCCOc2ccc(F)cc2)CC1,5.558793718560449
O=C(NN=Cc1ccc[nH]1)Nc1ccccc1,2.5453244031421285
NC(=O)NC1OC(=O)c2ccccc21,0.6166598638758436
CS(=O)(=O)c1ccc(N)cc1,-0.23346206726796348
Cc1ccc2nc(N)[nH]c2c1,1.6494398988472305
CCCC(C)=O,0.7389440140590433
CCCCOc1cccc(C=C(C(=O)OCC)C(=O)OCC)c1,4.340841138601599
COc1ccc2cc(C(C)C(=O)OCCCOC(C)=O)ccc2c1,3.4321432009593034
O=C(O)c1ccc2c(c1)OCCOCCOCCOCCOCCO2,0.936399122964467
CC(C)CC(N)C(=O)NC(CC(C)C)C(=O)O,-1.8558837823265968
CCN1CC(C(O)C(CC2CCCCC2)NC(=O)C(Cc2c[nH]cn2)NC(=O)C(Cc2ccc(OC)cc2)NC(=O)C(C)C)OC1=O,2.7624051797634515
Clc1ccc(Oc2cc(Cl)ccc2Cl)cc1,5.442961363751216
CN=C(O)C(=NOC)c1ccccc1Oc1ccccc1,3.1937828271419813
NNC(=O)Nc1ccc(C(=O)O)cc1,0.2805587384434589
Clc1cnccn1,0.7937904286406685
CC1=Nc2cc(Br)ccc2S(=O)(=O)N1,1.3765166739522745
CC(C)NCC(O)COc1ccc(CCOCC2CC2)cc1,3.3808160564093868
O=C(NC(CO)C(O)c1ccc(-c2ccccc2)cc1)C(Cl)Cl,2.5248334313264826
CCOC(=O)C1=C(C)NC(C)=C(C(=O)OC)C1c1cccc(Cl)c1Cl,4.76426059141785
CCOCCOCCO,-0.5619874659266348
CCc1c(C(=O)O)c(=O)cnn1-c1ccc(Cl)cc1,1.6695486207115817
COc1cccc(N)c1,1.0123575634213708
O=P1(NCCCl)OCCCN1CCCl,0.7369985093917049
Clc1cncc(Cl)n1,1.641210796408799
Cc1ccc(CC(=O)O)cc1,1.9551861425733836
Cc1cccc(OCC(=O)NNC(C)C)c1,1.665975136429052
CC(C)=CC1C(C(=O)OCc2ccccc2)C1(C)C,5.934162626138594
CCN(CC)C(=O)Cc1ccccc1,1.6279683870154769
Nc1cc(Cl)c(Cl)c(Cl)c1Cl,4.307261305439029
CC(C)NC(=O)COC(=O)c1ccccc1,1.8309443092579134
O=C1c2cc([N+](=O)[O-])cc([N+](=O)[O-])c2-c2c1cc([N+](=O)[O-])cc2[N+](=O)[O-],2.793210800820464
O=C(O)Cc1ccccc1Nc1c(Cl)cccc1Br,3.6577537771420205
O=[As](O)(O)c1ccccc1,-0.6533451498267326
CN(C)c1cc[n+]([O-])cc1,-1.3089444974073743
O=NN(CCCl)C(=O)NC1CCC(O)CC1,1.1135272915193108
CCCCOC(=O)c1ccccc1C(=O)OCCCC,4.961065456069326
CCCC[n+]1ccccc1,-2.94613710430099
CC12CC(O)C3C(CCC4(O)CC(O)CC(O)C34CO)C1(O)CCC2C1=CC(=O)OC1,-1.1921277359704736
CN(C)C(=S)NN,-0.9791741587449141
COc1ccc(O)c([N+](=O)[O-])c1,1.8257243564218162
c1ccc(-c2ncnc3ccccc23)cc1,2.96778564426255
CCCC(=O)CC(=O)CCC,1.9387247314041884
O=C(O)COc1cc(F)cc(I)c1,2.776451000241896
N#CSCc1ccccc1,2.1333281870542136
CC(=O)NC(Cc1ccccc1)C(=O)NC(CCCCN)C(N)=O,-0.5194390544795517
CC(=O)Nc1c(F)c(F)c(F)c(F)c1F,1.272828747001526
CN(C)c1ccc(C=NNC(=N)N)cc1,0.7785351756336087
O=C(O)C(Cc1ccc(F)cc1)n1cccc1,1.6749384321597443
O=C1C(NCCO)=C(N2CC2)C(=O)C(NCCO)=C1N1CC1,-1.3651841991743425
Nc1ccccc1C(c1ccc(O)cc1)c1ccc(O)cc1,3.2949186815442806
CN(C)C(=O)Oc1cccc(F)c1,1.7030775888713712
CN1CCCC1c1cccnc1,0.46813536278338397
OCCCCCc1ccncc1,1.1170557107164014
O=C1Nc2ccc(Cl)cc2C(c2ccccc2Cl)=NC1O,2.2385413697320455
CCOC(=O)COc1cccc2ccccc12,3.15131719385788
CCOC(=S)NCCn1c([N+](=O)[O-])cnc1C,0.997590156982725
CCOc1cncnc1,0.663432793519511
CCOC(=O)N(C)SN(C)C(=O)ON=C(C)SC,1.7102802148591718
COc1ccc(NC(=O)NN)cc1,0.14476377611940094
ClCCc1ccccc1,2.7883650107269755
CCOC(=O)c1ccc(S(N)(=O)=O)cc1,1.072317925777091
Cc1c(F)c(F)c(COC(=O)C2C(C=C(Cl)C(F)(F)F)C2(C)C)c(F)c1F,5.9148347964314745
CC(C)OC(=O)C1(S(=O)(=O)c2ccc(Cl)cc2)CCCC1,3.298141257212881
CCCCC(=O)N(C)c1ccc(S(=O)(=O)N(C)C)cc1,1.711520498591293
CC1CC2C3CCC4=CC(=O)C=CC4(C)C3(F)C(O)CC2(C)C1(O)C(=O)COC(=O)CC1CCCCC1,4.592241251461232
c1ccc2c(N3CCCCC3)ncnc2c1,3.239078711169605
C1SCC2=NOS3=C2C1=NO3,0.4690732611536925
Cc1cccc([N+](=O)[O-])c1,2.501596511791193
CC1(CCl)C2CC(Cl)(Cl)C1(C(Cl)Cl)CC2(Cl)Cl,5.729060121997296
S=C=NC(c1ccccc1)c1ccccc1,5.200366451222844
O=C1C[N+]([O-])=C(c2ccccc2)c2cc(Cl)ccc2N1CCO,1.3739415651124158
CC(C)C(=O)Nc1ccccc1S(N)(=O)=O,0.9899965675527895
CCCC(CC)C(=O)O,1.9780020167008956
Cc1n[nH]c(C(=O)NC2CC2)c1[N+](=O)[O-],0.30974239763989186
OC(Cn1ccnc1)c1ccc(CCc2ccccc2)cc1,3.0751266477887214
CCNc1ncnc2c1ncn2C1OC(CO)C(O)C1O,-0.09701903906266773
O=C1OC(c2ccc(O)cc2)(c2ccc(O)cc2)c2ccccc21,3.2239109198268534
Cc1ccc(NC(=O)CN2CCCCC2)cc1,3.130407212051458
O=[N+]([O-])c1cccc(Cl)c1Cl,3.11357862935457
Cc1ncc([N+](=O)[O-])n1CCc1ccncc1,0.7352082137799567
O=[N+]([O-])c1ccc2nc(C(F)(F)F)[nH]c2c1,2.2686346356832154
O=[N+]([O-])c1cccc2cccc([N+](=O)[O-])c12,2.508001499381553
CCCN1C(=O)C(=O)c2ccccc2C1=O,1.7987089949616413
Nc1nc(N)c2ncn(C3CC(O)C(CO)O3)c2n1,-1.0104745427036947
O=NN(CC(F)(F)F)CC(F)(F)F,1.5875686407206029
Cc1onc(-c2ccccc2Cl)c1C(=O)NC1C(=O)N2C1S(=O)C(C)(C)C2C(=O)O,2.264451452108804
N#CC(C#N)=NNc1cccc(Cl)c1Cl,3.8316245160649025
CCOC(N)=O,-0.5570588976701649
CCc1c(O)c(=O)ccn1CC,0.2908205076872894
Clc1cccc(N2CCN(CCCOn3nnc4ccccc43)CC2)c1,4.164004763071265
CC(C)(CCC(=O)O)C(=O)O,0.395290034766401
CCNOc1c([N+](=O)[O-])cc([N+](=O)[O-])cc1[N+](=O)[O-],1.086427899331846
N#Cc1ccc(NS(=O)(=O)c2ccc(N)cc2)cc1,1.4388310947771012
Cc1ccc(Cl)c(Cl)c1,3.8592450839232453
CCOC(=O)c1c[nH]cc1C,2.0750665886628585
COc1ccc(-c2nc3ncccc3[nH]2)c(OC)c1,2.156051936438335
ClC(Cl)C(Cl)C(Cl)Cl,3.172344372116103
COC(=O)c1cccc([N+](=O)[O-])c1,2.110470304370472
CCN1CC(C(O)C(CC2CCCCC2)NC(=O)C(Cc2cscn2)NC(=O)C(CC(=O)N2CCOCC2)c2ccccc2)OC1=O,2.4496126150988577
CCC(=O)C(CS(=O)(=O)c1ccc(C)cc1)c1ccc(C)cc1,3.0531806319214025
CCOP(=O)(OCC)Oc1ccc(SC)cc1,2.4980009170256565
CN(Cc1ccccc1)N=Nc1ccc(C(N)=O)cc1,3.115375569003084
CC(=O)c1cccc([N+](=O)[O-])c1,1.6633313816191686
N#CCc1cccs1,1.436061892928778
CC1(C)SC2C(NC(=O)Cc3ccccc3)C(=O)N2C1C(=O)O,1.942174157360881
CC(=O)OCC=C(C)CCC=C(C)C,4.3821114987797
Cc1cc[n+]([O-])cc1,-0.841167930282892
CC(=O)OCCBr,1.0953312353536944
Cc1ccc(Nc2c([N+](=O)[O-])c(C)nn2-c2ccccc2)cc1,3.9236463858042923
COc1ccc(OC)c(C=O)c1,1.813835424452561
C#CCC(O)(c1cccnc1)c1ccc(Cl)c(Cl)c1,2.768165995313793
CCCC(CO)n1cnc2c(N)ncnc21,0.5260234391800409
Cc1cc(O)cc(Br)c1O,2.4139468539181292
CCC(C)C(NC(=O)C(NC(=O)C(N)CC(C)C)C(C)CC)C(=O)O,-1.1099135536835063
CNC12CCC(CN)CC1Cc1ccccc12,1.8465832009288705
CCCCOCCO,0.7488760865932089
C=CCN1CCC23c4c5ccc(O)c4OC2C(O)C=CC3C1C5,1.7590170836492365
OCc1ccc2c(c1)OCO2,1.124139343094916
CCCn1c(=O)[nH]c(=O)c2[nH]cnc21,0.5679946907775981
CC(=O)Nc1nc(NCC(O)CO)c(Cl)nc1[N+](=O)[O-],-0.3887107692417806
CCC(C)C(N)C(=O)N1CCCC1C(=O)O,-2.2859930177353873
COc1cc(Cl)c(Nc2ccccc2CC(=O)O)c(Cl)c1,3.7483076415121124
CN(C)C(=O)C=Cc1ccccc1,1.5690809549084295
O=C1CCCN1Cc1ccccc1,1.3483987836042295
CCC(CC)(C(=O)NC(N)=O)C(=O)OCC(=O)OC,0.6868300412862594
Cc1ccnnc1,-0.24167039347667263
OC1C2CC3C1C3C2O,-0.5907901277360814
COc1cc(C)n(-c2nc(C)cc(C)n2)n1,1.8886558693909097
CC(=O)NC(C(=O)NC(CCC(N)=O)C(N)=O)C(C)C,-1.783326979775059
O=C(Cc1ccccc1)Nc1cccc(F)c1,3.128173835430487
NS(=O)(=O)NS(=O)(=O)Nc1ccccc1,0.34066156637441547
CNc1cnn(-c2cccc(C(F)(F)F)c2)c(=O)c1Cl,2.6266438732977635
CNC12CCCCC1CSc1ccccc12,3.139849586400406
CCC(CC)(C(=O)NC(N)=O)C(=O)OC(C)C,1.6793672000275541
O=C(c1ccccc1)n1ncc2c(=O)[nH]cnc21,0.7293593919721293
C#CCOc1c(Cl)cc(NC=NOCCCC)cc1Cl,4.259135606342426
CCOc1cncc(C(N)=O)n1,0.7605357176050733
OCc1c(Cl)cccc1Cl,2.234825079503543
CC(C)(C)c1cccc(C(C)(C)C)n1,4.461863030717964
Nc1ccc(S(=O)(=O)Nc2ccc(S(N)(=O)=O)cc2)cc1,0.36566111618803543
NC(=S)NN=Cc1cccc(O)c1,1.8601856817163331
Cc1ccc(O)c([N+](=O)[O-])c1,2.150136531307142
COC(=O)c1cccc(C)c1,2.65992156616545
Cc1ccc(-n2ccc(=O)c(O)c2C)cc1,1.2397110011500747
O=c1nc(N=CN2CCCCC2)ccn1C1OC(CO)C(O)C1O,-0.5513622351961338
CNCCNC,-0.985295603897403
O=[N+]([O-])c1ccc2[nH]ncc2c1,1.6739281301264857
CC1CCCC2C1N2CC(O)Cn1ccnc1,1.794358403444463
CN1C(=O)CN=C(c2ccccc2F)c2cc(I)ccc21,3.309261958816281
CCC(C(=O)Oc1ccccc1)C(C)C,4.266716779047915
CCOC(=O)N(C)C,0.8114911228520214
CNc1nc(NC(C)C)nc(SC)n1,2.6027368318575475
CSC(=NOC(=O)N(C)COC1OC(C(=O)O)C(O)C(O)C1O)C(=O)N(C)C,-1.166590672690651
C#CC1(O)CCCCC1,1.3273626195585777
Cc1ccc(OC(=O)CNC(=O)c2ccccc2)c(C)c1,3.15694850515061
OC(Cn1ccnc1)(c1ccc(Cl)cc1)c1ccc(-c2ccncc2)cc1,3.49559865340965
CCOC(=O)c1ccc(N=NN(C)C(=O)OCOC(=O)C(C)NC(C)=O)cc1,2.506318652003728
COc1cc(Cl)c(Cl)c(Cl)c1O,3.692022302836869
CCn1c2ccccc2c2ccccc21,5.337095499764968
CSc1ccc(O)cc1,2.214821450507622
CCOP(=S)(OCC)SCS(=O)(=O)CC,2.3141921967326327
CCN(CC)CCNC(=O)c1cc(F)cc(Cl)c1OC,3.098679213529696
CNC(=O)N(CCCCC(NC(C)=O)C(=O)NCc1ccccc1)Cc1ccccc1,1.9236398543727127
COc1cc(CC(=O)O)ccc1OCc1ccccc1,2.779979528357622
CC(C)NCC(O)COc1cccc2[nH]c3ccccc3c12,3.147066208432869
Cc1cccc(OCC2CN=C(N)O2)c1,1.7112995571391771
CCCN1C(=O)CC2CCC(C)C3CCC4(C)OOC23C1O4,3.664272121802279
COC(=O)CON=C(C)c1cc(Oc2ccc(C(F)(F)F)cc2Cl)ccc1[N+](=O)[O-],4.444661728450388
O=C(O)CCCc1ccccc1,1.9983157234372617
NNC(=O)c1ccccc1,0.2979230919083815
CN(Cc1ccc([N+](=O)[O-])cc1)N=O,1.2275665732915904
CCCN(CCC)C(=O)COC(=O)c1ccccc1OC(C)=O,2.3689297199084143
Cc1nc2ccccn2c(=O)c1C,1.0123745547285092
CCOC(=O)CC(C)=O,0.3449467522509746
COc1ccc(C(=O)N(C)N)cc1,0.49319285731109086
CCc1cc(CC(C#N)C#N)cc(CC)c1O,3.3617909115903277
Cc1cccc(CO)c1,1.5519099864808408
CCC(=O)N(c1ccccc1)C1(C(=O)OC)CCN(CCc2ccccc2)CC1C,3.925542441411113
CC(C)=C1C(=O)OC2CC(C)C3C=CC(=O)C3(C)C(O)C12,1.804972442785166
CC(C)OC(=O)C1(S(=O)(=O)c2ccc([N+](=O)[O-])cc2)CCCCCC1,3.226924698471197
C=C(C)C(=O)OCC(COC(=O)C(=C)C)COC(=O)C(=C)C,2.8538760845851536
CCCNC(C)CC,2.03639764372787
COc1cc(C=O)ccc1OCCOC(=O)c1cccc(Cl)c1,3.5385647678238836
Cc1cccc(F)c1,2.753764119815892
Nc1cccc(NC(=O)Cc2ccccc2)c1,1.9650276152250559
CCC(=O)N(C)SN(C)C(=O)ON=C(C)SC,1.4544093459977425
COC(=O)c1ccccc1OC(C)=O,1.475015009136572
CC(C)=CC1C(C(=O)OCc2coc(Cc3ccccc3)c2)C1(C)C,6.381843922850209
Clc1cc2c(cc1Cl)-c1cc(Cl)c(Cl)cc1-2,7.909022608443113
c1ccc2sc(SN(C3CCCCC3)C3CCCCC3)nc2c1,6.011633837523986
CCOP(=S)(OCC)Oc1cc(Cl)c(Br)cc1Cl,5.738815746341949
CCCOc1ccc(NC(=O)OCCN2CCCCC2)cc1,4.222011560780619
CN(Cc1ccc(F)cc1)N=O,1.4689033122019604
CN(C)CCCN1c2ccccc2Sc2ccc(Cl)cc21,5.330444056532126
CC12CCC3C(CCC4CC(=O)CCC43C)C1CCC2=O,3.2716818709276265
Nc1ncnc2nn[nH]c12,-0.35860173731812184
COc1ccc(C2Cc3cc(C(F)(F)F)ccc3N(CCN(C)C)C(=O)C2OC(C)=O)cc1,4.468401416407156
CN(C)C(=O)Nc1ccc([N+](=O)[O-])cc1,1.339788602089835
CCCOC(=O)CNC(=O)CCCCSc1ncnc2nc[nH]c12,1.3931660310344434
CCC(=O)c1ccc(S(=O)CC)c([N+](=O)[O-])c1,2.321337613207136
CCCC(C)(O)C1CC23C=CC1(OC)C1Oc4c(O)ccc5c4C12CCN(C)C3C5,2.6683408133118087
O=C1N=C(N2CCOCC2)CN1Cc1ccc(I)cc1,1.6606837057384067
CCc1ccccc1OC(C)=O,2.426928784394648
O=C1CC(Sc2ccccc2C(=O)OCc2ccccc2)N1,3.1545934664137834
Cc1nc(NCC(C)O)c(C#N)cc1-c1ccccc1,2.550049184631574
COCCN(C)c1ccc(Nn2c(C)ccc2C)nn1,2.1945063686734825
CC(=O)NN=Cc1c(CO)ccc(C)c1O,1.4535529187667895
O=S(=O)(Nc1ccccc1)C(F)F,2.149915065684093
CCCCCCCCCCCC[n+]1cc(C)cc(C)c1,1.5861347268842176
CCC1(c2ccccc2)C(=O)NC(=O)N(C)C1=O,1.5319389377717643
OC(CNC1CCCC1)CON=C(C1CC1)C1CC1,2.223780348648406
Oc1ccc(Cl)cc1Cc1cc(Cl)ccc1O,4.635430322322338
COc1cccc(C(=O)O)c1,2.0386336003590193
C=C(Cl)Cl,1.800811723679327
COc1cc(CN=O)ccc1OCCOC(=O)COc1ccccc1,2.730678597183951
CCCCCCCCCCNc1cc(-c2nnc(N)[nH]2)ccn1,4.429085927899046
CN1CCN(Cc2cccc(C(=O)OCn3ncc4c(=O)[nH]cnc43)c2)CC1,0.5433810396895622
CCCCC(=O)c1ccc[nH]1,2.6572527872990594
CCOc1cn[nH]c1,0.7503132679886593
CC=CCC(C)C(O)C1C(=O)NC(CC)C(=O)N(C)CC(=O)N(C)C(CC(C)C)C(=O)NC(C(C)C)C(=O)N(C)C(CC(C)C)C(=O)NC(C)C(=O)NC(C)C(=O)N(C)C(CC(C)C)C(=O)N(C)C(CC(C)C)C(=O)N(C)C(C(C)C)C(=O)N1C,1.2115705646444808
COC(=O)NC1=NCC(c2ccccc2Br)N1,1.8860744432701921
CCC1=C(N2CC2)C(=O)C(C)=C(N2CC2)C1=O,1.8521687663946893
CN(C)C(=O)c1ccoc1,-0.12837148612921867
COc1cccc2nc(N)nc(N)c12,1.155629572235377
NCc1ccc([N+](=O)[O-])cc1,1.195807369580757
CCOC(=O)C(=Cc1cccc(OC)c1)C(=O)OCC,3.0555380668682104
O=P(NN=Cc1ccc(F)cc1)(N1CC1)N1CC1,0.2601590404443639
C=CCc1csc(-c2ccc(C(C)C(=O)O)cc2)n1,4.004601904339397
NC1=NC(C(F)(F)F)(C(F)(F)F)NC1(C(F)(F)F)C(F)(F)F,2.9715669180719586
N#CCc1ccc(Cl)cc1,2.188975888807569
Cc1cn(C2C=CC(CO)O2)c(=O)[nH]c1=S,-0.08148353840646116
CSc1ccc(OCc2ncc([N+](=O)[O-])n2C)cc1,2.1077438088383875
Clc1ccccc1CNc1ncnc2nc[nH]c12,2.6701465209104804
NC1=NCC(CN2CCN(c3cccc(Cl)c3)CC2)O1,1.8953664282131708
CSCN1C(=O)CN=C(c2ccccc2)c2cc(Cl)ccc21,3.204014643761049
CC1=Nc2c(C)cccc2S(=O)(=O)N1,0.9125027010912123
CC1=C(N2CC2)C(=O)C(Cl)=C(N2CC2)C1=O,1.0893775248998785
CCCCCCNc1ncnc2c1ncn2C1OC(CO)C(O)C1O,2.1264651421422496
CCOP(=S)(OCC)Oc1ccc(=O)n(-c2ccccc2)n1,3.2806145060624248
CCCC(=O)OCOc1ccccc1C(=O)NCN1CCOCC1,1.6626718248218855
CNC(=O)c1ccccc1N=NN(C)C,1.5817470485716512
COP(=S)(OC)Oc1ccc([N+](=O)[O-])cc1,3.0980308208925518
NS(=O)(=O)c1ccc2c(c1)S(=O)(=O)NC=N2,-0.5867466323117014
O=[N+]([O-])c1cc(Cl)c(N=C2NCCN2)c(Cl)c1,1.7437828519388285
CC1(C)COC(Cn2cncn2)(c2ccc(-n3ccnc3)cc2Cl)OC1,1.932117917582243
CC(C)CN(CC(C)C)N=O,2.3074046052054125
Nc1ccc(C(=O)Oc2cccc(F)c2)c(O)c1,3.2312165283845213
O=S(O)c1ccccc1,-0.10582075399759283
c1ccc2c3c([nH]c2c1)CN1CCNCC1C3,1.8385600908598323
O=C(O)c1cn(-c2cccc([N+](=O)[O-])c2)c2cc(N3CCNCC3)c(F)cc2c1=O,0.013752955941137124
[O-][n+]1ccc(O)c2ccccc21,0.21799326016379972
COCCN(N=Nc1[nH]cnc1C(N)=O)C(C)(C)C,1.183348493621578
NS(=O)(=O)c1nc2ccc(O)cc2s1,0.9096805103267174
CC(=O)Nc1cccc(OC(C)=O)c1,0.8838328110984428
COC(=O)c1cc(=O)[nH]c(=O)[nH]1,-0.26723163669357675
Clc1cccc(-c2ccccc2Cl)c1,5.077329564349689
CCCCCc1ccccc1,4.631245886183619
CCCCc1ccc(NC(=O)CN(CC(=O)O)CC(=O)O)cc1Br,0.5872478023007626
Cn1nnc2ccccc21,0.9584770392993784
CCCCCCCCOC(=O)c1cccnc1,4.489960771118442
CCCCC(=O)c1ccncc1,2.2864490137203735
Cc1cc(C(=O)O)ccc1N,1.1508616589662726
COC(=O)C(C)NP(=O)(OCC1C=CC(n2cc(C)c(=O)[nH]c2=O)O1)Oc1ccc(C#N)cc1,0.7303843163322041
Cc1nc(Cl)c([N+](=O)[O-])n1C,0.8663965713340889
CCCCC(C)n1nnc2ccccc21,3.523102787246641
CCC(=O)C(CS(=O)(=O)c1ccccc1)c1ccccc1,2.215553165900925
CC(C)N(N=O)C(=O)Nc1ccccc1,2.8487644241024044
CN(C)C(=O)Nc1cccc(Cl)c1,1.915140974088972
N#CNc1ccccc1,1.4310623097219606
O=C1CCC(=O)N1c1cccc(Cl)c1,0.9553625109171957
O=S(=O)(NO)c1ccccc1,-0.18228882475001118
CC(=O)Nc1ccc(Oc2ccccc2)cc1,3.0861213305308453
Cc1cc(=O)oc2c(C)c3occc3cc12,2.8927099893463906
CC(=O)Nc1ccnnc1,-0.7759727204676703
CN(C)CCN(C)S(=O)(=O)c1ccc(C(C)(C)[N+](=O)[O-])c([N+](=O)[O-])c1,1.6945747739019228
Cc1ncc(-c2ccccc2)nc1-c1ccccc1,3.9705219168026025
N#Cc1cccc(Cn2ccnc2)c1,1.3465010397585586
Cc1ccc(S(=O)(=O)F)cc1,2.24746077125263
Nc1nc(=O)n(C2CSC(CO)O2)cc1F,-0.619049285554373
CN(C)CC=Cc1ccccc1,2.528128764643599
Clc1ccc2cccc(Cl)c2c1,4.519617137192954
CCSC(=O)N1CCCCCC1,2.6991702875499963
CCc1cc(NC(C)=O)ccc1Br,3.0387647059195224
O=[N+]([O-])c1ccc(-c2ccccc2)cc1,3.7822935233478328
O=C(O)c1cc(O)cc(O)c1,0.8358525183802346
Cc1ccc(S(=O)(=O)Oc2c(C(=O)c3ccc(Cl)cc3Cl)c(C)nn2C)cc1,3.9558895694719793
CCCOC(=O)CCC(=O)OCCC,2.617066385381475
CNc1cnn(-c2ccccc2)c(=O)c1Cl,1.7349239002609473
O=C(O)CCCCc1ccccc1,2.5602617771114753
CCS(=O)(=O)CCn1c([N+](=O)[O-])cnc1C,-0.5009845343918888
CN(C)C(=O)c1cccs1,0.4041496944154128
ClC(Cl)(Cl)C(Cl)(Cl)Cl,4.093180638173294
CCc1cccc(CC)c1O,2.9482093711478505
CNC(=O)COc1cccc(OCC(O)CNC(C)C)c1,0.5721114884436711
Clc1cc(Oc2c(Cl)c(Cl)cc(Cl)c2Cl)c(Cl)c(Cl)c1Cl,7.896391532121205
O=[N+]([O-])c1ccc(F)cc1,2.1721049027243975
CNC(=O)N1C(=O)CN=C(c2ccccc2)c2cc([N+](=O)[O-])ccc21,1.8184781357501558
NC(=O)c1ccc(F)cc1,0.8182912400223241
O=NN1CCCCCCC1,1.3984601846909763
COc1cc(Cc2cnc(N)nc2N)cc(OC)c1C(C)C,2.7014799616751364
Nc1ccc2cc3ccc(N)cc3nc2c1,1.8317037444439517
S=C=Nc1ccc(C=Cc2ccccc2)cc1,4.964751262694717
OC12CC3CC(CC(C3)C1)C2,3.1696850147116837
CN(C)C(=O)Nc1cccc(F)c1,1.349764350996837
COc1c2oc(=O)ccc2cc2ccsc12,2.478290238314748
CCCCC(C#N)(Cn1cncn1)c1ccc(Cl)cc1,3.037400173253952
CS(=O)(=O)OCCCCOS(C)(=O)=O,-0.5903792866429676
CCN(CCO)C(=O)COC(=O)c1ccccc1,1.0630100659429877
CNS(=O)(=O)c1ccc(S(I)=C(N(C)C)N(C)C)cc1,-1.4913032655949356
CCCCc1ccc(CO)cc1,3.1223418960111626
O=C(O)c1cccc(Cl)c1,2.679258926253175
COc1ccccc1NCC(C)=O,1.5120786048556756
Cc1cnc(-c2ccc(C(C)C(=O)O)cc2Cl)s1,3.819108457822085
CCC(=O)OCOC(=O)c1cc(S(N)(=O)=O)c(Cl)cc1NCc1ccco1,2.637686371320873
C=CCOCC(O)Cn1ccnc1[N+](=O)[O-],0.06434871185365765
